fused_multi_tensor is not installed corrected
fused_rounding is not installed corrected
fused_layer_norm is not installed corrected
fused_softmax is not installed corrected
before cli_main
running cli_main
module_parent:  /weka/home/jmatthi2/deep_learning/COMET_matias
module_name:  unimol
2026-04-16 23:43:14 | WARNING | unimol.core.utils | Failed to import --user-dir=/weka/home/jmatthi2/deep_learning/COMET_matias/unimol because the corresponding module name (unimol) already exists. Please rename the directory to something unique and try again.
2026-04-16 23:43:14 | INFO | unicore_cli.train | Namespace(no_progress_bar=False, log_interval=100, log_format='simple', tensorboard_logdir='./logs/tmp/log_InfoMax_Run', seed=1, cpu=False, fp16=True, bf16=False, bf16_sr=False, allreduce_fp32_grad=False, fp16_no_flatten_grads=False, fp16_init_scale=4, fp16_scale_window=256, fp16_scale_tolerance=0.0, min_loss_scale=0.0001, threshold_loss_scale=None, user_dir='../unimol', empty_cache_freq=0, all_gather_list_size=16384, suppress_crashes=False, profile=False, ema_decay=-1.0, loss='np_finetune_contrastive', optimizer='adam', lr_scheduler='polynomial_decay', task='mol_np_finetune', num_workers=8, skip_invalid_size_inputs_valid_test=False, batch_size=16, required_batch_size_multiple=8, data_buffer_size=10, train_subset='train', valid_subset='valid', validate_interval=1, validate_interval_updates=0, validate_after_updates=0, fixed_validation_seed=None, disable_validation=False, batch_size_valid=16, max_valid_steps=None, curriculum=0, train_data_ratio=1.0, distributed_world_size=1, distributed_rank=0, distributed_backend='nccl', distributed_init_method=None, distributed_port=-1, device_id=0, distributed_no_spawn=False, ddp_backend='c10d', bucket_cap_mb=25, fix_batches_to_gpus=False, find_unused_parameters=False, fast_stat_sync=False, broadcast_buffers=False, nprocs_per_node=1, arch='np_unimol', max_epoch=200, max_update=0, stop_time_hours=0, clip_norm=1.0, per_sample_clip_norm=0, update_freq=[1], lr=[0.0001], stop_min_lr=-1, save_dir='./save_demo/save_InfoMax_Run', tmp_save_dir='./tmp_save_demo/save_InfoMax_Run', restore_file='checkpoint_last.pt', finetune_from_model='../ckp/mol_pre_no_h_220816.pt', load_from_ema=False, reset_dataloader=False, reset_lr_scheduler=False, reset_meters=False, reset_optimizer=False, optimizer_overrides='{}', save_interval=1, save_interval_updates=0, keep_interval_updates=-1, keep_last_epochs=10, keep_best_checkpoints=-1, no_save=False, no_epoch_checkpoints=False, no_last_checkpoints=False, no_save_optimizer_state=False, best_checkpoint_metric='valid_spearmanr_coeff', maximize_best_checkpoint_metric=True, patience=20, checkpoint_suffix='', metrics_to_dropped_datasets=None, maximize_metrics_that_drop_datasets=False, subdataset_patience=-1, start_epoch_to_drop_datasets=0, leave_last_subdataset_to_train=False, aux_model='infomax', aux_embed_path=None, load_full_np_model=False, gnn_embed_dim=300, cls_emb_config='multi', cls_head_config='multi', mode='train', full_dataset_task_schema_path='task_schemas/in_house_lnp_master_schema_NPratio_AOvolratio.json', component_types_schema_path='pbae_component_type_schema.json', tasks_schema_path='pbae_task_schema.json', np_prop_schema_path=None, freeze_molecule_encoder=False, epoch_to_freeze_molecule_encoder=1000000, multitask_reg=True, cagrad_c=0.2, contrast_margin_coeff=0.01, percent_noise=0.1, percent_noise_type='normal_proportionate', noise_augment_percent=True, data='./', task_name='processed_data_dirs/demo_in_house_lnp_data_overall_new_full_without_pbae_NPratios_updated_09222023_npratios_09252023gen_fig3dii/fold_V0', classification_head_name='processed_data_dirs/demo_in_house_lnp_data_overall_new_full_without_pbae_NPratios_updated_09222023_npratios_09252023gen_fig3dii/fold_V0', num_classes=1, reg=False, no_shuffle=False, conf_size=11, remove_hydrogen=False, remove_polar_hydrogen=False, max_atoms=256, dict_name='dict.txt', only_polar=0, gnn_embed_path='../3dinfomax/3dinfomax_lipid_embeddings.npy', explanation_save_path='explanations/explanations.pt', input_explanation_schema='input_explanation_schema.json', explanation_save_interval=-1, concat_datasets=True, epoch_to_stop=None, output_cls_rep=False, include_excipients=False, adam_betas='(0.9, 0.99)', adam_eps=1e-06, weight_decay=0.0, force_anneal=None, warmup_updates=0, warmup_ratio=0.06, end_learning_rate=0.0, power=1.0, total_num_update=1000000, pooler_dropout=0.1, loss_sample_dropout=0.0, lnp_encoder_layers=8, lnp_encoder_embed_dim=256, lnp_encoder_ffn_embed_dim=256, lnp_encoder_attention_heads=8, no_seed_provided=False, encoder_layers=15, encoder_embed_dim=512, encoder_ffn_embed_dim=2048, encoder_attention_heads=64, dropout=0.1, emb_dropout=0.1, attention_dropout=0.1, activation_dropout=0.0, max_seq_len=512, activation_fn='gelu', pooler_activation_fn='tanh', post_ln=False, masked_token_loss=-1.0, masked_coord_loss=-1.0, masked_dist_loss=-1.0, x_norm_loss=-1.0, delta_pair_repr_norm_loss=-1.0, percent_embed_dim=128, component_types_embed_dim=128, distributed_num_procs=1)
setup_task in __init__.py, args:  Namespace(no_progress_bar=False, log_interval=100, log_format='simple', tensorboard_logdir='./logs/tmp/log_InfoMax_Run', seed=1, cpu=False, fp16=True, bf16=False, bf16_sr=False, allreduce_fp32_grad=False, fp16_no_flatten_grads=False, fp16_init_scale=4, fp16_scale_window=256, fp16_scale_tolerance=0.0, min_loss_scale=0.0001, threshold_loss_scale=None, user_dir='../unimol', empty_cache_freq=0, all_gather_list_size=16384, suppress_crashes=False, profile=False, ema_decay=-1.0, loss='np_finetune_contrastive', optimizer='adam', lr_scheduler='polynomial_decay', task='mol_np_finetune', num_workers=8, skip_invalid_size_inputs_valid_test=False, batch_size=16, required_batch_size_multiple=8, data_buffer_size=10, train_subset='train', valid_subset='valid', validate_interval=1, validate_interval_updates=0, validate_after_updates=0, fixed_validation_seed=None, disable_validation=False, batch_size_valid=16, max_valid_steps=None, curriculum=0, train_data_ratio=1.0, distributed_world_size=1, distributed_rank=0, distributed_backend='nccl', distributed_init_method=None, distributed_port=-1, device_id=0, distributed_no_spawn=False, ddp_backend='c10d', bucket_cap_mb=25, fix_batches_to_gpus=False, find_unused_parameters=False, fast_stat_sync=False, broadcast_buffers=False, nprocs_per_node=1, arch='np_unimol', max_epoch=200, max_update=0, stop_time_hours=0, clip_norm=1.0, per_sample_clip_norm=0, update_freq=[1], lr=[0.0001], stop_min_lr=-1, save_dir='./save_demo/save_InfoMax_Run', tmp_save_dir='./tmp_save_demo/save_InfoMax_Run', restore_file='checkpoint_last.pt', finetune_from_model='../ckp/mol_pre_no_h_220816.pt', load_from_ema=False, reset_dataloader=False, reset_lr_scheduler=False, reset_meters=False, reset_optimizer=False, optimizer_overrides='{}', save_interval=1, save_interval_updates=0, keep_interval_updates=-1, keep_last_epochs=10, keep_best_checkpoints=-1, no_save=False, no_epoch_checkpoints=False, no_last_checkpoints=False, no_save_optimizer_state=False, best_checkpoint_metric='valid_spearmanr_coeff', maximize_best_checkpoint_metric=True, patience=20, checkpoint_suffix='', metrics_to_dropped_datasets=None, maximize_metrics_that_drop_datasets=False, subdataset_patience=-1, start_epoch_to_drop_datasets=0, leave_last_subdataset_to_train=False, aux_model='infomax', aux_embed_path=None, load_full_np_model=False, gnn_embed_dim=300, cls_emb_config='multi', cls_head_config='multi', mode='train', full_dataset_task_schema_path='task_schemas/in_house_lnp_master_schema_NPratio_AOvolratio.json', component_types_schema_path='pbae_component_type_schema.json', tasks_schema_path='pbae_task_schema.json', np_prop_schema_path=None, freeze_molecule_encoder=False, epoch_to_freeze_molecule_encoder=1000000, multitask_reg=True, cagrad_c=0.2, contrast_margin_coeff=0.01, percent_noise=0.1, percent_noise_type='normal_proportionate', noise_augment_percent=True, data='./', task_name='processed_data_dirs/demo_in_house_lnp_data_overall_new_full_without_pbae_NPratios_updated_09222023_npratios_09252023gen_fig3dii/fold_V0', classification_head_name='processed_data_dirs/demo_in_house_lnp_data_overall_new_full_without_pbae_NPratios_updated_09222023_npratios_09252023gen_fig3dii/fold_V0', num_classes=1, reg=False, no_shuffle=False, conf_size=11, remove_hydrogen=False, remove_polar_hydrogen=False, max_atoms=256, dict_name='dict.txt', only_polar=0, gnn_embed_path='../3dinfomax/3dinfomax_lipid_embeddings.npy', explanation_save_path='explanations/explanations.pt', input_explanation_schema='input_explanation_schema.json', explanation_save_interval=-1, concat_datasets=True, epoch_to_stop=None, output_cls_rep=False, include_excipients=False, adam_betas='(0.9, 0.99)', adam_eps=1e-06, weight_decay=0.0, force_anneal=None, warmup_updates=0, warmup_ratio=0.06, end_learning_rate=0.0, power=1.0, total_num_update=1000000, pooler_dropout=0.1, loss_sample_dropout=0.0, lnp_encoder_layers=8, lnp_encoder_embed_dim=256, lnp_encoder_ffn_embed_dim=256, lnp_encoder_attention_heads=8, no_seed_provided=False, encoder_layers=15, encoder_embed_dim=512, encoder_ffn_embed_dim=2048, encoder_attention_heads=64, dropout=0.1, emb_dropout=0.1, attention_dropout=0.1, activation_dropout=0.0, max_seq_len=512, activation_fn='gelu', pooler_activation_fn='tanh', post_ln=False, masked_token_loss=-1.0, masked_coord_loss=-1.0, masked_dist_loss=-1.0, x_norm_loss=-1.0, delta_pair_repr_norm_loss=-1.0, percent_embed_dim=128, component_types_embed_dim=128, distributed_num_procs=1)
2026-04-16 23:43:14 | INFO | unimol.tasks.unimol_np_finetune | json dictionaries: 1 types
unimol_np_finetune __init__
unicore models>__init__.py's build_model ARCH_MODEL_REGISTRY:  {'np_unimol': <class 'unimol.models.unimol.NPUniMolModel'>, 'unimol': <class 'unimol.models.unimol.UniMolModel'>, 'unimol_base': <class 'unimol.models.unimol.UniMolModel'>, 'mol_confG': <class 'unimol.models.conf_gen.UnimolConfGModel'>, 'docking_pose': <class 'unimol.models.docking_pose.DockingPoseModel'>}
🚀 Initialized 3D Infomax Adapter (256 -> 512)
full_labels_dict:  {'in_house_lnp_B16F10_luc': 1.0, 'in_house_lnp_DC24_luc': 1.0}
unimol.py self.np_prop_schema with full_dataset_task_schema_path:  {'NP_ratio': {'type': 'continuous'}, 'volumetric_ratio': {'type': 'categorical', 'dictionary': ['[PAD]', '1:1', '3:1', 'Others']}}
before embedding init, prop:  volumetric_ratio  self.np_prop_schema:  {'NP_ratio': {'type': 'continuous'}, 'volumetric_ratio': {'type': 'categorical', 'dictionary': ['[PAD]', '1:1', '3:1', 'Others']}}
dropped_datasets:  None
subdataset_names_to_load:  ['in_house_lnp']
len(components_dataset):  312
len(nest_dataset):  312
2026-04-16 23:43:15 | INFO | unicore_cli.train | NPUniMolModel(
  (mol_model): UniMolModel(
    (embed_tokens): Embedding(31, 512, padding_idx=0)
    (encoder): TransformerEncoderWithPair(
      (emb_layer_norm): LayerNorm(torch.Size([512]), eps=1e-05, elementwise_affine=True)
      (final_layer_norm): LayerNorm(torch.Size([512]), eps=1e-05, elementwise_affine=True)
      (layers): ModuleList(
        (0-14): 15 x TransformerEncoderLayer(
          (self_attn): SelfMultiheadAttention(
            (in_proj): Linear(in_features=512, out_features=1536, bias=True)
            (out_proj): Linear(in_features=512, out_features=512, bias=True)
          )
          (self_attn_layer_norm): LayerNorm(torch.Size([512]), eps=1e-05, elementwise_affine=True)
          (fc1): Linear(in_features=512, out_features=2048, bias=True)
          (fc2): Linear(in_features=2048, out_features=512, bias=True)
          (final_layer_norm): LayerNorm(torch.Size([512]), eps=1e-05, elementwise_affine=True)
        )
      )
    )
    (gbf_proj): NonLinearHead(
      (linear1): Linear(in_features=128, out_features=128, bias=True)
      (linear2): Linear(in_features=128, out_features=64, bias=True)
    )
    (gbf): GaussianLayer(
      (means): Embedding(1, 128)
      (stds): Embedding(1, 128)
      (mul): Embedding(961, 1)
      (bias): Embedding(961, 1)
    )
    (classification_heads): ModuleDict()
  )
  (component_type_embed_tokens): ModuleDict(
    (component_types): Embedding(9, 128, padding_idx=0)
  )
  (gbf): GaussianLayer(
    (means): Embedding(1, 128)
    (stds): Embedding(1, 128)
    (mul): Embedding(1, 1)
    (bias): Embedding(1, 1)
  )
  (cls_embeddings): ParameterDict(
      (in_house_lnp_B16F10_luc): Parameter containing: [torch.FloatTensor of size 768]
      (in_house_lnp_DC24_luc): Parameter containing: [torch.FloatTensor of size 768]
  )
  (aux_proj): Linear(in_features=256, out_features=512, bias=True)
  (np_prop_embs): ModuleDict(
    (NP_ratio): GaussianLayer(
      (means): Embedding(1, 768)
      (stds): Embedding(1, 768)
      (mul): Embedding(1, 1)
      (bias): Embedding(1, 1)
    )
    (volumetric_ratio): Embedding(4, 768)
  )
  (lnp_rep_proj): NonLinearHead(
    (linear1): Linear(in_features=768, out_features=512, bias=True)
    (linear2): Linear(in_features=512, out_features=256, bias=True)
  )
  (lnp_encoder): LNPTransformerEncoder(
    (emb_layer_norm): LayerNorm(torch.Size([256]), eps=1e-05, elementwise_affine=True)
    (final_layer_norm): LayerNorm(torch.Size([256]), eps=1e-05, elementwise_affine=True)
    (final_head_layer_norm): LayerNorm(torch.Size([8]), eps=1e-05, elementwise_affine=True)
    (layers): ModuleList(
      (0-7): 8 x TransformerEncoderLayer(
        (self_attn): SelfMultiheadAttention(
          (in_proj): Linear(in_features=256, out_features=768, bias=True)
          (out_proj): Linear(in_features=256, out_features=256, bias=True)
        )
        (self_attn_layer_norm): LayerNorm(torch.Size([256]), eps=1e-05, elementwise_affine=True)
        (fc1): Linear(in_features=256, out_features=256, bias=True)
        (fc2): Linear(in_features=256, out_features=256, bias=True)
        (final_layer_norm): LayerNorm(torch.Size([256]), eps=1e-05, elementwise_affine=True)
      )
    )
  )
  (classification_heads): ModuleDict(
    (in_house_lnp_B16F10_luc): ClassificationHead(
      (dense): Linear(in_features=256, out_features=256, bias=True)
      (dropout): Dropout(p=0.1, inplace=False)
      (out_proj): Linear(in_features=256, out_features=1, bias=True)
    )
    (in_house_lnp_DC24_luc): ClassificationHead(
      (dense): Linear(in_features=256, out_features=256, bias=True)
      (dropout): Dropout(p=0.1, inplace=False)
      (out_proj): Linear(in_features=256, out_features=1, bias=True)
    )
  )
)
2026-04-16 23:43:15 | INFO | unicore_cli.train | task: UniMolNPFinetuneTask
2026-04-16 23:43:15 | INFO | unicore_cli.train | model: NPUniMolModel
2026-04-16 23:43:15 | INFO | unicore_cli.train | loss: NPFinetuneContrastiveLoss
2026-04-16 23:43:15 | INFO | unicore_cli.train | num. model params: 51,294,168 (num. trained: 51,294,168)
2026-04-16 23:43:15 | INFO | unimol.core.utils | ***********************CUDA enviroments for all 1 workers***********************
2026-04-16 23:43:15 | INFO | unimol.core.utils | rank   0: capabilities =  8.0  ; total memory = 79.251 GB ; name = NVIDIA A100-SXM4-80GB                   
2026-04-16 23:43:15 | INFO | unimol.core.utils | ***********************CUDA enviroments for all 1 workers***********************
2026-04-16 23:43:15 | INFO | unicore_cli.train | training on 1 devices (GPUs)
2026-04-16 23:43:15 | INFO | unicore_cli.train | batch size per device = 16
before extra_state, epoch_itr = checkpoint_utils.load_checkpoint
checkpoint_utils load_checkpoint A
2026-04-16 23:43:15 | INFO | unimol.core.checkpoint_utils | loading pretrained model from ../ckp/mol_pre_no_h_220816.pt: optimizer, lr scheduler, meters, dataloader will be reset
checkpoint_utils load_checkpoint B1
2026-04-16 23:43:15 | INFO | unimol.core.trainer | Preparing to load checkpoint ../ckp/mol_pre_no_h_220816.pt
2026-04-16 23:43:15 | WARNING | unimol.core.trainer | Error in loading model state, unexpected_keys ['lm_head.weight', 'lm_head.bias', 'lm_head.dense.weight', 'lm_head.dense.bias', 'lm_head.layer_norm.weight', 'lm_head.layer_norm.bias', 'pair2coord_proj.linear1.weight', 'pair2coord_proj.linear1.bias', 'pair2coord_proj.linear2.weight', 'pair2coord_proj.linear2.bias', 'dist_head.dense.weight', 'dist_head.dense.bias', 'dist_head.layer_norm.weight', 'dist_head.layer_norm.bias', 'dist_head.out_proj.weight', 'dist_head.out_proj.bias', 'encoder.final_head_layer_norm.weight', 'encoder.final_head_layer_norm.bias']
2026-04-16 23:43:15 | INFO | unimol.core.trainer | Loaded checkpoint ../ckp/mol_pre_no_h_220816.pt
checkpoint_utils load_checkpoint B2
2026-04-16 23:43:15 | INFO | unimol.core.trainer | loading train data for epoch 1
get_train_iterator, loading dataset dropped_datasets:  None
dropped_datasets:  None
subdataset_names_to_load:  ['in_house_lnp']
len(components_dataset):  2184
len(nest_dataset):  2184
2026-04-16 23:43:15 | INFO | unimol.core.tasks.unicore_task | get EpochBatchIterator for epoch 1
before trainer.init_total_train_steps(epoch_itr)
after trainer.init_total_train_steps(epoch_itr)
2026-04-16 23:43:17 | INFO | unimol.core.trainer | begin training epoch 1
2026-04-16 23:43:17 | INFO | unicore_cli.train | Start iterating over samples
2026-04-16 23:43:31 | INFO | train_inner | epoch 001:    100 / 137 loss=0.136, loss_in_house_lnp_B16F10_luc=0.063, loss_in_house_lnp_DC24_luc=0.063, ups=8.71, bsz=15.9, num_updates=100, lr=6.03865e-06, gnorm=3.63, clip=100, loss_scale=4, train_wall=12.8, gb_free=76, wall=16
2026-04-16 23:43:35 | INFO | unicore_cli.train | begin validation on "valid" subset
2026-04-16 23:43:35 | INFO | unimol.core.tasks.unicore_task | get EpochBatchIterator for epoch 1
reduce_metrics, task_name:  in_house_lnp_B16F10_luc
reduce_metrics, task_name:  in_house_lnp_DC24_luc
get_valid_stats stats:  OrderedDict([('loss', 0.122), ('loss_in_house_lnp_B16F10_luc', 0.062), ('loss_in_house_lnp_DC24_luc', 0.06), ('in_house_lnp_B16F10_luc_valid_spearmanr_coeff', 0.336), ('in_house_lnp_B16F10_luc_valid_spearmanr_p_val', 0.0), ('in_house_lnp_B16F10_luc_valid_pearsonr_coeff', 0.339), ('in_house_lnp_B16F10_luc_valid_pearsonr_p_val', 0.0), ('in_house_lnp_B16F10_luc_valid_mae', 0.561), ('in_house_lnp_B16F10_luc_valid_mse', 0.344), ('in_house_lnp_B16F10_luc_valid_agg_mae', 0.561), ('in_house_lnp_B16F10_luc_valid_agg_mse', 0.344), ('in_house_lnp_B16F10_luc_valid_contrastive_L', 0.673), ('in_house_lnp_B16F10_luc_valid_agg_rmse', 0.5866), ('in_house_lnp_DC24_luc_valid_spearmanr_coeff', 0.474), ('in_house_lnp_DC24_luc_valid_spearmanr_p_val', 0.0), ('in_house_lnp_DC24_luc_valid_pearsonr_coeff', 0.491), ('in_house_lnp_DC24_luc_valid_pearsonr_p_val', 0.0), ('in_house_lnp_DC24_luc_valid_mae', 0.313), ('in_house_lnp_DC24_luc_valid_mse', 0.127), ('in_house_lnp_DC24_luc_valid_agg_mae', 0.313), ('in_house_lnp_DC24_luc_valid_agg_mse', 0.127), ('in_house_lnp_DC24_luc_valid_contrastive_L', 0.651), ('in_house_lnp_DC24_luc_valid_agg_rmse', 0.356), ('bsz', 312.0), ('num_updates', 137)])
2026-04-16 23:43:37 | INFO | valid | epoch 001 | valid on 'valid' subset | loss 0.122 | loss_in_house_lnp_B16F10_luc 0.062 | loss_in_house_lnp_DC24_luc 0.06 | in_house_lnp_B16F10_luc_valid_spearmanr_coeff 0.336 | in_house_lnp_B16F10_luc_valid_spearmanr_p_val 0 | in_house_lnp_B16F10_luc_valid_pearsonr_coeff 0.339 | in_house_lnp_B16F10_luc_valid_pearsonr_p_val 0 | in_house_lnp_B16F10_luc_valid_mae 0.561 | in_house_lnp_B16F10_luc_valid_mse 0.344 | in_house_lnp_B16F10_luc_valid_agg_mae 0.561 | in_house_lnp_B16F10_luc_valid_agg_mse 0.344 | in_house_lnp_B16F10_luc_valid_contrastive_L 0.673 | in_house_lnp_B16F10_luc_valid_agg_rmse 0.5866 | in_house_lnp_DC24_luc_valid_spearmanr_coeff 0.474 | in_house_lnp_DC24_luc_valid_spearmanr_p_val 0 | in_house_lnp_DC24_luc_valid_pearsonr_coeff 0.491 | in_house_lnp_DC24_luc_valid_pearsonr_p_val 0 | in_house_lnp_DC24_luc_valid_mae 0.313 | in_house_lnp_DC24_luc_valid_mse 0.127 | in_house_lnp_DC24_luc_valid_agg_mae 0.313 | in_house_lnp_DC24_luc_valid_agg_mse 0.127 | in_house_lnp_DC24_luc_valid_contrastive_L 0.651 | in_house_lnp_DC24_luc_valid_agg_rmse 0.356 | bsz 312 | num_updates 137
validate stats:  OrderedDict([('loss', 0.122), ('loss_in_house_lnp_B16F10_luc', 0.062), ('loss_in_house_lnp_DC24_luc', 0.06), ('in_house_lnp_B16F10_luc_valid_spearmanr_coeff', 0.336), ('in_house_lnp_B16F10_luc_valid_spearmanr_p_val', 0.0), ('in_house_lnp_B16F10_luc_valid_pearsonr_coeff', 0.339), ('in_house_lnp_B16F10_luc_valid_pearsonr_p_val', 0.0), ('in_house_lnp_B16F10_luc_valid_mae', 0.561), ('in_house_lnp_B16F10_luc_valid_mse', 0.344), ('in_house_lnp_B16F10_luc_valid_agg_mae', 0.561), ('in_house_lnp_B16F10_luc_valid_agg_mse', 0.344), ('in_house_lnp_B16F10_luc_valid_contrastive_L', 0.673), ('in_house_lnp_B16F10_luc_valid_agg_rmse', 0.5866), ('in_house_lnp_DC24_luc_valid_spearmanr_coeff', 0.474), ('in_house_lnp_DC24_luc_valid_spearmanr_p_val', 0.0), ('in_house_lnp_DC24_luc_valid_pearsonr_coeff', 0.491), ('in_house_lnp_DC24_luc_valid_pearsonr_p_val', 0.0), ('in_house_lnp_DC24_luc_valid_mae', 0.313), ('in_house_lnp_DC24_luc_valid_mse', 0.127), ('in_house_lnp_DC24_luc_valid_agg_mae', 0.313), ('in_house_lnp_DC24_luc_valid_agg_mse', 0.127), ('in_house_lnp_DC24_luc_valid_contrastive_L', 0.651), ('in_house_lnp_DC24_luc_valid_agg_rmse', 0.356), ('bsz', 312.0), ('num_updates', 137)])
2026-04-16 23:43:37 | INFO | unicore_cli.train | averaging ['in_house_lnp_B16F10_luc_valid_spearmanr_coeff', 'in_house_lnp_DC24_luc_valid_spearmanr_coeff'] for valid_spearmanr_coeff
2026-04-16 23:43:37 | INFO | unimol.core.checkpoint_utils | Preparing to save checkpoint for epoch 1 @ 137 updates
2026-04-16 23:43:37 | INFO | unimol.core.trainer | Saving checkpoint to ./tmp_save_demo/save_InfoMax_Run/checkpoint1.pt
2026-04-16 23:43:38 | INFO | unimol.core.trainer | Finished saving checkpoint to ./tmp_save_demo/save_InfoMax_Run/checkpoint1.pt
2026-04-16 23:43:38 | INFO | unimol.core.checkpoint_utils | Saved checkpoint ./tmp_save_demo/save_InfoMax_Run/checkpoint1.pt (epoch 1 @ 137 updates, score 0.405) (writing took 0.7569507829612121 seconds)
2026-04-16 23:43:38 | INFO | unicore_cli.train | end of epoch 1 (average epoch stats below)
2026-04-16 23:43:38 | INFO | unimol.core.checkpoint_utils | copy ./tmp_save_demo/save_InfoMax_Run/checkpoint1.pt to ./save_demo/save_InfoMax_Run/checkpoint1.pt
2026-04-16 23:43:38 | INFO | train | epoch 001 | loss 0.136 | loss_in_house_lnp_B16F10_luc 0.063 | loss_in_house_lnp_DC24_luc 0.062 | ups 7.53 | bsz 15.9 | num_updates 137 | lr 8.27295e-06 | gnorm 3.092 | clip 100 | loss_scale 4 | train_wall 16.85 | epoch_itr_sz 137 | gb_free 76 | wall 23
2026-04-16 23:43:38 | INFO | unimol.core.tasks.unicore_task | get EpochBatchIterator for epoch 2
2026-04-16 23:43:38 | INFO | unimol.core.trainer | begin training epoch 2
2026-04-16 23:43:38 | INFO | unicore_cli.train | Start iterating over samples
2026-04-16 23:43:39 | INFO | unimol.core.checkpoint_utils | copy ./tmp_save_demo/save_InfoMax_Run/checkpoint1.pt to ./save_demo/save_InfoMax_Run/checkpoint_best.pt
2026-04-16 23:43:40 | INFO | unimol.core.checkpoint_utils | copy ./tmp_save_demo/save_InfoMax_Run/checkpoint1.pt to ./save_demo/save_InfoMax_Run/checkpoint_last.pt
2026-04-16 23:43:41 | INFO | unimol.core.checkpoint_utils | removing temp file ./tmp_save_demo/save_InfoMax_Run/checkpoint1.pt ...
2026-04-16 23:43:41 | INFO | unimol.core.checkpoint_utils | finished async ckp saving.
2026-04-16 23:43:47 | INFO | train_inner | epoch 002:     63 / 137 loss=0.131, loss_in_house_lnp_B16F10_luc=0.061, loss_in_house_lnp_DC24_luc=0.059, ups=6.44, bsz=16, num_updates=200, lr=1.20773e-05, gnorm=1.69, clip=100, loss_scale=4, train_wall=11.65, gb_free=76, wall=32
2026-04-16 23:43:55 | INFO | unicore_cli.train | begin validation on "valid" subset
2026-04-16 23:43:55 | INFO | unimol.core.tasks.unicore_task | get EpochBatchIterator for epoch 1
reduce_metrics, task_name:  in_house_lnp_B16F10_luc
reduce_metrics, task_name:  in_house_lnp_DC24_luc
get_valid_stats stats:  OrderedDict([('loss', 0.112), ('loss_in_house_lnp_B16F10_luc', 0.059), ('loss_in_house_lnp_DC24_luc', 0.052), ('in_house_lnp_B16F10_luc_valid_spearmanr_coeff', 0.382), ('in_house_lnp_B16F10_luc_valid_spearmanr_p_val', 0.0), ('in_house_lnp_B16F10_luc_valid_pearsonr_coeff', 0.393), ('in_house_lnp_B16F10_luc_valid_pearsonr_p_val', 0.0), ('in_house_lnp_B16F10_luc_valid_mae', 0.989), ('in_house_lnp_B16F10_luc_valid_mse', 1.162), ('in_house_lnp_B16F10_luc_valid_agg_mae', 0.989), ('in_house_lnp_B16F10_luc_valid_agg_mse', 1.162), ('in_house_lnp_B16F10_luc_valid_contrastive_L', 0.642), ('in_house_lnp_B16F10_luc_valid_agg_rmse', 1.0781), ('in_house_lnp_DC24_luc_valid_spearmanr_coeff', 0.582), ('in_house_lnp_DC24_luc_valid_spearmanr_p_val', 0.0), ('in_house_lnp_DC24_luc_valid_pearsonr_coeff', 0.571), ('in_house_lnp_DC24_luc_valid_pearsonr_p_val', 0.0), ('in_house_lnp_DC24_luc_valid_mae', 0.846), ('in_house_lnp_DC24_luc_valid_mse', 1.006), ('in_house_lnp_DC24_luc_valid_agg_mae', 0.846), ('in_house_lnp_DC24_luc_valid_agg_mse', 1.006), ('in_house_lnp_DC24_luc_valid_contrastive_L', 0.572), ('in_house_lnp_DC24_luc_valid_agg_rmse', 1.0031), ('bsz', 312.0), ('num_updates', 274)])
2026-04-16 23:43:56 | INFO | valid | epoch 002 | valid on 'valid' subset | loss 0.112 | loss_in_house_lnp_B16F10_luc 0.059 | loss_in_house_lnp_DC24_luc 0.052 | in_house_lnp_B16F10_luc_valid_spearmanr_coeff 0.382 | in_house_lnp_B16F10_luc_valid_spearmanr_p_val 0 | in_house_lnp_B16F10_luc_valid_pearsonr_coeff 0.393 | in_house_lnp_B16F10_luc_valid_pearsonr_p_val 0 | in_house_lnp_B16F10_luc_valid_mae 0.989 | in_house_lnp_B16F10_luc_valid_mse 1.162 | in_house_lnp_B16F10_luc_valid_agg_mae 0.989 | in_house_lnp_B16F10_luc_valid_agg_mse 1.162 | in_house_lnp_B16F10_luc_valid_contrastive_L 0.642 | in_house_lnp_B16F10_luc_valid_agg_rmse 1.0781 | in_house_lnp_DC24_luc_valid_spearmanr_coeff 0.582 | in_house_lnp_DC24_luc_valid_spearmanr_p_val 0 | in_house_lnp_DC24_luc_valid_pearsonr_coeff 0.571 | in_house_lnp_DC24_luc_valid_pearsonr_p_val 0 | in_house_lnp_DC24_luc_valid_mae 0.846 | in_house_lnp_DC24_luc_valid_mse 1.006 | in_house_lnp_DC24_luc_valid_agg_mae 0.846 | in_house_lnp_DC24_luc_valid_agg_mse 1.006 | in_house_lnp_DC24_luc_valid_contrastive_L 0.572 | in_house_lnp_DC24_luc_valid_agg_rmse 1.0031 | bsz 312 | num_updates 274
validate stats:  OrderedDict([('loss', 0.112), ('loss_in_house_lnp_B16F10_luc', 0.059), ('loss_in_house_lnp_DC24_luc', 0.052), ('in_house_lnp_B16F10_luc_valid_spearmanr_coeff', 0.382), ('in_house_lnp_B16F10_luc_valid_spearmanr_p_val', 0.0), ('in_house_lnp_B16F10_luc_valid_pearsonr_coeff', 0.393), ('in_house_lnp_B16F10_luc_valid_pearsonr_p_val', 0.0), ('in_house_lnp_B16F10_luc_valid_mae', 0.989), ('in_house_lnp_B16F10_luc_valid_mse', 1.162), ('in_house_lnp_B16F10_luc_valid_agg_mae', 0.989), ('in_house_lnp_B16F10_luc_valid_agg_mse', 1.162), ('in_house_lnp_B16F10_luc_valid_contrastive_L', 0.642), ('in_house_lnp_B16F10_luc_valid_agg_rmse', 1.0781), ('in_house_lnp_DC24_luc_valid_spearmanr_coeff', 0.582), ('in_house_lnp_DC24_luc_valid_spearmanr_p_val', 0.0), ('in_house_lnp_DC24_luc_valid_pearsonr_coeff', 0.571), ('in_house_lnp_DC24_luc_valid_pearsonr_p_val', 0.0), ('in_house_lnp_DC24_luc_valid_mae', 0.846), ('in_house_lnp_DC24_luc_valid_mse', 1.006), ('in_house_lnp_DC24_luc_valid_agg_mae', 0.846), ('in_house_lnp_DC24_luc_valid_agg_mse', 1.006), ('in_house_lnp_DC24_luc_valid_contrastive_L', 0.572), ('in_house_lnp_DC24_luc_valid_agg_rmse', 1.0031), ('bsz', 312.0), ('num_updates', 274)])
2026-04-16 23:43:56 | INFO | unicore_cli.train | averaging ['in_house_lnp_B16F10_luc_valid_spearmanr_coeff', 'in_house_lnp_DC24_luc_valid_spearmanr_coeff'] for valid_spearmanr_coeff
2026-04-16 23:43:56 | INFO | unimol.core.checkpoint_utils | Preparing to save checkpoint for epoch 2 @ 274 updates
2026-04-16 23:43:56 | INFO | unimol.core.trainer | Saving checkpoint to ./tmp_save_demo/save_InfoMax_Run/checkpoint2.pt
2026-04-16 23:43:57 | INFO | unimol.core.trainer | Finished saving checkpoint to ./tmp_save_demo/save_InfoMax_Run/checkpoint2.pt
2026-04-16 23:43:57 | INFO | unimol.core.checkpoint_utils | Saved checkpoint ./tmp_save_demo/save_InfoMax_Run/checkpoint2.pt (epoch 2 @ 274 updates, score 0.482) (writing took 0.7597796149784699 seconds)
2026-04-16 23:43:57 | INFO | unicore_cli.train | end of epoch 2 (average epoch stats below)
2026-04-16 23:43:57 | INFO | unimol.core.checkpoint_utils | copy ./tmp_save_demo/save_InfoMax_Run/checkpoint2.pt to ./save_demo/save_InfoMax_Run/checkpoint2.pt
2026-04-16 23:43:57 | INFO | train | epoch 002 | loss 0.129 | loss_in_house_lnp_B16F10_luc 0.06 | loss_in_house_lnp_DC24_luc 0.057 | ups 7.09 | bsz 15.9 | num_updates 274 | lr 1.65459e-05 | gnorm 2.697 | clip 100 | loss_scale 8 | train_wall 15.64 | epoch_itr_sz 137 | gb_free 76 | wall 42
2026-04-16 23:43:57 | INFO | unimol.core.tasks.unicore_task | get EpochBatchIterator for epoch 3
2026-04-16 23:43:57 | INFO | unimol.core.trainer | begin training epoch 3
2026-04-16 23:43:57 | INFO | unicore_cli.train | Start iterating over samples
2026-04-16 23:43:59 | INFO | unimol.core.checkpoint_utils | copy ./tmp_save_demo/save_InfoMax_Run/checkpoint2.pt to ./save_demo/save_InfoMax_Run/checkpoint_best.pt
2026-04-16 23:43:59 | INFO | unimol.core.checkpoint_utils | copy ./tmp_save_demo/save_InfoMax_Run/checkpoint2.pt to ./save_demo/save_InfoMax_Run/checkpoint_last.pt
2026-04-16 23:44:00 | INFO | unimol.core.checkpoint_utils | removing temp file ./tmp_save_demo/save_InfoMax_Run/checkpoint2.pt ...
2026-04-16 23:44:00 | INFO | unimol.core.checkpoint_utils | finished async ckp saving.
2026-04-16 23:44:02 | INFO | train_inner | epoch 003:     26 / 137 loss=0.128, loss_in_house_lnp_B16F10_luc=0.059, loss_in_house_lnp_DC24_luc=0.055, ups=6.7, bsz=15.9, num_updates=300, lr=1.81159e-05, gnorm=3.954, clip=100, loss_scale=8, train_wall=11.4, gb_free=76, wall=47
2026-04-16 23:44:13 | INFO | train_inner | epoch 003:    126 / 137 loss=0.123, loss_in_house_lnp_B16F10_luc=0.059, loss_in_house_lnp_DC24_luc=0.051, ups=8.87, bsz=15.9, num_updates=400, lr=2.41546e-05, gnorm=5.392, clip=100, loss_scale=8, train_wall=11.05, gb_free=76, wall=58
2026-04-16 23:44:14 | INFO | unicore_cli.train | begin validation on "valid" subset
2026-04-16 23:44:14 | INFO | unimol.core.tasks.unicore_task | get EpochBatchIterator for epoch 1
reduce_metrics, task_name:  in_house_lnp_B16F10_luc
reduce_metrics, task_name:  in_house_lnp_DC24_luc
get_valid_stats stats:  OrderedDict([('loss', 0.097), ('loss_in_house_lnp_B16F10_luc', 0.056), ('loss_in_house_lnp_DC24_luc', 0.041), ('in_house_lnp_B16F10_luc_valid_spearmanr_coeff', 0.487), ('in_house_lnp_B16F10_luc_valid_spearmanr_p_val', 0.0), ('in_house_lnp_B16F10_luc_valid_pearsonr_coeff', 0.495), ('in_house_lnp_B16F10_luc_valid_pearsonr_p_val', 0.0), ('in_house_lnp_B16F10_luc_valid_mae', 0.964), ('in_house_lnp_B16F10_luc_valid_mse', 1.26), ('in_house_lnp_B16F10_luc_valid_agg_mae', 0.964), ('in_house_lnp_B16F10_luc_valid_agg_mse', 1.26), ('in_house_lnp_B16F10_luc_valid_contrastive_L', 0.605), ('in_house_lnp_B16F10_luc_valid_agg_rmse', 1.1224), ('in_house_lnp_DC24_luc_valid_spearmanr_coeff', 0.766), ('in_house_lnp_DC24_luc_valid_spearmanr_p_val', 0.0), ('in_house_lnp_DC24_luc_valid_pearsonr_coeff', 0.783), ('in_house_lnp_DC24_luc_valid_pearsonr_p_val', 0.0), ('in_house_lnp_DC24_luc_valid_mae', 1.369), ('in_house_lnp_DC24_luc_valid_mse', 2.553), ('in_house_lnp_DC24_luc_valid_agg_mae', 1.369), ('in_house_lnp_DC24_luc_valid_agg_mse', 2.553), ('in_house_lnp_DC24_luc_valid_contrastive_L', 0.446), ('in_house_lnp_DC24_luc_valid_agg_rmse', 1.5978), ('bsz', 312.0), ('num_updates', 411)])
2026-04-16 23:44:16 | INFO | valid | epoch 003 | valid on 'valid' subset | loss 0.097 | loss_in_house_lnp_B16F10_luc 0.056 | loss_in_house_lnp_DC24_luc 0.041 | in_house_lnp_B16F10_luc_valid_spearmanr_coeff 0.487 | in_house_lnp_B16F10_luc_valid_spearmanr_p_val 0 | in_house_lnp_B16F10_luc_valid_pearsonr_coeff 0.495 | in_house_lnp_B16F10_luc_valid_pearsonr_p_val 0 | in_house_lnp_B16F10_luc_valid_mae 0.964 | in_house_lnp_B16F10_luc_valid_mse 1.26 | in_house_lnp_B16F10_luc_valid_agg_mae 0.964 | in_house_lnp_B16F10_luc_valid_agg_mse 1.26 | in_house_lnp_B16F10_luc_valid_contrastive_L 0.605 | in_house_lnp_B16F10_luc_valid_agg_rmse 1.1224 | in_house_lnp_DC24_luc_valid_spearmanr_coeff 0.766 | in_house_lnp_DC24_luc_valid_spearmanr_p_val 0 | in_house_lnp_DC24_luc_valid_pearsonr_coeff 0.783 | in_house_lnp_DC24_luc_valid_pearsonr_p_val 0 | in_house_lnp_DC24_luc_valid_mae 1.369 | in_house_lnp_DC24_luc_valid_mse 2.553 | in_house_lnp_DC24_luc_valid_agg_mae 1.369 | in_house_lnp_DC24_luc_valid_agg_mse 2.553 | in_house_lnp_DC24_luc_valid_contrastive_L 0.446 | in_house_lnp_DC24_luc_valid_agg_rmse 1.5978 | bsz 312 | num_updates 411
validate stats:  OrderedDict([('loss', 0.097), ('loss_in_house_lnp_B16F10_luc', 0.056), ('loss_in_house_lnp_DC24_luc', 0.041), ('in_house_lnp_B16F10_luc_valid_spearmanr_coeff', 0.487), ('in_house_lnp_B16F10_luc_valid_spearmanr_p_val', 0.0), ('in_house_lnp_B16F10_luc_valid_pearsonr_coeff', 0.495), ('in_house_lnp_B16F10_luc_valid_pearsonr_p_val', 0.0), ('in_house_lnp_B16F10_luc_valid_mae', 0.964), ('in_house_lnp_B16F10_luc_valid_mse', 1.26), ('in_house_lnp_B16F10_luc_valid_agg_mae', 0.964), ('in_house_lnp_B16F10_luc_valid_agg_mse', 1.26), ('in_house_lnp_B16F10_luc_valid_contrastive_L', 0.605), ('in_house_lnp_B16F10_luc_valid_agg_rmse', 1.1224), ('in_house_lnp_DC24_luc_valid_spearmanr_coeff', 0.766), ('in_house_lnp_DC24_luc_valid_spearmanr_p_val', 0.0), ('in_house_lnp_DC24_luc_valid_pearsonr_coeff', 0.783), ('in_house_lnp_DC24_luc_valid_pearsonr_p_val', 0.0), ('in_house_lnp_DC24_luc_valid_mae', 1.369), ('in_house_lnp_DC24_luc_valid_mse', 2.553), ('in_house_lnp_DC24_luc_valid_agg_mae', 1.369), ('in_house_lnp_DC24_luc_valid_agg_mse', 2.553), ('in_house_lnp_DC24_luc_valid_contrastive_L', 0.446), ('in_house_lnp_DC24_luc_valid_agg_rmse', 1.5978), ('bsz', 312.0), ('num_updates', 411)])
2026-04-16 23:44:16 | INFO | unicore_cli.train | averaging ['in_house_lnp_B16F10_luc_valid_spearmanr_coeff', 'in_house_lnp_DC24_luc_valid_spearmanr_coeff'] for valid_spearmanr_coeff
2026-04-16 23:44:16 | INFO | unimol.core.checkpoint_utils | Preparing to save checkpoint for epoch 3 @ 411 updates
2026-04-16 23:44:16 | INFO | unimol.core.trainer | Saving checkpoint to ./tmp_save_demo/save_InfoMax_Run/checkpoint3.pt
2026-04-16 23:44:16 | INFO | unimol.core.trainer | Finished saving checkpoint to ./tmp_save_demo/save_InfoMax_Run/checkpoint3.pt
2026-04-16 23:44:16 | INFO | unimol.core.checkpoint_utils | Saved checkpoint ./tmp_save_demo/save_InfoMax_Run/checkpoint3.pt (epoch 3 @ 411 updates, score 0.6265000000000001) (writing took 0.7481107249623165 seconds)
2026-04-16 23:44:16 | INFO | unicore_cli.train | end of epoch 3 (average epoch stats below)
2026-04-16 23:44:16 | INFO | unimol.core.checkpoint_utils | copy ./tmp_save_demo/save_InfoMax_Run/checkpoint3.pt to ./save_demo/save_InfoMax_Run/checkpoint3.pt
2026-04-16 23:44:16 | INFO | train | epoch 003 | loss 0.123 | loss_in_house_lnp_B16F10_luc 0.058 | loss_in_house_lnp_DC24_luc 0.051 | ups 7.12 | bsz 15.9 | num_updates 411 | lr 2.48188e-05 | gnorm 5.57 | clip 100 | loss_scale 8 | train_wall 15.54 | epoch_itr_sz 137 | gb_free 76 | wall 61
2026-04-16 23:44:16 | INFO | unimol.core.tasks.unicore_task | get EpochBatchIterator for epoch 4
2026-04-16 23:44:16 | INFO | unimol.core.trainer | begin training epoch 4
2026-04-16 23:44:16 | INFO | unicore_cli.train | Start iterating over samples
2026-04-16 23:44:18 | INFO | unimol.core.checkpoint_utils | copy ./tmp_save_demo/save_InfoMax_Run/checkpoint3.pt to ./save_demo/save_InfoMax_Run/checkpoint_best.pt
2026-04-16 23:44:19 | INFO | unimol.core.checkpoint_utils | copy ./tmp_save_demo/save_InfoMax_Run/checkpoint3.pt to ./save_demo/save_InfoMax_Run/checkpoint_last.pt
2026-04-16 23:44:19 | INFO | unimol.core.checkpoint_utils | removing temp file ./tmp_save_demo/save_InfoMax_Run/checkpoint3.pt ...
2026-04-16 23:44:19 | INFO | unimol.core.checkpoint_utils | finished async ckp saving.
2026-04-16 23:44:28 | INFO | train_inner | epoch 004:     89 / 137 loss=0.104, loss_in_house_lnp_B16F10_luc=0.053, loss_in_house_lnp_DC24_luc=0.039, ups=6.44, bsz=15.9, num_updates=500, lr=3.01932e-05, gnorm=8.792, clip=100, loss_scale=8, train_wall=12, gb_free=76, wall=73
2026-04-16 23:44:34 | INFO | unicore_cli.train | begin validation on "valid" subset
2026-04-16 23:44:34 | INFO | unimol.core.tasks.unicore_task | get EpochBatchIterator for epoch 1
reduce_metrics, task_name:  in_house_lnp_B16F10_luc
reduce_metrics, task_name:  in_house_lnp_DC24_luc
get_valid_stats stats:  OrderedDict([('loss', 0.092), ('loss_in_house_lnp_B16F10_luc', 0.054), ('loss_in_house_lnp_DC24_luc', 0.037), ('in_house_lnp_B16F10_luc_valid_spearmanr_coeff', 0.542), ('in_house_lnp_B16F10_luc_valid_spearmanr_p_val', 0.0), ('in_house_lnp_B16F10_luc_valid_pearsonr_coeff', 0.572), ('in_house_lnp_B16F10_luc_valid_pearsonr_p_val', 0.0), ('in_house_lnp_B16F10_luc_valid_mae', 1.293), ('in_house_lnp_B16F10_luc_valid_mse', 2.253), ('in_house_lnp_B16F10_luc_valid_agg_mae', 1.293), ('in_house_lnp_B16F10_luc_valid_agg_mse', 2.253), ('in_house_lnp_B16F10_luc_valid_contrastive_L', 0.588), ('in_house_lnp_B16F10_luc_valid_agg_rmse', 1.501), ('in_house_lnp_DC24_luc_valid_spearmanr_coeff', 0.806), ('in_house_lnp_DC24_luc_valid_spearmanr_p_val', 0.0), ('in_house_lnp_DC24_luc_valid_pearsonr_coeff', 0.824), ('in_house_lnp_DC24_luc_valid_pearsonr_p_val', 0.0), ('in_house_lnp_DC24_luc_valid_mae', 1.726), ('in_house_lnp_DC24_luc_valid_mse', 3.791), ('in_house_lnp_DC24_luc_valid_agg_mae', 1.726), ('in_house_lnp_DC24_luc_valid_agg_mse', 3.791), ('in_house_lnp_DC24_luc_valid_contrastive_L', 0.416), ('in_house_lnp_DC24_luc_valid_agg_rmse', 1.9471), ('bsz', 312.0), ('num_updates', 548)])
2026-04-16 23:44:36 | INFO | valid | epoch 004 | valid on 'valid' subset | loss 0.092 | loss_in_house_lnp_B16F10_luc 0.054 | loss_in_house_lnp_DC24_luc 0.037 | in_house_lnp_B16F10_luc_valid_spearmanr_coeff 0.542 | in_house_lnp_B16F10_luc_valid_spearmanr_p_val 0 | in_house_lnp_B16F10_luc_valid_pearsonr_coeff 0.572 | in_house_lnp_B16F10_luc_valid_pearsonr_p_val 0 | in_house_lnp_B16F10_luc_valid_mae 1.293 | in_house_lnp_B16F10_luc_valid_mse 2.253 | in_house_lnp_B16F10_luc_valid_agg_mae 1.293 | in_house_lnp_B16F10_luc_valid_agg_mse 2.253 | in_house_lnp_B16F10_luc_valid_contrastive_L 0.588 | in_house_lnp_B16F10_luc_valid_agg_rmse 1.501 | in_house_lnp_DC24_luc_valid_spearmanr_coeff 0.806 | in_house_lnp_DC24_luc_valid_spearmanr_p_val 0 | in_house_lnp_DC24_luc_valid_pearsonr_coeff 0.824 | in_house_lnp_DC24_luc_valid_pearsonr_p_val 0 | in_house_lnp_DC24_luc_valid_mae 1.726 | in_house_lnp_DC24_luc_valid_mse 3.791 | in_house_lnp_DC24_luc_valid_agg_mae 1.726 | in_house_lnp_DC24_luc_valid_agg_mse 3.791 | in_house_lnp_DC24_luc_valid_contrastive_L 0.416 | in_house_lnp_DC24_luc_valid_agg_rmse 1.9471 | bsz 312 | num_updates 548
validate stats:  OrderedDict([('loss', 0.092), ('loss_in_house_lnp_B16F10_luc', 0.054), ('loss_in_house_lnp_DC24_luc', 0.037), ('in_house_lnp_B16F10_luc_valid_spearmanr_coeff', 0.542), ('in_house_lnp_B16F10_luc_valid_spearmanr_p_val', 0.0), ('in_house_lnp_B16F10_luc_valid_pearsonr_coeff', 0.572), ('in_house_lnp_B16F10_luc_valid_pearsonr_p_val', 0.0), ('in_house_lnp_B16F10_luc_valid_mae', 1.293), ('in_house_lnp_B16F10_luc_valid_mse', 2.253), ('in_house_lnp_B16F10_luc_valid_agg_mae', 1.293), ('in_house_lnp_B16F10_luc_valid_agg_mse', 2.253), ('in_house_lnp_B16F10_luc_valid_contrastive_L', 0.588), ('in_house_lnp_B16F10_luc_valid_agg_rmse', 1.501), ('in_house_lnp_DC24_luc_valid_spearmanr_coeff', 0.806), ('in_house_lnp_DC24_luc_valid_spearmanr_p_val', 0.0), ('in_house_lnp_DC24_luc_valid_pearsonr_coeff', 0.824), ('in_house_lnp_DC24_luc_valid_pearsonr_p_val', 0.0), ('in_house_lnp_DC24_luc_valid_mae', 1.726), ('in_house_lnp_DC24_luc_valid_mse', 3.791), ('in_house_lnp_DC24_luc_valid_agg_mae', 1.726), ('in_house_lnp_DC24_luc_valid_agg_mse', 3.791), ('in_house_lnp_DC24_luc_valid_contrastive_L', 0.416), ('in_house_lnp_DC24_luc_valid_agg_rmse', 1.9471), ('bsz', 312.0), ('num_updates', 548)])
2026-04-16 23:44:36 | INFO | unicore_cli.train | averaging ['in_house_lnp_B16F10_luc_valid_spearmanr_coeff', 'in_house_lnp_DC24_luc_valid_spearmanr_coeff'] for valid_spearmanr_coeff
2026-04-16 23:44:36 | INFO | unimol.core.checkpoint_utils | Preparing to save checkpoint for epoch 4 @ 548 updates
2026-04-16 23:44:36 | INFO | unimol.core.trainer | Saving checkpoint to ./tmp_save_demo/save_InfoMax_Run/checkpoint4.pt
2026-04-16 23:44:37 | INFO | unimol.core.trainer | Finished saving checkpoint to ./tmp_save_demo/save_InfoMax_Run/checkpoint4.pt
2026-04-16 23:44:37 | INFO | unimol.core.checkpoint_utils | Saved checkpoint ./tmp_save_demo/save_InfoMax_Run/checkpoint4.pt (epoch 4 @ 548 updates, score 0.674) (writing took 0.8537226959597319 seconds)
2026-04-16 23:44:37 | INFO | unimol.core.checkpoint_utils | copy ./tmp_save_demo/save_InfoMax_Run/checkpoint4.pt to ./save_demo/save_InfoMax_Run/checkpoint4.pt
2026-04-16 23:44:37 | INFO | unicore_cli.train | end of epoch 4 (average epoch stats below)
2026-04-16 23:44:37 | INFO | train | epoch 004 | loss 0.101 | loss_in_house_lnp_B16F10_luc 0.053 | loss_in_house_lnp_DC24_luc 0.037 | ups 6.82 | bsz 15.9 | num_updates 548 | lr 3.30918e-05 | gnorm 7.944 | clip 100 | loss_scale 16 | train_wall 16.38 | epoch_itr_sz 137 | gb_free 76 | wall 81
2026-04-16 23:44:37 | INFO | unimol.core.tasks.unicore_task | get EpochBatchIterator for epoch 5
2026-04-16 23:44:37 | INFO | unimol.core.trainer | begin training epoch 5
2026-04-16 23:44:37 | INFO | unicore_cli.train | Start iterating over samples
2026-04-16 23:44:38 | INFO | unimol.core.checkpoint_utils | copy ./tmp_save_demo/save_InfoMax_Run/checkpoint4.pt to ./save_demo/save_InfoMax_Run/checkpoint_best.pt
2026-04-16 23:44:38 | INFO | unimol.core.checkpoint_utils | copy ./tmp_save_demo/save_InfoMax_Run/checkpoint4.pt to ./save_demo/save_InfoMax_Run/checkpoint_last.pt
2026-04-16 23:44:39 | INFO | unimol.core.checkpoint_utils | removing temp file ./tmp_save_demo/save_InfoMax_Run/checkpoint4.pt ...
2026-04-16 23:44:39 | INFO | unimol.core.checkpoint_utils | finished async ckp saving.
2026-04-16 23:44:44 | INFO | train_inner | epoch 005:     52 / 137 loss=0.097, loss_in_house_lnp_B16F10_luc=0.051, loss_in_house_lnp_DC24_luc=0.035, ups=6.31, bsz=16, num_updates=600, lr=3.62319e-05, gnorm=8.166, clip=100, loss_scale=16, train_wall=12.12, gb_free=76, wall=89
2026-04-16 23:44:54 | INFO | unicore_cli.train | begin validation on "valid" subset
2026-04-16 23:44:54 | INFO | unimol.core.tasks.unicore_task | get EpochBatchIterator for epoch 1
reduce_metrics, task_name:  in_house_lnp_B16F10_luc
reduce_metrics, task_name:  in_house_lnp_DC24_luc
get_valid_stats stats:  OrderedDict([('loss', 0.09), ('loss_in_house_lnp_B16F10_luc', 0.053), ('loss_in_house_lnp_DC24_luc', 0.038), ('in_house_lnp_B16F10_luc_valid_spearmanr_coeff', 0.576), ('in_house_lnp_B16F10_luc_valid_spearmanr_p_val', 0.0), ('in_house_lnp_B16F10_luc_valid_pearsonr_coeff', 0.562), ('in_house_lnp_B16F10_luc_valid_pearsonr_p_val', 0.0), ('in_house_lnp_B16F10_luc_valid_mae', 1.851), ('in_house_lnp_B16F10_luc_valid_mse', 3.717), ('in_house_lnp_B16F10_luc_valid_agg_mae', 1.851), ('in_house_lnp_B16F10_luc_valid_agg_mse', 3.717), ('in_house_lnp_B16F10_luc_valid_contrastive_L', 0.576), ('in_house_lnp_B16F10_luc_valid_agg_rmse', 1.9279), ('in_house_lnp_DC24_luc_valid_spearmanr_coeff', 0.793), ('in_house_lnp_DC24_luc_valid_spearmanr_p_val', 0.0), ('in_house_lnp_DC24_luc_valid_pearsonr_coeff', 0.83), ('in_house_lnp_DC24_luc_valid_pearsonr_p_val', 0.0), ('in_house_lnp_DC24_luc_valid_mae', 2.157), ('in_house_lnp_DC24_luc_valid_mse', 5.966), ('in_house_lnp_DC24_luc_valid_agg_mae', 2.157), ('in_house_lnp_DC24_luc_valid_agg_mse', 5.966), ('in_house_lnp_DC24_luc_valid_contrastive_L', 0.412), ('in_house_lnp_DC24_luc_valid_agg_rmse', 2.4426), ('bsz', 312.0), ('num_updates', 685)])
2026-04-16 23:44:56 | INFO | valid | epoch 005 | valid on 'valid' subset | loss 0.09 | loss_in_house_lnp_B16F10_luc 0.053 | loss_in_house_lnp_DC24_luc 0.038 | in_house_lnp_B16F10_luc_valid_spearmanr_coeff 0.576 | in_house_lnp_B16F10_luc_valid_spearmanr_p_val 0 | in_house_lnp_B16F10_luc_valid_pearsonr_coeff 0.562 | in_house_lnp_B16F10_luc_valid_pearsonr_p_val 0 | in_house_lnp_B16F10_luc_valid_mae 1.851 | in_house_lnp_B16F10_luc_valid_mse 3.717 | in_house_lnp_B16F10_luc_valid_agg_mae 1.851 | in_house_lnp_B16F10_luc_valid_agg_mse 3.717 | in_house_lnp_B16F10_luc_valid_contrastive_L 0.576 | in_house_lnp_B16F10_luc_valid_agg_rmse 1.9279 | in_house_lnp_DC24_luc_valid_spearmanr_coeff 0.793 | in_house_lnp_DC24_luc_valid_spearmanr_p_val 0 | in_house_lnp_DC24_luc_valid_pearsonr_coeff 0.83 | in_house_lnp_DC24_luc_valid_pearsonr_p_val 0 | in_house_lnp_DC24_luc_valid_mae 2.157 | in_house_lnp_DC24_luc_valid_mse 5.966 | in_house_lnp_DC24_luc_valid_agg_mae 2.157 | in_house_lnp_DC24_luc_valid_agg_mse 5.966 | in_house_lnp_DC24_luc_valid_contrastive_L 0.412 | in_house_lnp_DC24_luc_valid_agg_rmse 2.4426 | bsz 312 | num_updates 685
validate stats:  OrderedDict([('loss', 0.09), ('loss_in_house_lnp_B16F10_luc', 0.053), ('loss_in_house_lnp_DC24_luc', 0.038), ('in_house_lnp_B16F10_luc_valid_spearmanr_coeff', 0.576), ('in_house_lnp_B16F10_luc_valid_spearmanr_p_val', 0.0), ('in_house_lnp_B16F10_luc_valid_pearsonr_coeff', 0.562), ('in_house_lnp_B16F10_luc_valid_pearsonr_p_val', 0.0), ('in_house_lnp_B16F10_luc_valid_mae', 1.851), ('in_house_lnp_B16F10_luc_valid_mse', 3.717), ('in_house_lnp_B16F10_luc_valid_agg_mae', 1.851), ('in_house_lnp_B16F10_luc_valid_agg_mse', 3.717), ('in_house_lnp_B16F10_luc_valid_contrastive_L', 0.576), ('in_house_lnp_B16F10_luc_valid_agg_rmse', 1.9279), ('in_house_lnp_DC24_luc_valid_spearmanr_coeff', 0.793), ('in_house_lnp_DC24_luc_valid_spearmanr_p_val', 0.0), ('in_house_lnp_DC24_luc_valid_pearsonr_coeff', 0.83), ('in_house_lnp_DC24_luc_valid_pearsonr_p_val', 0.0), ('in_house_lnp_DC24_luc_valid_mae', 2.157), ('in_house_lnp_DC24_luc_valid_mse', 5.966), ('in_house_lnp_DC24_luc_valid_agg_mae', 2.157), ('in_house_lnp_DC24_luc_valid_agg_mse', 5.966), ('in_house_lnp_DC24_luc_valid_contrastive_L', 0.412), ('in_house_lnp_DC24_luc_valid_agg_rmse', 2.4426), ('bsz', 312.0), ('num_updates', 685)])
2026-04-16 23:44:56 | INFO | unicore_cli.train | averaging ['in_house_lnp_B16F10_luc_valid_spearmanr_coeff', 'in_house_lnp_DC24_luc_valid_spearmanr_coeff'] for valid_spearmanr_coeff
2026-04-16 23:44:56 | INFO | unimol.core.checkpoint_utils | Preparing to save checkpoint for epoch 5 @ 685 updates
2026-04-16 23:44:56 | INFO | unimol.core.trainer | Saving checkpoint to ./tmp_save_demo/save_InfoMax_Run/checkpoint5.pt
2026-04-16 23:44:57 | INFO | unimol.core.trainer | Finished saving checkpoint to ./tmp_save_demo/save_InfoMax_Run/checkpoint5.pt
2026-04-16 23:44:57 | INFO | unimol.core.checkpoint_utils | Saved checkpoint ./tmp_save_demo/save_InfoMax_Run/checkpoint5.pt (epoch 5 @ 685 updates, score 0.6845) (writing took 0.7454900520388037 seconds)
2026-04-16 23:44:57 | INFO | unimol.core.checkpoint_utils | copy ./tmp_save_demo/save_InfoMax_Run/checkpoint5.pt to ./save_demo/save_InfoMax_Run/checkpoint5.pt
2026-04-16 23:44:57 | INFO | unicore_cli.train | end of epoch 5 (average epoch stats below)
2026-04-16 23:44:57 | INFO | train | epoch 005 | loss 0.096 | loss_in_house_lnp_B16F10_luc 0.051 | loss_in_house_lnp_DC24_luc 0.035 | ups 6.83 | bsz 15.9 | num_updates 685 | lr 4.13647e-05 | gnorm 8.396 | clip 100 | loss_scale 16 | train_wall 16.18 | epoch_itr_sz 137 | gb_free 76 | wall 101
2026-04-16 23:44:57 | INFO | unimol.core.tasks.unicore_task | get EpochBatchIterator for epoch 6
2026-04-16 23:44:57 | INFO | unimol.core.trainer | begin training epoch 6
2026-04-16 23:44:57 | INFO | unicore_cli.train | Start iterating over samples
2026-04-16 23:44:58 | INFO | unimol.core.checkpoint_utils | copy ./tmp_save_demo/save_InfoMax_Run/checkpoint5.pt to ./save_demo/save_InfoMax_Run/checkpoint_best.pt
2026-04-16 23:44:59 | INFO | unimol.core.checkpoint_utils | copy ./tmp_save_demo/save_InfoMax_Run/checkpoint5.pt to ./save_demo/save_InfoMax_Run/checkpoint_last.pt
2026-04-16 23:44:59 | INFO | unimol.core.checkpoint_utils | removing temp file ./tmp_save_demo/save_InfoMax_Run/checkpoint5.pt ...
2026-04-16 23:44:59 | INFO | unimol.core.checkpoint_utils | finished async ckp saving.
2026-04-16 23:45:00 | INFO | train_inner | epoch 006:     15 / 137 loss=0.095, loss_in_house_lnp_B16F10_luc=0.05, loss_in_house_lnp_DC24_luc=0.035, ups=6.39, bsz=15.8, num_updates=700, lr=4.22705e-05, gnorm=8.263, clip=100, loss_scale=16, train_wall=11.83, gb_free=76, wall=105
2026-04-16 23:45:11 | INFO | train_inner | epoch 006:    115 / 137 loss=0.095, loss_in_house_lnp_B16F10_luc=0.051, loss_in_house_lnp_DC24_luc=0.035, ups=8.76, bsz=16, num_updates=800, lr=4.83092e-05, gnorm=5.578, clip=100, loss_scale=32, train_wall=11.18, gb_free=76, wall=116
2026-04-16 23:45:14 | INFO | unicore_cli.train | begin validation on "valid" subset
2026-04-16 23:45:14 | INFO | unimol.core.tasks.unicore_task | get EpochBatchIterator for epoch 1
reduce_metrics, task_name:  in_house_lnp_B16F10_luc
reduce_metrics, task_name:  in_house_lnp_DC24_luc
get_valid_stats stats:  OrderedDict([('loss', 0.089), ('loss_in_house_lnp_B16F10_luc', 0.049), ('loss_in_house_lnp_DC24_luc', 0.041), ('in_house_lnp_B16F10_luc_valid_spearmanr_coeff', 0.634), ('in_house_lnp_B16F10_luc_valid_spearmanr_p_val', 0.0), ('in_house_lnp_B16F10_luc_valid_pearsonr_coeff', 0.657), ('in_house_lnp_B16F10_luc_valid_pearsonr_p_val', 0.0), ('in_house_lnp_B16F10_luc_valid_mae', 1.723), ('in_house_lnp_B16F10_luc_valid_mse', 3.695), ('in_house_lnp_B16F10_luc_valid_agg_mae', 1.723), ('in_house_lnp_B16F10_luc_valid_agg_mse', 3.695), ('in_house_lnp_B16F10_luc_valid_contrastive_L', 0.534), ('in_house_lnp_B16F10_luc_valid_agg_rmse', 1.9222), ('in_house_lnp_DC24_luc_valid_spearmanr_coeff', 0.798), ('in_house_lnp_DC24_luc_valid_spearmanr_p_val', 0.0), ('in_house_lnp_DC24_luc_valid_pearsonr_coeff', 0.828), ('in_house_lnp_DC24_luc_valid_pearsonr_p_val', 0.0), ('in_house_lnp_DC24_luc_valid_mae', 2.488), ('in_house_lnp_DC24_luc_valid_mse', 7.375), ('in_house_lnp_DC24_luc_valid_agg_mae', 2.488), ('in_house_lnp_DC24_luc_valid_agg_mse', 7.375), ('in_house_lnp_DC24_luc_valid_contrastive_L', 0.449), ('in_house_lnp_DC24_luc_valid_agg_rmse', 2.7156), ('bsz', 312.0), ('num_updates', 822)])
2026-04-16 23:45:16 | INFO | valid | epoch 006 | valid on 'valid' subset | loss 0.089 | loss_in_house_lnp_B16F10_luc 0.049 | loss_in_house_lnp_DC24_luc 0.041 | in_house_lnp_B16F10_luc_valid_spearmanr_coeff 0.634 | in_house_lnp_B16F10_luc_valid_spearmanr_p_val 0 | in_house_lnp_B16F10_luc_valid_pearsonr_coeff 0.657 | in_house_lnp_B16F10_luc_valid_pearsonr_p_val 0 | in_house_lnp_B16F10_luc_valid_mae 1.723 | in_house_lnp_B16F10_luc_valid_mse 3.695 | in_house_lnp_B16F10_luc_valid_agg_mae 1.723 | in_house_lnp_B16F10_luc_valid_agg_mse 3.695 | in_house_lnp_B16F10_luc_valid_contrastive_L 0.534 | in_house_lnp_B16F10_luc_valid_agg_rmse 1.9222 | in_house_lnp_DC24_luc_valid_spearmanr_coeff 0.798 | in_house_lnp_DC24_luc_valid_spearmanr_p_val 0 | in_house_lnp_DC24_luc_valid_pearsonr_coeff 0.828 | in_house_lnp_DC24_luc_valid_pearsonr_p_val 0 | in_house_lnp_DC24_luc_valid_mae 2.488 | in_house_lnp_DC24_luc_valid_mse 7.375 | in_house_lnp_DC24_luc_valid_agg_mae 2.488 | in_house_lnp_DC24_luc_valid_agg_mse 7.375 | in_house_lnp_DC24_luc_valid_contrastive_L 0.449 | in_house_lnp_DC24_luc_valid_agg_rmse 2.7156 | bsz 312 | num_updates 822
validate stats:  OrderedDict([('loss', 0.089), ('loss_in_house_lnp_B16F10_luc', 0.049), ('loss_in_house_lnp_DC24_luc', 0.041), ('in_house_lnp_B16F10_luc_valid_spearmanr_coeff', 0.634), ('in_house_lnp_B16F10_luc_valid_spearmanr_p_val', 0.0), ('in_house_lnp_B16F10_luc_valid_pearsonr_coeff', 0.657), ('in_house_lnp_B16F10_luc_valid_pearsonr_p_val', 0.0), ('in_house_lnp_B16F10_luc_valid_mae', 1.723), ('in_house_lnp_B16F10_luc_valid_mse', 3.695), ('in_house_lnp_B16F10_luc_valid_agg_mae', 1.723), ('in_house_lnp_B16F10_luc_valid_agg_mse', 3.695), ('in_house_lnp_B16F10_luc_valid_contrastive_L', 0.534), ('in_house_lnp_B16F10_luc_valid_agg_rmse', 1.9222), ('in_house_lnp_DC24_luc_valid_spearmanr_coeff', 0.798), ('in_house_lnp_DC24_luc_valid_spearmanr_p_val', 0.0), ('in_house_lnp_DC24_luc_valid_pearsonr_coeff', 0.828), ('in_house_lnp_DC24_luc_valid_pearsonr_p_val', 0.0), ('in_house_lnp_DC24_luc_valid_mae', 2.488), ('in_house_lnp_DC24_luc_valid_mse', 7.375), ('in_house_lnp_DC24_luc_valid_agg_mae', 2.488), ('in_house_lnp_DC24_luc_valid_agg_mse', 7.375), ('in_house_lnp_DC24_luc_valid_contrastive_L', 0.449), ('in_house_lnp_DC24_luc_valid_agg_rmse', 2.7156), ('bsz', 312.0), ('num_updates', 822)])
2026-04-16 23:45:16 | INFO | unicore_cli.train | averaging ['in_house_lnp_B16F10_luc_valid_spearmanr_coeff', 'in_house_lnp_DC24_luc_valid_spearmanr_coeff'] for valid_spearmanr_coeff
2026-04-16 23:45:16 | INFO | unimol.core.checkpoint_utils | Preparing to save checkpoint for epoch 6 @ 822 updates
2026-04-16 23:45:16 | INFO | unimol.core.trainer | Saving checkpoint to ./tmp_save_demo/save_InfoMax_Run/checkpoint6.pt
2026-04-16 23:45:16 | INFO | unimol.core.trainer | Finished saving checkpoint to ./tmp_save_demo/save_InfoMax_Run/checkpoint6.pt
2026-04-16 23:45:16 | INFO | unimol.core.checkpoint_utils | Saved checkpoint ./tmp_save_demo/save_InfoMax_Run/checkpoint6.pt (epoch 6 @ 822 updates, score 0.716) (writing took 0.7270069699734449 seconds)
2026-04-16 23:45:16 | INFO | unimol.core.checkpoint_utils | copy ./tmp_save_demo/save_InfoMax_Run/checkpoint6.pt to ./save_demo/save_InfoMax_Run/checkpoint6.pt
2026-04-16 23:45:16 | INFO | unicore_cli.train | end of epoch 6 (average epoch stats below)
2026-04-16 23:45:16 | INFO | train | epoch 006 | loss 0.093 | loss_in_house_lnp_B16F10_luc 0.05 | loss_in_house_lnp_DC24_luc 0.034 | ups 6.97 | bsz 15.9 | num_updates 822 | lr 4.96377e-05 | gnorm 6.49 | clip 100 | loss_scale 32 | train_wall 15.77 | epoch_itr_sz 137 | gb_free 76 | wall 121
2026-04-16 23:45:16 | INFO | unimol.core.tasks.unicore_task | get EpochBatchIterator for epoch 7
2026-04-16 23:45:16 | INFO | unimol.core.trainer | begin training epoch 7
2026-04-16 23:45:16 | INFO | unicore_cli.train | Start iterating over samples
2026-04-16 23:45:18 | INFO | unimol.core.checkpoint_utils | copy ./tmp_save_demo/save_InfoMax_Run/checkpoint6.pt to ./save_demo/save_InfoMax_Run/checkpoint_best.pt
2026-04-16 23:45:18 | INFO | unimol.core.checkpoint_utils | copy ./tmp_save_demo/save_InfoMax_Run/checkpoint6.pt to ./save_demo/save_InfoMax_Run/checkpoint_last.pt
2026-04-16 23:45:19 | INFO | unimol.core.checkpoint_utils | removing temp file ./tmp_save_demo/save_InfoMax_Run/checkpoint6.pt ...
2026-04-16 23:45:19 | INFO | unimol.core.checkpoint_utils | finished async ckp saving.
2026-04-16 23:45:27 | INFO | train_inner | epoch 007:     78 / 137 loss=0.09, loss_in_house_lnp_B16F10_luc=0.048, loss_in_house_lnp_DC24_luc=0.033, ups=6.53, bsz=15.9, num_updates=900, lr=5.43478e-05, gnorm=6.131, clip=100, loss_scale=32, train_wall=11.7, gb_free=76, wall=132
2026-04-16 23:45:33 | INFO | unicore_cli.train | begin validation on "valid" subset
2026-04-16 23:45:33 | INFO | unimol.core.tasks.unicore_task | get EpochBatchIterator for epoch 1
reduce_metrics, task_name:  in_house_lnp_B16F10_luc
reduce_metrics, task_name:  in_house_lnp_DC24_luc
get_valid_stats stats:  OrderedDict([('loss', 0.084), ('loss_in_house_lnp_B16F10_luc', 0.047), ('loss_in_house_lnp_DC24_luc', 0.037), ('in_house_lnp_B16F10_luc_valid_spearmanr_coeff', 0.687), ('in_house_lnp_B16F10_luc_valid_spearmanr_p_val', 0.0), ('in_house_lnp_B16F10_luc_valid_pearsonr_coeff', 0.697), ('in_house_lnp_B16F10_luc_valid_pearsonr_p_val', 0.0), ('in_house_lnp_B16F10_luc_valid_mae', 1.376), ('in_house_lnp_B16F10_luc_valid_mse', 2.533), ('in_house_lnp_B16F10_luc_valid_agg_mae', 1.376), ('in_house_lnp_B16F10_luc_valid_agg_mse', 2.533), ('in_house_lnp_B16F10_luc_valid_contrastive_L', 0.507), ('in_house_lnp_B16F10_luc_valid_agg_rmse', 1.5914), ('in_house_lnp_DC24_luc_valid_spearmanr_coeff', 0.824), ('in_house_lnp_DC24_luc_valid_spearmanr_p_val', 0.0), ('in_house_lnp_DC24_luc_valid_pearsonr_coeff', 0.846), ('in_house_lnp_DC24_luc_valid_pearsonr_p_val', 0.0), ('in_house_lnp_DC24_luc_valid_mae', 2.1), ('in_house_lnp_DC24_luc_valid_mse', 5.516), ('in_house_lnp_DC24_luc_valid_agg_mae', 2.1), ('in_house_lnp_DC24_luc_valid_agg_mse', 5.516), ('in_house_lnp_DC24_luc_valid_contrastive_L', 0.403), ('in_house_lnp_DC24_luc_valid_agg_rmse', 2.3485), ('bsz', 312.0), ('num_updates', 959)])
2026-04-16 23:45:35 | INFO | valid | epoch 007 | valid on 'valid' subset | loss 0.084 | loss_in_house_lnp_B16F10_luc 0.047 | loss_in_house_lnp_DC24_luc 0.037 | in_house_lnp_B16F10_luc_valid_spearmanr_coeff 0.687 | in_house_lnp_B16F10_luc_valid_spearmanr_p_val 0 | in_house_lnp_B16F10_luc_valid_pearsonr_coeff 0.697 | in_house_lnp_B16F10_luc_valid_pearsonr_p_val 0 | in_house_lnp_B16F10_luc_valid_mae 1.376 | in_house_lnp_B16F10_luc_valid_mse 2.533 | in_house_lnp_B16F10_luc_valid_agg_mae 1.376 | in_house_lnp_B16F10_luc_valid_agg_mse 2.533 | in_house_lnp_B16F10_luc_valid_contrastive_L 0.507 | in_house_lnp_B16F10_luc_valid_agg_rmse 1.5914 | in_house_lnp_DC24_luc_valid_spearmanr_coeff 0.824 | in_house_lnp_DC24_luc_valid_spearmanr_p_val 0 | in_house_lnp_DC24_luc_valid_pearsonr_coeff 0.846 | in_house_lnp_DC24_luc_valid_pearsonr_p_val 0 | in_house_lnp_DC24_luc_valid_mae 2.1 | in_house_lnp_DC24_luc_valid_mse 5.516 | in_house_lnp_DC24_luc_valid_agg_mae 2.1 | in_house_lnp_DC24_luc_valid_agg_mse 5.516 | in_house_lnp_DC24_luc_valid_contrastive_L 0.403 | in_house_lnp_DC24_luc_valid_agg_rmse 2.3485 | bsz 312 | num_updates 959
validate stats:  OrderedDict([('loss', 0.084), ('loss_in_house_lnp_B16F10_luc', 0.047), ('loss_in_house_lnp_DC24_luc', 0.037), ('in_house_lnp_B16F10_luc_valid_spearmanr_coeff', 0.687), ('in_house_lnp_B16F10_luc_valid_spearmanr_p_val', 0.0), ('in_house_lnp_B16F10_luc_valid_pearsonr_coeff', 0.697), ('in_house_lnp_B16F10_luc_valid_pearsonr_p_val', 0.0), ('in_house_lnp_B16F10_luc_valid_mae', 1.376), ('in_house_lnp_B16F10_luc_valid_mse', 2.533), ('in_house_lnp_B16F10_luc_valid_agg_mae', 1.376), ('in_house_lnp_B16F10_luc_valid_agg_mse', 2.533), ('in_house_lnp_B16F10_luc_valid_contrastive_L', 0.507), ('in_house_lnp_B16F10_luc_valid_agg_rmse', 1.5914), ('in_house_lnp_DC24_luc_valid_spearmanr_coeff', 0.824), ('in_house_lnp_DC24_luc_valid_spearmanr_p_val', 0.0), ('in_house_lnp_DC24_luc_valid_pearsonr_coeff', 0.846), ('in_house_lnp_DC24_luc_valid_pearsonr_p_val', 0.0), ('in_house_lnp_DC24_luc_valid_mae', 2.1), ('in_house_lnp_DC24_luc_valid_mse', 5.516), ('in_house_lnp_DC24_luc_valid_agg_mae', 2.1), ('in_house_lnp_DC24_luc_valid_agg_mse', 5.516), ('in_house_lnp_DC24_luc_valid_contrastive_L', 0.403), ('in_house_lnp_DC24_luc_valid_agg_rmse', 2.3485), ('bsz', 312.0), ('num_updates', 959)])
2026-04-16 23:45:35 | INFO | unicore_cli.train | averaging ['in_house_lnp_B16F10_luc_valid_spearmanr_coeff', 'in_house_lnp_DC24_luc_valid_spearmanr_coeff'] for valid_spearmanr_coeff
2026-04-16 23:45:35 | INFO | unimol.core.checkpoint_utils | Preparing to save checkpoint for epoch 7 @ 959 updates
2026-04-16 23:45:35 | INFO | unimol.core.trainer | Saving checkpoint to ./tmp_save_demo/save_InfoMax_Run/checkpoint7.pt
2026-04-16 23:45:36 | INFO | unimol.core.trainer | Finished saving checkpoint to ./tmp_save_demo/save_InfoMax_Run/checkpoint7.pt
2026-04-16 23:45:36 | INFO | unimol.core.checkpoint_utils | Saved checkpoint ./tmp_save_demo/save_InfoMax_Run/checkpoint7.pt (epoch 7 @ 959 updates, score 0.7555000000000001) (writing took 0.7330157130490988 seconds)
2026-04-16 23:45:36 | INFO | unimol.core.checkpoint_utils | copy ./tmp_save_demo/save_InfoMax_Run/checkpoint7.pt to ./save_demo/save_InfoMax_Run/checkpoint7.pt
2026-04-16 23:45:36 | INFO | unicore_cli.train | end of epoch 7 (average epoch stats below)
2026-04-16 23:45:36 | INFO | train | epoch 007 | loss 0.091 | loss_in_house_lnp_B16F10_luc 0.048 | loss_in_house_lnp_DC24_luc 0.034 | ups 7.04 | bsz 15.9 | num_updates 959 | lr 5.79106e-05 | gnorm 6.442 | clip 100 | loss_scale 32 | train_wall 15.78 | epoch_itr_sz 137 | gb_free 76 | wall 141
2026-04-16 23:45:36 | INFO | unimol.core.tasks.unicore_task | get EpochBatchIterator for epoch 8
2026-04-16 23:45:36 | INFO | unimol.core.trainer | begin training epoch 8
2026-04-16 23:45:36 | INFO | unicore_cli.train | Start iterating over samples
2026-04-16 23:45:37 | INFO | unimol.core.checkpoint_utils | copy ./tmp_save_demo/save_InfoMax_Run/checkpoint7.pt to ./save_demo/save_InfoMax_Run/checkpoint_best.pt
2026-04-16 23:45:38 | INFO | unimol.core.checkpoint_utils | copy ./tmp_save_demo/save_InfoMax_Run/checkpoint7.pt to ./save_demo/save_InfoMax_Run/checkpoint_last.pt
2026-04-16 23:45:38 | INFO | unimol.core.checkpoint_utils | removing temp file ./tmp_save_demo/save_InfoMax_Run/checkpoint7.pt ...
2026-04-16 23:45:38 | INFO | unimol.core.checkpoint_utils | finished async ckp saving.
2026-04-16 23:45:42 | INFO | train_inner | epoch 008:     41 / 137 loss=0.09, loss_in_house_lnp_B16F10_luc=0.048, loss_in_house_lnp_DC24_luc=0.033, ups=6.59, bsz=16, num_updates=1000, lr=6.03865e-05, gnorm=5.951, clip=100, loss_scale=32, train_wall=11.44, gb_free=76, wall=147
2026-04-16 23:45:45 | INFO | unimol.core.trainer | NOTE: gradient overflow detected, ignoring gradient, setting loss scale to: 32.0
2026-04-16 23:45:53 | INFO | unicore_cli.train | begin validation on "valid" subset
2026-04-16 23:45:53 | INFO | unimol.core.tasks.unicore_task | get EpochBatchIterator for epoch 1
reduce_metrics, task_name:  in_house_lnp_B16F10_luc
reduce_metrics, task_name:  in_house_lnp_DC24_luc
get_valid_stats stats:  OrderedDict([('loss', 0.084), ('loss_in_house_lnp_B16F10_luc', 0.047), ('loss_in_house_lnp_DC24_luc', 0.038), ('in_house_lnp_B16F10_luc_valid_spearmanr_coeff', 0.696), ('in_house_lnp_B16F10_luc_valid_spearmanr_p_val', 0.0), ('in_house_lnp_B16F10_luc_valid_pearsonr_coeff', 0.695), ('in_house_lnp_B16F10_luc_valid_pearsonr_p_val', 0.0), ('in_house_lnp_B16F10_luc_valid_mae', 1.164), ('in_house_lnp_B16F10_luc_valid_mse', 1.99), ('in_house_lnp_B16F10_luc_valid_agg_mae', 1.164), ('in_house_lnp_B16F10_luc_valid_agg_mse', 1.99), ('in_house_lnp_B16F10_luc_valid_contrastive_L', 0.507), ('in_house_lnp_B16F10_luc_valid_agg_rmse', 1.4108), ('in_house_lnp_DC24_luc_valid_spearmanr_coeff', 0.826), ('in_house_lnp_DC24_luc_valid_spearmanr_p_val', 0.0), ('in_house_lnp_DC24_luc_valid_pearsonr_coeff', 0.835), ('in_house_lnp_DC24_luc_valid_pearsonr_p_val', 0.0), ('in_house_lnp_DC24_luc_valid_mae', 2.36), ('in_house_lnp_DC24_luc_valid_mse', 6.897), ('in_house_lnp_DC24_luc_valid_agg_mae', 2.36), ('in_house_lnp_DC24_luc_valid_agg_mse', 6.897), ('in_house_lnp_DC24_luc_valid_contrastive_L', 0.419), ('in_house_lnp_DC24_luc_valid_agg_rmse', 2.6263), ('bsz', 312.0), ('num_updates', 1095)])
2026-04-16 23:45:54 | INFO | valid | epoch 008 | valid on 'valid' subset | loss 0.084 | loss_in_house_lnp_B16F10_luc 0.047 | loss_in_house_lnp_DC24_luc 0.038 | in_house_lnp_B16F10_luc_valid_spearmanr_coeff 0.696 | in_house_lnp_B16F10_luc_valid_spearmanr_p_val 0 | in_house_lnp_B16F10_luc_valid_pearsonr_coeff 0.695 | in_house_lnp_B16F10_luc_valid_pearsonr_p_val 0 | in_house_lnp_B16F10_luc_valid_mae 1.164 | in_house_lnp_B16F10_luc_valid_mse 1.99 | in_house_lnp_B16F10_luc_valid_agg_mae 1.164 | in_house_lnp_B16F10_luc_valid_agg_mse 1.99 | in_house_lnp_B16F10_luc_valid_contrastive_L 0.507 | in_house_lnp_B16F10_luc_valid_agg_rmse 1.4108 | in_house_lnp_DC24_luc_valid_spearmanr_coeff 0.826 | in_house_lnp_DC24_luc_valid_spearmanr_p_val 0 | in_house_lnp_DC24_luc_valid_pearsonr_coeff 0.835 | in_house_lnp_DC24_luc_valid_pearsonr_p_val 0 | in_house_lnp_DC24_luc_valid_mae 2.36 | in_house_lnp_DC24_luc_valid_mse 6.897 | in_house_lnp_DC24_luc_valid_agg_mae 2.36 | in_house_lnp_DC24_luc_valid_agg_mse 6.897 | in_house_lnp_DC24_luc_valid_contrastive_L 0.419 | in_house_lnp_DC24_luc_valid_agg_rmse 2.6263 | bsz 312 | num_updates 1095
validate stats:  OrderedDict([('loss', 0.084), ('loss_in_house_lnp_B16F10_luc', 0.047), ('loss_in_house_lnp_DC24_luc', 0.038), ('in_house_lnp_B16F10_luc_valid_spearmanr_coeff', 0.696), ('in_house_lnp_B16F10_luc_valid_spearmanr_p_val', 0.0), ('in_house_lnp_B16F10_luc_valid_pearsonr_coeff', 0.695), ('in_house_lnp_B16F10_luc_valid_pearsonr_p_val', 0.0), ('in_house_lnp_B16F10_luc_valid_mae', 1.164), ('in_house_lnp_B16F10_luc_valid_mse', 1.99), ('in_house_lnp_B16F10_luc_valid_agg_mae', 1.164), ('in_house_lnp_B16F10_luc_valid_agg_mse', 1.99), ('in_house_lnp_B16F10_luc_valid_contrastive_L', 0.507), ('in_house_lnp_B16F10_luc_valid_agg_rmse', 1.4108), ('in_house_lnp_DC24_luc_valid_spearmanr_coeff', 0.826), ('in_house_lnp_DC24_luc_valid_spearmanr_p_val', 0.0), ('in_house_lnp_DC24_luc_valid_pearsonr_coeff', 0.835), ('in_house_lnp_DC24_luc_valid_pearsonr_p_val', 0.0), ('in_house_lnp_DC24_luc_valid_mae', 2.36), ('in_house_lnp_DC24_luc_valid_mse', 6.897), ('in_house_lnp_DC24_luc_valid_agg_mae', 2.36), ('in_house_lnp_DC24_luc_valid_agg_mse', 6.897), ('in_house_lnp_DC24_luc_valid_contrastive_L', 0.419), ('in_house_lnp_DC24_luc_valid_agg_rmse', 2.6263), ('bsz', 312.0), ('num_updates', 1095)])
2026-04-16 23:45:54 | INFO | unicore_cli.train | averaging ['in_house_lnp_B16F10_luc_valid_spearmanr_coeff', 'in_house_lnp_DC24_luc_valid_spearmanr_coeff'] for valid_spearmanr_coeff
2026-04-16 23:45:54 | INFO | unimol.core.checkpoint_utils | Preparing to save checkpoint for epoch 8 @ 1095 updates
2026-04-16 23:45:54 | INFO | unimol.core.trainer | Saving checkpoint to ./tmp_save_demo/save_InfoMax_Run/checkpoint8.pt
2026-04-16 23:45:55 | INFO | unimol.core.trainer | Finished saving checkpoint to ./tmp_save_demo/save_InfoMax_Run/checkpoint8.pt
2026-04-16 23:45:55 | INFO | unimol.core.checkpoint_utils | Saved checkpoint ./tmp_save_demo/save_InfoMax_Run/checkpoint8.pt (epoch 8 @ 1095 updates, score 0.7609999999999999) (writing took 0.7427725159795955 seconds)
2026-04-16 23:45:55 | INFO | unimol.core.checkpoint_utils | copy ./tmp_save_demo/save_InfoMax_Run/checkpoint8.pt to ./save_demo/save_InfoMax_Run/checkpoint8.pt
2026-04-16 23:45:55 | INFO | unicore_cli.train | end of epoch 8 (average epoch stats below)
2026-04-16 23:45:55 | INFO | train | epoch 008 | loss 0.088 | loss_in_house_lnp_B16F10_luc 0.047 | loss_in_house_lnp_DC24_luc 0.033 | ups 7.05 | bsz 15.9 | num_updates 1095 | lr 6.61232e-05 | gnorm 5.138 | clip 100 | loss_scale 32 | train_wall 15.63 | epoch_itr_sz 137 | gb_free 76.2 | wall 160
2026-04-16 23:45:55 | INFO | unimol.core.tasks.unicore_task | get EpochBatchIterator for epoch 9
2026-04-16 23:45:55 | INFO | unimol.core.trainer | begin training epoch 9
2026-04-16 23:45:55 | INFO | unicore_cli.train | Start iterating over samples
2026-04-16 23:45:57 | INFO | unimol.core.checkpoint_utils | copy ./tmp_save_demo/save_InfoMax_Run/checkpoint8.pt to ./save_demo/save_InfoMax_Run/checkpoint_best.pt
2026-04-16 23:45:57 | INFO | train_inner | epoch 009:      5 / 137 loss=0.088, loss_in_house_lnp_B16F10_luc=0.046, loss_in_house_lnp_DC24_luc=0.033, ups=6.63, bsz=15.9, num_updates=1100, lr=6.64251e-05, gnorm=5.316, clip=100, loss_scale=32, train_wall=11.51, gb_free=76, wall=162
2026-04-16 23:45:57 | INFO | unimol.core.checkpoint_utils | copy ./tmp_save_demo/save_InfoMax_Run/checkpoint8.pt to ./save_demo/save_InfoMax_Run/checkpoint_last.pt
2026-04-16 23:45:58 | INFO | unimol.core.checkpoint_utils | removing temp file ./tmp_save_demo/save_InfoMax_Run/checkpoint8.pt ...
2026-04-16 23:45:58 | INFO | unimol.core.checkpoint_utils | finished async ckp saving.
2026-04-16 23:46:09 | INFO | train_inner | epoch 009:    105 / 137 loss=0.087, loss_in_house_lnp_B16F10_luc=0.045, loss_in_house_lnp_DC24_luc=0.032, ups=8.7, bsz=15.9, num_updates=1200, lr=7.24638e-05, gnorm=8.929, clip=100, loss_scale=32, train_wall=11.24, gb_free=76, wall=173
2026-04-16 23:46:12 | INFO | unicore_cli.train | begin validation on "valid" subset
2026-04-16 23:46:12 | INFO | unimol.core.tasks.unicore_task | get EpochBatchIterator for epoch 1
reduce_metrics, task_name:  in_house_lnp_B16F10_luc
reduce_metrics, task_name:  in_house_lnp_DC24_luc
get_valid_stats stats:  OrderedDict([('loss', 0.081), ('loss_in_house_lnp_B16F10_luc', 0.046), ('loss_in_house_lnp_DC24_luc', 0.035), ('in_house_lnp_B16F10_luc_valid_spearmanr_coeff', 0.714), ('in_house_lnp_B16F10_luc_valid_spearmanr_p_val', 0.0), ('in_house_lnp_B16F10_luc_valid_pearsonr_coeff', 0.699), ('in_house_lnp_B16F10_luc_valid_pearsonr_p_val', 0.0), ('in_house_lnp_B16F10_luc_valid_mae', 2.62), ('in_house_lnp_B16F10_luc_valid_mse', 8.009), ('in_house_lnp_B16F10_luc_valid_agg_mae', 2.62), ('in_house_lnp_B16F10_luc_valid_agg_mse', 8.009), ('in_house_lnp_B16F10_luc_valid_contrastive_L', 0.496), ('in_house_lnp_B16F10_luc_valid_agg_rmse', 2.83), ('in_house_lnp_DC24_luc_valid_spearmanr_coeff', 0.829), ('in_house_lnp_DC24_luc_valid_spearmanr_p_val', 0.0), ('in_house_lnp_DC24_luc_valid_pearsonr_coeff', 0.867), ('in_house_lnp_DC24_luc_valid_pearsonr_p_val', 0.0), ('in_house_lnp_DC24_luc_valid_mae', 2.3), ('in_house_lnp_DC24_luc_valid_mse', 6.64), ('in_house_lnp_DC24_luc_valid_agg_mae', 2.3), ('in_house_lnp_DC24_luc_valid_agg_mse', 6.64), ('in_house_lnp_DC24_luc_valid_contrastive_L', 0.385), ('in_house_lnp_DC24_luc_valid_agg_rmse', 2.5768), ('bsz', 312.0), ('num_updates', 1232)])
2026-04-16 23:46:14 | INFO | valid | epoch 009 | valid on 'valid' subset | loss 0.081 | loss_in_house_lnp_B16F10_luc 0.046 | loss_in_house_lnp_DC24_luc 0.035 | in_house_lnp_B16F10_luc_valid_spearmanr_coeff 0.714 | in_house_lnp_B16F10_luc_valid_spearmanr_p_val 0 | in_house_lnp_B16F10_luc_valid_pearsonr_coeff 0.699 | in_house_lnp_B16F10_luc_valid_pearsonr_p_val 0 | in_house_lnp_B16F10_luc_valid_mae 2.62 | in_house_lnp_B16F10_luc_valid_mse 8.009 | in_house_lnp_B16F10_luc_valid_agg_mae 2.62 | in_house_lnp_B16F10_luc_valid_agg_mse 8.009 | in_house_lnp_B16F10_luc_valid_contrastive_L 0.496 | in_house_lnp_B16F10_luc_valid_agg_rmse 2.83 | in_house_lnp_DC24_luc_valid_spearmanr_coeff 0.829 | in_house_lnp_DC24_luc_valid_spearmanr_p_val 0 | in_house_lnp_DC24_luc_valid_pearsonr_coeff 0.867 | in_house_lnp_DC24_luc_valid_pearsonr_p_val 0 | in_house_lnp_DC24_luc_valid_mae 2.3 | in_house_lnp_DC24_luc_valid_mse 6.64 | in_house_lnp_DC24_luc_valid_agg_mae 2.3 | in_house_lnp_DC24_luc_valid_agg_mse 6.64 | in_house_lnp_DC24_luc_valid_contrastive_L 0.385 | in_house_lnp_DC24_luc_valid_agg_rmse 2.5768 | bsz 312 | num_updates 1232
validate stats:  OrderedDict([('loss', 0.081), ('loss_in_house_lnp_B16F10_luc', 0.046), ('loss_in_house_lnp_DC24_luc', 0.035), ('in_house_lnp_B16F10_luc_valid_spearmanr_coeff', 0.714), ('in_house_lnp_B16F10_luc_valid_spearmanr_p_val', 0.0), ('in_house_lnp_B16F10_luc_valid_pearsonr_coeff', 0.699), ('in_house_lnp_B16F10_luc_valid_pearsonr_p_val', 0.0), ('in_house_lnp_B16F10_luc_valid_mae', 2.62), ('in_house_lnp_B16F10_luc_valid_mse', 8.009), ('in_house_lnp_B16F10_luc_valid_agg_mae', 2.62), ('in_house_lnp_B16F10_luc_valid_agg_mse', 8.009), ('in_house_lnp_B16F10_luc_valid_contrastive_L', 0.496), ('in_house_lnp_B16F10_luc_valid_agg_rmse', 2.83), ('in_house_lnp_DC24_luc_valid_spearmanr_coeff', 0.829), ('in_house_lnp_DC24_luc_valid_spearmanr_p_val', 0.0), ('in_house_lnp_DC24_luc_valid_pearsonr_coeff', 0.867), ('in_house_lnp_DC24_luc_valid_pearsonr_p_val', 0.0), ('in_house_lnp_DC24_luc_valid_mae', 2.3), ('in_house_lnp_DC24_luc_valid_mse', 6.64), ('in_house_lnp_DC24_luc_valid_agg_mae', 2.3), ('in_house_lnp_DC24_luc_valid_agg_mse', 6.64), ('in_house_lnp_DC24_luc_valid_contrastive_L', 0.385), ('in_house_lnp_DC24_luc_valid_agg_rmse', 2.5768), ('bsz', 312.0), ('num_updates', 1232)])
2026-04-16 23:46:14 | INFO | unicore_cli.train | averaging ['in_house_lnp_B16F10_luc_valid_spearmanr_coeff', 'in_house_lnp_DC24_luc_valid_spearmanr_coeff'] for valid_spearmanr_coeff
2026-04-16 23:46:14 | INFO | unimol.core.checkpoint_utils | Preparing to save checkpoint for epoch 9 @ 1232 updates
2026-04-16 23:46:14 | INFO | unimol.core.trainer | Saving checkpoint to ./tmp_save_demo/save_InfoMax_Run/checkpoint9.pt
2026-04-16 23:46:14 | INFO | unimol.core.trainer | Finished saving checkpoint to ./tmp_save_demo/save_InfoMax_Run/checkpoint9.pt
2026-04-16 23:46:14 | INFO | unimol.core.checkpoint_utils | Saved checkpoint ./tmp_save_demo/save_InfoMax_Run/checkpoint9.pt (epoch 9 @ 1232 updates, score 0.7715) (writing took 0.7075900960480794 seconds)
2026-04-16 23:46:14 | INFO | unimol.core.checkpoint_utils | copy ./tmp_save_demo/save_InfoMax_Run/checkpoint9.pt to ./save_demo/save_InfoMax_Run/checkpoint9.pt
2026-04-16 23:46:14 | INFO | unicore_cli.train | end of epoch 9 (average epoch stats below)
2026-04-16 23:46:14 | INFO | train | epoch 009 | loss 0.087 | loss_in_house_lnp_B16F10_luc 0.045 | loss_in_house_lnp_DC24_luc 0.032 | ups 7.13 | bsz 15.9 | num_updates 1232 | lr 7.43961e-05 | gnorm 9.02 | clip 100 | loss_scale 32 | train_wall 15.59 | epoch_itr_sz 137 | gb_free 76 | wall 179
2026-04-16 23:46:14 | INFO | unimol.core.tasks.unicore_task | get EpochBatchIterator for epoch 10
2026-04-16 23:46:14 | INFO | unimol.core.trainer | begin training epoch 10
2026-04-16 23:46:14 | INFO | unicore_cli.train | Start iterating over samples
2026-04-16 23:46:16 | INFO | unimol.core.checkpoint_utils | copy ./tmp_save_demo/save_InfoMax_Run/checkpoint9.pt to ./save_demo/save_InfoMax_Run/checkpoint_best.pt
2026-04-16 23:46:16 | INFO | unimol.core.checkpoint_utils | copy ./tmp_save_demo/save_InfoMax_Run/checkpoint9.pt to ./save_demo/save_InfoMax_Run/checkpoint_last.pt
2026-04-16 23:46:17 | INFO | unimol.core.checkpoint_utils | removing temp file ./tmp_save_demo/save_InfoMax_Run/checkpoint9.pt ...
2026-04-16 23:46:17 | INFO | unimol.core.checkpoint_utils | finished async ckp saving.
2026-04-16 23:46:24 | INFO | train_inner | epoch 010:     68 / 137 loss=0.09, loss_in_house_lnp_B16F10_luc=0.047, loss_in_house_lnp_DC24_luc=0.033, ups=6.62, bsz=15.9, num_updates=1300, lr=7.85024e-05, gnorm=7.276, clip=100, loss_scale=64, train_wall=11.7, gb_free=76, wall=189
2026-04-16 23:46:31 | INFO | unicore_cli.train | begin validation on "valid" subset
2026-04-16 23:46:31 | INFO | unimol.core.tasks.unicore_task | get EpochBatchIterator for epoch 1
reduce_metrics, task_name:  in_house_lnp_B16F10_luc
reduce_metrics, task_name:  in_house_lnp_DC24_luc
get_valid_stats stats:  OrderedDict([('loss', 0.077), ('loss_in_house_lnp_B16F10_luc', 0.044), ('loss_in_house_lnp_DC24_luc', 0.033), ('in_house_lnp_B16F10_luc_valid_spearmanr_coeff', 0.73), ('in_house_lnp_B16F10_luc_valid_spearmanr_p_val', 0.0), ('in_house_lnp_B16F10_luc_valid_pearsonr_coeff', 0.726), ('in_house_lnp_B16F10_luc_valid_pearsonr_p_val', 0.0), ('in_house_lnp_B16F10_luc_valid_mae', 1.241), ('in_house_lnp_B16F10_luc_valid_mse', 2.18), ('in_house_lnp_B16F10_luc_valid_agg_mae', 1.241), ('in_house_lnp_B16F10_luc_valid_agg_mse', 2.18), ('in_house_lnp_B16F10_luc_valid_contrastive_L', 0.478), ('in_house_lnp_B16F10_luc_valid_agg_rmse', 1.4765), ('in_house_lnp_DC24_luc_valid_spearmanr_coeff', 0.839), ('in_house_lnp_DC24_luc_valid_spearmanr_p_val', 0.0), ('in_house_lnp_DC24_luc_valid_pearsonr_coeff', 0.879), ('in_house_lnp_DC24_luc_valid_pearsonr_p_val', 0.0), ('in_house_lnp_DC24_luc_valid_mae', 2.018), ('in_house_lnp_DC24_luc_valid_mse', 5.197), ('in_house_lnp_DC24_luc_valid_agg_mae', 2.018), ('in_house_lnp_DC24_luc_valid_agg_mse', 5.197), ('in_house_lnp_DC24_luc_valid_contrastive_L', 0.36), ('in_house_lnp_DC24_luc_valid_agg_rmse', 2.2796), ('bsz', 312.0), ('num_updates', 1369)])
2026-04-16 23:46:33 | INFO | valid | epoch 010 | valid on 'valid' subset | loss 0.077 | loss_in_house_lnp_B16F10_luc 0.044 | loss_in_house_lnp_DC24_luc 0.033 | in_house_lnp_B16F10_luc_valid_spearmanr_coeff 0.73 | in_house_lnp_B16F10_luc_valid_spearmanr_p_val 0 | in_house_lnp_B16F10_luc_valid_pearsonr_coeff 0.726 | in_house_lnp_B16F10_luc_valid_pearsonr_p_val 0 | in_house_lnp_B16F10_luc_valid_mae 1.241 | in_house_lnp_B16F10_luc_valid_mse 2.18 | in_house_lnp_B16F10_luc_valid_agg_mae 1.241 | in_house_lnp_B16F10_luc_valid_agg_mse 2.18 | in_house_lnp_B16F10_luc_valid_contrastive_L 0.478 | in_house_lnp_B16F10_luc_valid_agg_rmse 1.4765 | in_house_lnp_DC24_luc_valid_spearmanr_coeff 0.839 | in_house_lnp_DC24_luc_valid_spearmanr_p_val 0 | in_house_lnp_DC24_luc_valid_pearsonr_coeff 0.879 | in_house_lnp_DC24_luc_valid_pearsonr_p_val 0 | in_house_lnp_DC24_luc_valid_mae 2.018 | in_house_lnp_DC24_luc_valid_mse 5.197 | in_house_lnp_DC24_luc_valid_agg_mae 2.018 | in_house_lnp_DC24_luc_valid_agg_mse 5.197 | in_house_lnp_DC24_luc_valid_contrastive_L 0.36 | in_house_lnp_DC24_luc_valid_agg_rmse 2.2796 | bsz 312 | num_updates 1369
validate stats:  OrderedDict([('loss', 0.077), ('loss_in_house_lnp_B16F10_luc', 0.044), ('loss_in_house_lnp_DC24_luc', 0.033), ('in_house_lnp_B16F10_luc_valid_spearmanr_coeff', 0.73), ('in_house_lnp_B16F10_luc_valid_spearmanr_p_val', 0.0), ('in_house_lnp_B16F10_luc_valid_pearsonr_coeff', 0.726), ('in_house_lnp_B16F10_luc_valid_pearsonr_p_val', 0.0), ('in_house_lnp_B16F10_luc_valid_mae', 1.241), ('in_house_lnp_B16F10_luc_valid_mse', 2.18), ('in_house_lnp_B16F10_luc_valid_agg_mae', 1.241), ('in_house_lnp_B16F10_luc_valid_agg_mse', 2.18), ('in_house_lnp_B16F10_luc_valid_contrastive_L', 0.478), ('in_house_lnp_B16F10_luc_valid_agg_rmse', 1.4765), ('in_house_lnp_DC24_luc_valid_spearmanr_coeff', 0.839), ('in_house_lnp_DC24_luc_valid_spearmanr_p_val', 0.0), ('in_house_lnp_DC24_luc_valid_pearsonr_coeff', 0.879), ('in_house_lnp_DC24_luc_valid_pearsonr_p_val', 0.0), ('in_house_lnp_DC24_luc_valid_mae', 2.018), ('in_house_lnp_DC24_luc_valid_mse', 5.197), ('in_house_lnp_DC24_luc_valid_agg_mae', 2.018), ('in_house_lnp_DC24_luc_valid_agg_mse', 5.197), ('in_house_lnp_DC24_luc_valid_contrastive_L', 0.36), ('in_house_lnp_DC24_luc_valid_agg_rmse', 2.2796), ('bsz', 312.0), ('num_updates', 1369)])
2026-04-16 23:46:33 | INFO | unicore_cli.train | averaging ['in_house_lnp_B16F10_luc_valid_spearmanr_coeff', 'in_house_lnp_DC24_luc_valid_spearmanr_coeff'] for valid_spearmanr_coeff
2026-04-16 23:46:33 | INFO | unimol.core.checkpoint_utils | Preparing to save checkpoint for epoch 10 @ 1369 updates
2026-04-16 23:46:33 | INFO | unimol.core.trainer | Saving checkpoint to ./tmp_save_demo/save_InfoMax_Run/checkpoint10.pt
2026-04-16 23:46:34 | INFO | unimol.core.trainer | Finished saving checkpoint to ./tmp_save_demo/save_InfoMax_Run/checkpoint10.pt
2026-04-16 23:46:34 | INFO | unimol.core.checkpoint_utils | Saved checkpoint ./tmp_save_demo/save_InfoMax_Run/checkpoint10.pt (epoch 10 @ 1369 updates, score 0.7845) (writing took 0.7314701589057222 seconds)
2026-04-16 23:46:34 | INFO | unimol.core.checkpoint_utils | copy ./tmp_save_demo/save_InfoMax_Run/checkpoint10.pt to ./save_demo/save_InfoMax_Run/checkpoint10.pt
2026-04-16 23:46:34 | INFO | unicore_cli.train | end of epoch 10 (average epoch stats below)
2026-04-16 23:46:34 | INFO | train | epoch 010 | loss 0.086 | loss_in_house_lnp_B16F10_luc 0.045 | loss_in_house_lnp_DC24_luc 0.032 | ups 6.96 | bsz 15.9 | num_updates 1369 | lr 8.26691e-05 | gnorm 6.044 | clip 100 | loss_scale 64 | train_wall 15.73 | epoch_itr_sz 137 | gb_free 76 | wall 199
2026-04-16 23:46:34 | INFO | unimol.core.tasks.unicore_task | get EpochBatchIterator for epoch 11
2026-04-16 23:46:34 | INFO | unimol.core.trainer | begin training epoch 11
2026-04-16 23:46:34 | INFO | unicore_cli.train | Start iterating over samples
2026-04-16 23:46:35 | INFO | unimol.core.checkpoint_utils | copy ./tmp_save_demo/save_InfoMax_Run/checkpoint10.pt to ./save_demo/save_InfoMax_Run/checkpoint_best.pt
2026-04-16 23:46:36 | INFO | unimol.core.checkpoint_utils | copy ./tmp_save_demo/save_InfoMax_Run/checkpoint10.pt to ./save_demo/save_InfoMax_Run/checkpoint_last.pt
2026-04-16 23:46:36 | INFO | unimol.core.checkpoint_utils | removing temp file ./tmp_save_demo/save_InfoMax_Run/checkpoint10.pt ...
2026-04-16 23:46:36 | INFO | unimol.core.checkpoint_utils | finished async ckp saving.
2026-04-16 23:46:39 | INFO | train_inner | epoch 011:     31 / 137 loss=0.082, loss_in_house_lnp_B16F10_luc=0.043, loss_in_house_lnp_DC24_luc=0.031, ups=6.51, bsz=16, num_updates=1400, lr=8.45411e-05, gnorm=5.534, clip=100, loss_scale=64, train_wall=11.42, gb_free=76, wall=204
2026-04-16 23:46:50 | INFO | train_inner | epoch 011:    131 / 137 loss=0.087, loss_in_house_lnp_B16F10_luc=0.046, loss_in_house_lnp_DC24_luc=0.033, ups=8.81, bsz=15.9, num_updates=1500, lr=9.05797e-05, gnorm=5.647, clip=100, loss_scale=64, train_wall=11.08, gb_free=76, wall=215
2026-04-16 23:46:51 | INFO | unicore_cli.train | begin validation on "valid" subset
2026-04-16 23:46:51 | INFO | unimol.core.tasks.unicore_task | get EpochBatchIterator for epoch 1
reduce_metrics, task_name:  in_house_lnp_B16F10_luc
reduce_metrics, task_name:  in_house_lnp_DC24_luc
get_valid_stats stats:  OrderedDict([('loss', 0.078), ('loss_in_house_lnp_B16F10_luc', 0.043), ('loss_in_house_lnp_DC24_luc', 0.034), ('in_house_lnp_B16F10_luc_valid_spearmanr_coeff', 0.745), ('in_house_lnp_B16F10_luc_valid_spearmanr_p_val', 0.0), ('in_house_lnp_B16F10_luc_valid_pearsonr_coeff', 0.731), ('in_house_lnp_B16F10_luc_valid_pearsonr_p_val', 0.0), ('in_house_lnp_B16F10_luc_valid_mae', 1.272), ('in_house_lnp_B16F10_luc_valid_mse', 2.359), ('in_house_lnp_B16F10_luc_valid_agg_mae', 1.272), ('in_house_lnp_B16F10_luc_valid_agg_mse', 2.359), ('in_house_lnp_B16F10_luc_valid_contrastive_L', 0.469), ('in_house_lnp_B16F10_luc_valid_agg_rmse', 1.536), ('in_house_lnp_DC24_luc_valid_spearmanr_coeff', 0.84), ('in_house_lnp_DC24_luc_valid_spearmanr_p_val', 0.0), ('in_house_lnp_DC24_luc_valid_pearsonr_coeff', 0.867), ('in_house_lnp_DC24_luc_valid_pearsonr_p_val', 0.0), ('in_house_lnp_DC24_luc_valid_mae', 2.326), ('in_house_lnp_DC24_luc_valid_mse', 6.844), ('in_house_lnp_DC24_luc_valid_agg_mae', 2.326), ('in_house_lnp_DC24_luc_valid_agg_mse', 6.844), ('in_house_lnp_DC24_luc_valid_contrastive_L', 0.376), ('in_house_lnp_DC24_luc_valid_agg_rmse', 2.6161), ('bsz', 312.0), ('num_updates', 1506)])
2026-04-16 23:46:52 | INFO | valid | epoch 011 | valid on 'valid' subset | loss 0.078 | loss_in_house_lnp_B16F10_luc 0.043 | loss_in_house_lnp_DC24_luc 0.034 | in_house_lnp_B16F10_luc_valid_spearmanr_coeff 0.745 | in_house_lnp_B16F10_luc_valid_spearmanr_p_val 0 | in_house_lnp_B16F10_luc_valid_pearsonr_coeff 0.731 | in_house_lnp_B16F10_luc_valid_pearsonr_p_val 0 | in_house_lnp_B16F10_luc_valid_mae 1.272 | in_house_lnp_B16F10_luc_valid_mse 2.359 | in_house_lnp_B16F10_luc_valid_agg_mae 1.272 | in_house_lnp_B16F10_luc_valid_agg_mse 2.359 | in_house_lnp_B16F10_luc_valid_contrastive_L 0.469 | in_house_lnp_B16F10_luc_valid_agg_rmse 1.536 | in_house_lnp_DC24_luc_valid_spearmanr_coeff 0.84 | in_house_lnp_DC24_luc_valid_spearmanr_p_val 0 | in_house_lnp_DC24_luc_valid_pearsonr_coeff 0.867 | in_house_lnp_DC24_luc_valid_pearsonr_p_val 0 | in_house_lnp_DC24_luc_valid_mae 2.326 | in_house_lnp_DC24_luc_valid_mse 6.844 | in_house_lnp_DC24_luc_valid_agg_mae 2.326 | in_house_lnp_DC24_luc_valid_agg_mse 6.844 | in_house_lnp_DC24_luc_valid_contrastive_L 0.376 | in_house_lnp_DC24_luc_valid_agg_rmse 2.6161 | bsz 312 | num_updates 1506
validate stats:  OrderedDict([('loss', 0.078), ('loss_in_house_lnp_B16F10_luc', 0.043), ('loss_in_house_lnp_DC24_luc', 0.034), ('in_house_lnp_B16F10_luc_valid_spearmanr_coeff', 0.745), ('in_house_lnp_B16F10_luc_valid_spearmanr_p_val', 0.0), ('in_house_lnp_B16F10_luc_valid_pearsonr_coeff', 0.731), ('in_house_lnp_B16F10_luc_valid_pearsonr_p_val', 0.0), ('in_house_lnp_B16F10_luc_valid_mae', 1.272), ('in_house_lnp_B16F10_luc_valid_mse', 2.359), ('in_house_lnp_B16F10_luc_valid_agg_mae', 1.272), ('in_house_lnp_B16F10_luc_valid_agg_mse', 2.359), ('in_house_lnp_B16F10_luc_valid_contrastive_L', 0.469), ('in_house_lnp_B16F10_luc_valid_agg_rmse', 1.536), ('in_house_lnp_DC24_luc_valid_spearmanr_coeff', 0.84), ('in_house_lnp_DC24_luc_valid_spearmanr_p_val', 0.0), ('in_house_lnp_DC24_luc_valid_pearsonr_coeff', 0.867), ('in_house_lnp_DC24_luc_valid_pearsonr_p_val', 0.0), ('in_house_lnp_DC24_luc_valid_mae', 2.326), ('in_house_lnp_DC24_luc_valid_mse', 6.844), ('in_house_lnp_DC24_luc_valid_agg_mae', 2.326), ('in_house_lnp_DC24_luc_valid_agg_mse', 6.844), ('in_house_lnp_DC24_luc_valid_contrastive_L', 0.376), ('in_house_lnp_DC24_luc_valid_agg_rmse', 2.6161), ('bsz', 312.0), ('num_updates', 1506)])
2026-04-16 23:46:52 | INFO | unicore_cli.train | averaging ['in_house_lnp_B16F10_luc_valid_spearmanr_coeff', 'in_house_lnp_DC24_luc_valid_spearmanr_coeff'] for valid_spearmanr_coeff
2026-04-16 23:46:52 | INFO | unimol.core.checkpoint_utils | Preparing to save checkpoint for epoch 11 @ 1506 updates
2026-04-16 23:46:52 | INFO | unimol.core.trainer | Saving checkpoint to ./tmp_save_demo/save_InfoMax_Run/checkpoint11.pt
2026-04-16 23:46:53 | INFO | unimol.core.trainer | Finished saving checkpoint to ./tmp_save_demo/save_InfoMax_Run/checkpoint11.pt
2026-04-16 23:46:53 | INFO | unimol.core.checkpoint_utils | Saved checkpoint ./tmp_save_demo/save_InfoMax_Run/checkpoint11.pt (epoch 11 @ 1506 updates, score 0.7925) (writing took 0.7749277059920132 seconds)
2026-04-16 23:46:53 | INFO | unicore_cli.train | end of epoch 11 (average epoch stats below)
2026-04-16 23:46:53 | INFO | unimol.core.checkpoint_utils | copy ./tmp_save_demo/save_InfoMax_Run/checkpoint11.pt to ./save_demo/save_InfoMax_Run/checkpoint11.pt
2026-04-16 23:46:53 | INFO | train | epoch 011 | loss 0.086 | loss_in_house_lnp_B16F10_luc 0.046 | loss_in_house_lnp_DC24_luc 0.032 | ups 7.09 | bsz 15.9 | num_updates 1506 | lr 9.0942e-05 | gnorm 5.446 | clip 100 | loss_scale 64 | train_wall 15.61 | epoch_itr_sz 137 | gb_free 76 | wall 218
2026-04-16 23:46:53 | INFO | unimol.core.tasks.unicore_task | get EpochBatchIterator for epoch 12
2026-04-16 23:46:53 | INFO | unimol.core.trainer | begin training epoch 12
2026-04-16 23:46:53 | INFO | unicore_cli.train | Start iterating over samples
2026-04-16 23:46:55 | INFO | unimol.core.checkpoint_utils | copy ./tmp_save_demo/save_InfoMax_Run/checkpoint11.pt to ./save_demo/save_InfoMax_Run/checkpoint_best.pt
2026-04-16 23:46:55 | INFO | unimol.core.checkpoint_utils | copy ./tmp_save_demo/save_InfoMax_Run/checkpoint11.pt to ./save_demo/save_InfoMax_Run/checkpoint_last.pt
2026-04-16 23:46:56 | INFO | unimol.core.checkpoint_utils | removing temp file ./tmp_save_demo/save_InfoMax_Run/checkpoint11.pt ...
2026-04-16 23:46:56 | INFO | unimol.core.checkpoint_utils | removed ./save_demo/save_InfoMax_Run/checkpoint1.pt
2026-04-16 23:46:56 | INFO | unimol.core.checkpoint_utils | finished async ckp saving.
2026-04-16 23:47:05 | INFO | train_inner | epoch 012:     94 / 137 loss=0.081, loss_in_house_lnp_B16F10_luc=0.043, loss_in_house_lnp_DC24_luc=0.03, ups=6.63, bsz=15.9, num_updates=1600, lr=9.66184e-05, gnorm=5.514, clip=100, loss_scale=128, train_wall=11.56, gb_free=76, wall=230
2026-04-16 23:47:10 | INFO | unicore_cli.train | begin validation on "valid" subset
2026-04-16 23:47:10 | INFO | unimol.core.tasks.unicore_task | get EpochBatchIterator for epoch 1
reduce_metrics, task_name:  in_house_lnp_B16F10_luc
reduce_metrics, task_name:  in_house_lnp_DC24_luc
get_valid_stats stats:  OrderedDict([('loss', 0.079), ('loss_in_house_lnp_B16F10_luc', 0.046), ('loss_in_house_lnp_DC24_luc', 0.034), ('in_house_lnp_B16F10_luc_valid_spearmanr_coeff', 0.716), ('in_house_lnp_B16F10_luc_valid_spearmanr_p_val', 0.0), ('in_house_lnp_B16F10_luc_valid_pearsonr_coeff', 0.698), ('in_house_lnp_B16F10_luc_valid_pearsonr_p_val', 0.0), ('in_house_lnp_B16F10_luc_valid_mae', 1.842), ('in_house_lnp_B16F10_luc_valid_mse', 5.039), ('in_house_lnp_B16F10_luc_valid_agg_mae', 1.842), ('in_house_lnp_B16F10_luc_valid_agg_mse', 5.039), ('in_house_lnp_B16F10_luc_valid_contrastive_L', 0.495), ('in_house_lnp_B16F10_luc_valid_agg_rmse', 2.2447), ('in_house_lnp_DC24_luc_valid_spearmanr_coeff', 0.846), ('in_house_lnp_DC24_luc_valid_spearmanr_p_val', 0.0), ('in_house_lnp_DC24_luc_valid_pearsonr_coeff', 0.864), ('in_house_lnp_DC24_luc_valid_pearsonr_p_val', 0.0), ('in_house_lnp_DC24_luc_valid_mae', 2.266), ('in_house_lnp_DC24_luc_valid_mse', 6.432), ('in_house_lnp_DC24_luc_valid_agg_mae', 2.266), ('in_house_lnp_DC24_luc_valid_agg_mse', 6.432), ('in_house_lnp_DC24_luc_valid_contrastive_L', 0.371), ('in_house_lnp_DC24_luc_valid_agg_rmse', 2.536), ('bsz', 312.0), ('num_updates', 1643)])
2026-04-16 23:47:12 | INFO | valid | epoch 012 | valid on 'valid' subset | loss 0.079 | loss_in_house_lnp_B16F10_luc 0.046 | loss_in_house_lnp_DC24_luc 0.034 | in_house_lnp_B16F10_luc_valid_spearmanr_coeff 0.716 | in_house_lnp_B16F10_luc_valid_spearmanr_p_val 0 | in_house_lnp_B16F10_luc_valid_pearsonr_coeff 0.698 | in_house_lnp_B16F10_luc_valid_pearsonr_p_val 0 | in_house_lnp_B16F10_luc_valid_mae 1.842 | in_house_lnp_B16F10_luc_valid_mse 5.039 | in_house_lnp_B16F10_luc_valid_agg_mae 1.842 | in_house_lnp_B16F10_luc_valid_agg_mse 5.039 | in_house_lnp_B16F10_luc_valid_contrastive_L 0.495 | in_house_lnp_B16F10_luc_valid_agg_rmse 2.2447 | in_house_lnp_DC24_luc_valid_spearmanr_coeff 0.846 | in_house_lnp_DC24_luc_valid_spearmanr_p_val 0 | in_house_lnp_DC24_luc_valid_pearsonr_coeff 0.864 | in_house_lnp_DC24_luc_valid_pearsonr_p_val 0 | in_house_lnp_DC24_luc_valid_mae 2.266 | in_house_lnp_DC24_luc_valid_mse 6.432 | in_house_lnp_DC24_luc_valid_agg_mae 2.266 | in_house_lnp_DC24_luc_valid_agg_mse 6.432 | in_house_lnp_DC24_luc_valid_contrastive_L 0.371 | in_house_lnp_DC24_luc_valid_agg_rmse 2.536 | bsz 312 | num_updates 1643
validate stats:  OrderedDict([('loss', 0.079), ('loss_in_house_lnp_B16F10_luc', 0.046), ('loss_in_house_lnp_DC24_luc', 0.034), ('in_house_lnp_B16F10_luc_valid_spearmanr_coeff', 0.716), ('in_house_lnp_B16F10_luc_valid_spearmanr_p_val', 0.0), ('in_house_lnp_B16F10_luc_valid_pearsonr_coeff', 0.698), ('in_house_lnp_B16F10_luc_valid_pearsonr_p_val', 0.0), ('in_house_lnp_B16F10_luc_valid_mae', 1.842), ('in_house_lnp_B16F10_luc_valid_mse', 5.039), ('in_house_lnp_B16F10_luc_valid_agg_mae', 1.842), ('in_house_lnp_B16F10_luc_valid_agg_mse', 5.039), ('in_house_lnp_B16F10_luc_valid_contrastive_L', 0.495), ('in_house_lnp_B16F10_luc_valid_agg_rmse', 2.2447), ('in_house_lnp_DC24_luc_valid_spearmanr_coeff', 0.846), ('in_house_lnp_DC24_luc_valid_spearmanr_p_val', 0.0), ('in_house_lnp_DC24_luc_valid_pearsonr_coeff', 0.864), ('in_house_lnp_DC24_luc_valid_pearsonr_p_val', 0.0), ('in_house_lnp_DC24_luc_valid_mae', 2.266), ('in_house_lnp_DC24_luc_valid_mse', 6.432), ('in_house_lnp_DC24_luc_valid_agg_mae', 2.266), ('in_house_lnp_DC24_luc_valid_agg_mse', 6.432), ('in_house_lnp_DC24_luc_valid_contrastive_L', 0.371), ('in_house_lnp_DC24_luc_valid_agg_rmse', 2.536), ('bsz', 312.0), ('num_updates', 1643)])
2026-04-16 23:47:12 | INFO | unicore_cli.train | averaging ['in_house_lnp_B16F10_luc_valid_spearmanr_coeff', 'in_house_lnp_DC24_luc_valid_spearmanr_coeff'] for valid_spearmanr_coeff
2026-04-16 23:47:12 | INFO | unimol.core.checkpoint_utils | Preparing to save checkpoint for epoch 12 @ 1643 updates
2026-04-16 23:47:12 | INFO | unimol.core.trainer | Saving checkpoint to ./tmp_save_demo/save_InfoMax_Run/checkpoint12.pt
2026-04-16 23:47:13 | INFO | unimol.core.trainer | Finished saving checkpoint to ./tmp_save_demo/save_InfoMax_Run/checkpoint12.pt
2026-04-16 23:47:13 | INFO | unimol.core.checkpoint_utils | Saved checkpoint ./tmp_save_demo/save_InfoMax_Run/checkpoint12.pt (epoch 12 @ 1643 updates, score 0.7809999999999999) (writing took 0.7046531339874491 seconds)
2026-04-16 23:47:13 | INFO | unicore_cli.train | end of epoch 12 (average epoch stats below)
2026-04-16 23:47:13 | INFO | unimol.core.checkpoint_utils | copy ./tmp_save_demo/save_InfoMax_Run/checkpoint12.pt to ./save_demo/save_InfoMax_Run/checkpoint12.pt
2026-04-16 23:47:13 | INFO | train | epoch 012 | loss 0.082 | loss_in_house_lnp_B16F10_luc 0.043 | loss_in_house_lnp_DC24_luc 0.03 | ups 7.1 | bsz 15.9 | num_updates 1643 | lr 9.9215e-05 | gnorm 5.301 | clip 100 | loss_scale 128 | train_wall 15.61 | epoch_itr_sz 137 | gb_free 76 | wall 237
2026-04-16 23:47:13 | INFO | unimol.core.tasks.unicore_task | get EpochBatchIterator for epoch 13
2026-04-16 23:47:13 | INFO | unimol.core.trainer | begin training epoch 13
2026-04-16 23:47:13 | INFO | unicore_cli.train | Start iterating over samples
2026-04-16 23:47:14 | INFO | unimol.core.checkpoint_utils | copy ./tmp_save_demo/save_InfoMax_Run/checkpoint12.pt to ./save_demo/save_InfoMax_Run/checkpoint_last.pt
2026-04-16 23:47:14 | INFO | unimol.core.checkpoint_utils | removing temp file ./tmp_save_demo/save_InfoMax_Run/checkpoint12.pt ...
2026-04-16 23:47:14 | INFO | unimol.core.checkpoint_utils | removed ./save_demo/save_InfoMax_Run/checkpoint2.pt
2026-04-16 23:47:14 | INFO | unimol.core.checkpoint_utils | finished async ckp saving.
2026-04-16 23:47:21 | INFO | train_inner | epoch 013:     57 / 137 loss=0.083, loss_in_house_lnp_B16F10_luc=0.044, loss_in_house_lnp_DC24_luc=0.031, ups=6.58, bsz=15.9, num_updates=1700, lr=9.98304e-05, gnorm=5.802, clip=100, loss_scale=128, train_wall=11.39, gb_free=76, wall=246
2026-04-16 23:47:30 | INFO | unicore_cli.train | begin validation on "valid" subset
2026-04-16 23:47:30 | INFO | unimol.core.tasks.unicore_task | get EpochBatchIterator for epoch 1
reduce_metrics, task_name:  in_house_lnp_B16F10_luc
reduce_metrics, task_name:  in_house_lnp_DC24_luc
get_valid_stats stats:  OrderedDict([('loss', 0.079), ('loss_in_house_lnp_B16F10_luc', 0.046), ('loss_in_house_lnp_DC24_luc', 0.033), ('in_house_lnp_B16F10_luc_valid_spearmanr_coeff', 0.733), ('in_house_lnp_B16F10_luc_valid_spearmanr_p_val', 0.0), ('in_house_lnp_B16F10_luc_valid_pearsonr_coeff', 0.708), ('in_house_lnp_B16F10_luc_valid_pearsonr_p_val', 0.0), ('in_house_lnp_B16F10_luc_valid_mae', 2.582), ('in_house_lnp_B16F10_luc_valid_mse', 8.32), ('in_house_lnp_B16F10_luc_valid_agg_mae', 2.582), ('in_house_lnp_B16F10_luc_valid_agg_mse', 8.32), ('in_house_lnp_B16F10_luc_valid_contrastive_L', 0.492), ('in_house_lnp_B16F10_luc_valid_agg_rmse', 2.8845), ('in_house_lnp_DC24_luc_valid_spearmanr_coeff', 0.85), ('in_house_lnp_DC24_luc_valid_spearmanr_p_val', 0.0), ('in_house_lnp_DC24_luc_valid_pearsonr_coeff', 0.875), ('in_house_lnp_DC24_luc_valid_pearsonr_p_val', 0.0), ('in_house_lnp_DC24_luc_valid_mae', 2.63), ('in_house_lnp_DC24_luc_valid_mse', 8.547), ('in_house_lnp_DC24_luc_valid_agg_mae', 2.63), ('in_house_lnp_DC24_luc_valid_agg_mse', 8.547), ('in_house_lnp_DC24_luc_valid_contrastive_L', 0.374), ('in_house_lnp_DC24_luc_valid_agg_rmse', 2.9235), ('bsz', 312.0), ('num_updates', 1780)])
2026-04-16 23:47:31 | INFO | valid | epoch 013 | valid on 'valid' subset | loss 0.079 | loss_in_house_lnp_B16F10_luc 0.046 | loss_in_house_lnp_DC24_luc 0.033 | in_house_lnp_B16F10_luc_valid_spearmanr_coeff 0.733 | in_house_lnp_B16F10_luc_valid_spearmanr_p_val 0 | in_house_lnp_B16F10_luc_valid_pearsonr_coeff 0.708 | in_house_lnp_B16F10_luc_valid_pearsonr_p_val 0 | in_house_lnp_B16F10_luc_valid_mae 2.582 | in_house_lnp_B16F10_luc_valid_mse 8.32 | in_house_lnp_B16F10_luc_valid_agg_mae 2.582 | in_house_lnp_B16F10_luc_valid_agg_mse 8.32 | in_house_lnp_B16F10_luc_valid_contrastive_L 0.492 | in_house_lnp_B16F10_luc_valid_agg_rmse 2.8845 | in_house_lnp_DC24_luc_valid_spearmanr_coeff 0.85 | in_house_lnp_DC24_luc_valid_spearmanr_p_val 0 | in_house_lnp_DC24_luc_valid_pearsonr_coeff 0.875 | in_house_lnp_DC24_luc_valid_pearsonr_p_val 0 | in_house_lnp_DC24_luc_valid_mae 2.63 | in_house_lnp_DC24_luc_valid_mse 8.547 | in_house_lnp_DC24_luc_valid_agg_mae 2.63 | in_house_lnp_DC24_luc_valid_agg_mse 8.547 | in_house_lnp_DC24_luc_valid_contrastive_L 0.374 | in_house_lnp_DC24_luc_valid_agg_rmse 2.9235 | bsz 312 | num_updates 1780
validate stats:  OrderedDict([('loss', 0.079), ('loss_in_house_lnp_B16F10_luc', 0.046), ('loss_in_house_lnp_DC24_luc', 0.033), ('in_house_lnp_B16F10_luc_valid_spearmanr_coeff', 0.733), ('in_house_lnp_B16F10_luc_valid_spearmanr_p_val', 0.0), ('in_house_lnp_B16F10_luc_valid_pearsonr_coeff', 0.708), ('in_house_lnp_B16F10_luc_valid_pearsonr_p_val', 0.0), ('in_house_lnp_B16F10_luc_valid_mae', 2.582), ('in_house_lnp_B16F10_luc_valid_mse', 8.32), ('in_house_lnp_B16F10_luc_valid_agg_mae', 2.582), ('in_house_lnp_B16F10_luc_valid_agg_mse', 8.32), ('in_house_lnp_B16F10_luc_valid_contrastive_L', 0.492), ('in_house_lnp_B16F10_luc_valid_agg_rmse', 2.8845), ('in_house_lnp_DC24_luc_valid_spearmanr_coeff', 0.85), ('in_house_lnp_DC24_luc_valid_spearmanr_p_val', 0.0), ('in_house_lnp_DC24_luc_valid_pearsonr_coeff', 0.875), ('in_house_lnp_DC24_luc_valid_pearsonr_p_val', 0.0), ('in_house_lnp_DC24_luc_valid_mae', 2.63), ('in_house_lnp_DC24_luc_valid_mse', 8.547), ('in_house_lnp_DC24_luc_valid_agg_mae', 2.63), ('in_house_lnp_DC24_luc_valid_agg_mse', 8.547), ('in_house_lnp_DC24_luc_valid_contrastive_L', 0.374), ('in_house_lnp_DC24_luc_valid_agg_rmse', 2.9235), ('bsz', 312.0), ('num_updates', 1780)])
2026-04-16 23:47:31 | INFO | unicore_cli.train | averaging ['in_house_lnp_B16F10_luc_valid_spearmanr_coeff', 'in_house_lnp_DC24_luc_valid_spearmanr_coeff'] for valid_spearmanr_coeff
2026-04-16 23:47:31 | INFO | unimol.core.checkpoint_utils | Preparing to save checkpoint for epoch 13 @ 1780 updates
2026-04-16 23:47:31 | INFO | unimol.core.trainer | Saving checkpoint to ./tmp_save_demo/save_InfoMax_Run/checkpoint13.pt
2026-04-16 23:47:32 | INFO | unimol.core.trainer | Finished saving checkpoint to ./tmp_save_demo/save_InfoMax_Run/checkpoint13.pt
2026-04-16 23:47:32 | INFO | unimol.core.checkpoint_utils | Saved checkpoint ./tmp_save_demo/save_InfoMax_Run/checkpoint13.pt (epoch 13 @ 1780 updates, score 0.7915) (writing took 0.7457873969106004 seconds)
2026-04-16 23:47:32 | INFO | unimol.core.checkpoint_utils | copy ./tmp_save_demo/save_InfoMax_Run/checkpoint13.pt to ./save_demo/save_InfoMax_Run/checkpoint13.pt
2026-04-16 23:47:32 | INFO | unicore_cli.train | end of epoch 13 (average epoch stats below)
2026-04-16 23:47:32 | INFO | train | epoch 013 | loss 0.079 | loss_in_house_lnp_B16F10_luc 0.042 | loss_in_house_lnp_DC24_luc 0.029 | ups 6.98 | bsz 15.9 | num_updates 1780 | lr 9.9522e-05 | gnorm 6.464 | clip 98.5 | loss_scale 128 | train_wall 15.69 | epoch_itr_sz 137 | gb_free 76 | wall 257
2026-04-16 23:47:32 | INFO | unimol.core.tasks.unicore_task | get EpochBatchIterator for epoch 14
2026-04-16 23:47:32 | INFO | unimol.core.trainer | begin training epoch 14
2026-04-16 23:47:32 | INFO | unicore_cli.train | Start iterating over samples
2026-04-16 23:47:34 | INFO | unimol.core.checkpoint_utils | copy ./tmp_save_demo/save_InfoMax_Run/checkpoint13.pt to ./save_demo/save_InfoMax_Run/checkpoint_last.pt
2026-04-16 23:47:34 | INFO | unimol.core.checkpoint_utils | removing temp file ./tmp_save_demo/save_InfoMax_Run/checkpoint13.pt ...
2026-04-16 23:47:34 | INFO | unimol.core.checkpoint_utils | removed ./save_demo/save_InfoMax_Run/checkpoint3.pt
2026-04-16 23:47:34 | INFO | unimol.core.checkpoint_utils | finished async ckp saving.
2026-04-16 23:47:36 | INFO | train_inner | epoch 014:     20 / 137 loss=0.079, loss_in_house_lnp_B16F10_luc=0.042, loss_in_house_lnp_DC24_luc=0.028, ups=6.7, bsz=16, num_updates=1800, lr=9.9445e-05, gnorm=6.869, clip=98, loss_scale=256, train_wall=11.38, gb_free=76, wall=260
2026-04-16 23:47:39 | INFO | unimol.core.trainer | NOTE: gradient overflow detected, ignoring gradient, setting loss scale to: 128.0
2026-04-16 23:47:47 | INFO | train_inner | epoch 014:    121 / 137 loss=0.077, loss_in_house_lnp_B16F10_luc=0.041, loss_in_house_lnp_DC24_luc=0.028, ups=8.73, bsz=15.9, num_updates=1900, lr=9.90595e-05, gnorm=6.296, clip=100, loss_scale=128, train_wall=11.22, gb_free=76, wall=272
2026-04-16 23:47:49 | INFO | unicore_cli.train | begin validation on "valid" subset
2026-04-16 23:47:49 | INFO | unimol.core.tasks.unicore_task | get EpochBatchIterator for epoch 1
reduce_metrics, task_name:  in_house_lnp_B16F10_luc
reduce_metrics, task_name:  in_house_lnp_DC24_luc
get_valid_stats stats:  OrderedDict([('loss', 0.075), ('loss_in_house_lnp_B16F10_luc', 0.042), ('loss_in_house_lnp_DC24_luc', 0.033), ('in_house_lnp_B16F10_luc_valid_spearmanr_coeff', 0.768), ('in_house_lnp_B16F10_luc_valid_spearmanr_p_val', 0.0), ('in_house_lnp_B16F10_luc_valid_pearsonr_coeff', 0.744), ('in_house_lnp_B16F10_luc_valid_pearsonr_p_val', 0.0), ('in_house_lnp_B16F10_luc_valid_mae', 1.359), ('in_house_lnp_B16F10_luc_valid_mse', 2.848), ('in_house_lnp_B16F10_luc_valid_agg_mae', 1.359), ('in_house_lnp_B16F10_luc_valid_agg_mse', 2.848), ('in_house_lnp_B16F10_luc_valid_contrastive_L', 0.455), ('in_house_lnp_B16F10_luc_valid_agg_rmse', 1.6876), ('in_house_lnp_DC24_luc_valid_spearmanr_coeff', 0.848), ('in_house_lnp_DC24_luc_valid_spearmanr_p_val', 0.0), ('in_house_lnp_DC24_luc_valid_pearsonr_coeff', 0.884), ('in_house_lnp_DC24_luc_valid_pearsonr_p_val', 0.0), ('in_house_lnp_DC24_luc_valid_mae', 2.591), ('in_house_lnp_DC24_luc_valid_mse', 8.503), ('in_house_lnp_DC24_luc_valid_agg_mae', 2.591), ('in_house_lnp_DC24_luc_valid_agg_mse', 8.503), ('in_house_lnp_DC24_luc_valid_contrastive_L', 0.357), ('in_house_lnp_DC24_luc_valid_agg_rmse', 2.9161), ('bsz', 312.0), ('num_updates', 1916)])
2026-04-16 23:47:50 | INFO | valid | epoch 014 | valid on 'valid' subset | loss 0.075 | loss_in_house_lnp_B16F10_luc 0.042 | loss_in_house_lnp_DC24_luc 0.033 | in_house_lnp_B16F10_luc_valid_spearmanr_coeff 0.768 | in_house_lnp_B16F10_luc_valid_spearmanr_p_val 0 | in_house_lnp_B16F10_luc_valid_pearsonr_coeff 0.744 | in_house_lnp_B16F10_luc_valid_pearsonr_p_val 0 | in_house_lnp_B16F10_luc_valid_mae 1.359 | in_house_lnp_B16F10_luc_valid_mse 2.848 | in_house_lnp_B16F10_luc_valid_agg_mae 1.359 | in_house_lnp_B16F10_luc_valid_agg_mse 2.848 | in_house_lnp_B16F10_luc_valid_contrastive_L 0.455 | in_house_lnp_B16F10_luc_valid_agg_rmse 1.6876 | in_house_lnp_DC24_luc_valid_spearmanr_coeff 0.848 | in_house_lnp_DC24_luc_valid_spearmanr_p_val 0 | in_house_lnp_DC24_luc_valid_pearsonr_coeff 0.884 | in_house_lnp_DC24_luc_valid_pearsonr_p_val 0 | in_house_lnp_DC24_luc_valid_mae 2.591 | in_house_lnp_DC24_luc_valid_mse 8.503 | in_house_lnp_DC24_luc_valid_agg_mae 2.591 | in_house_lnp_DC24_luc_valid_agg_mse 8.503 | in_house_lnp_DC24_luc_valid_contrastive_L 0.357 | in_house_lnp_DC24_luc_valid_agg_rmse 2.9161 | bsz 312 | num_updates 1916
validate stats:  OrderedDict([('loss', 0.075), ('loss_in_house_lnp_B16F10_luc', 0.042), ('loss_in_house_lnp_DC24_luc', 0.033), ('in_house_lnp_B16F10_luc_valid_spearmanr_coeff', 0.768), ('in_house_lnp_B16F10_luc_valid_spearmanr_p_val', 0.0), ('in_house_lnp_B16F10_luc_valid_pearsonr_coeff', 0.744), ('in_house_lnp_B16F10_luc_valid_pearsonr_p_val', 0.0), ('in_house_lnp_B16F10_luc_valid_mae', 1.359), ('in_house_lnp_B16F10_luc_valid_mse', 2.848), ('in_house_lnp_B16F10_luc_valid_agg_mae', 1.359), ('in_house_lnp_B16F10_luc_valid_agg_mse', 2.848), ('in_house_lnp_B16F10_luc_valid_contrastive_L', 0.455), ('in_house_lnp_B16F10_luc_valid_agg_rmse', 1.6876), ('in_house_lnp_DC24_luc_valid_spearmanr_coeff', 0.848), ('in_house_lnp_DC24_luc_valid_spearmanr_p_val', 0.0), ('in_house_lnp_DC24_luc_valid_pearsonr_coeff', 0.884), ('in_house_lnp_DC24_luc_valid_pearsonr_p_val', 0.0), ('in_house_lnp_DC24_luc_valid_mae', 2.591), ('in_house_lnp_DC24_luc_valid_mse', 8.503), ('in_house_lnp_DC24_luc_valid_agg_mae', 2.591), ('in_house_lnp_DC24_luc_valid_agg_mse', 8.503), ('in_house_lnp_DC24_luc_valid_contrastive_L', 0.357), ('in_house_lnp_DC24_luc_valid_agg_rmse', 2.9161), ('bsz', 312.0), ('num_updates', 1916)])
2026-04-16 23:47:50 | INFO | unicore_cli.train | averaging ['in_house_lnp_B16F10_luc_valid_spearmanr_coeff', 'in_house_lnp_DC24_luc_valid_spearmanr_coeff'] for valid_spearmanr_coeff
2026-04-16 23:47:50 | INFO | unimol.core.checkpoint_utils | Preparing to save checkpoint for epoch 14 @ 1916 updates
2026-04-16 23:47:50 | INFO | unimol.core.trainer | Saving checkpoint to ./tmp_save_demo/save_InfoMax_Run/checkpoint14.pt
2026-04-16 23:47:51 | INFO | unimol.core.trainer | Finished saving checkpoint to ./tmp_save_demo/save_InfoMax_Run/checkpoint14.pt
2026-04-16 23:47:51 | INFO | unimol.core.checkpoint_utils | Saved checkpoint ./tmp_save_demo/save_InfoMax_Run/checkpoint14.pt (epoch 14 @ 1916 updates, score 0.808) (writing took 0.7024147500051185 seconds)
2026-04-16 23:47:51 | INFO | unimol.core.checkpoint_utils | copy ./tmp_save_demo/save_InfoMax_Run/checkpoint14.pt to ./save_demo/save_InfoMax_Run/checkpoint14.pt
2026-04-16 23:47:51 | INFO | unicore_cli.train | end of epoch 14 (average epoch stats below)
2026-04-16 23:47:51 | INFO | train | epoch 014 | loss 0.079 | loss_in_house_lnp_B16F10_luc 0.042 | loss_in_house_lnp_DC24_luc 0.029 | ups 7.2 | bsz 15.9 | num_updates 1916 | lr 9.89978e-05 | gnorm 6.409 | clip 100 | loss_scale 128 | train_wall 15.32 | epoch_itr_sz 137 | gb_free 76 | wall 276
2026-04-16 23:47:51 | INFO | unimol.core.tasks.unicore_task | get EpochBatchIterator for epoch 15
2026-04-16 23:47:51 | INFO | unimol.core.trainer | begin training epoch 15
2026-04-16 23:47:51 | INFO | unicore_cli.train | Start iterating over samples
2026-04-16 23:47:53 | INFO | unimol.core.checkpoint_utils | copy ./tmp_save_demo/save_InfoMax_Run/checkpoint14.pt to ./save_demo/save_InfoMax_Run/checkpoint_best.pt
2026-04-16 23:47:53 | INFO | unimol.core.checkpoint_utils | copy ./tmp_save_demo/save_InfoMax_Run/checkpoint14.pt to ./save_demo/save_InfoMax_Run/checkpoint_last.pt
2026-04-16 23:47:54 | INFO | unimol.core.checkpoint_utils | removing temp file ./tmp_save_demo/save_InfoMax_Run/checkpoint14.pt ...
2026-04-16 23:47:54 | INFO | unimol.core.checkpoint_utils | removed ./save_demo/save_InfoMax_Run/checkpoint4.pt
2026-04-16 23:47:54 | INFO | unimol.core.checkpoint_utils | finished async ckp saving.
2026-04-16 23:48:02 | INFO | train_inner | epoch 015:     84 / 137 loss=0.078, loss_in_house_lnp_B16F10_luc=0.041, loss_in_house_lnp_DC24_luc=0.029, ups=6.64, bsz=15.9, num_updates=2000, lr=9.86741e-05, gnorm=6.567, clip=99, loss_scale=128, train_wall=11.21, gb_free=76, wall=287
2026-04-16 23:48:08 | INFO | unicore_cli.train | begin validation on "valid" subset
2026-04-16 23:48:08 | INFO | unimol.core.tasks.unicore_task | get EpochBatchIterator for epoch 1
reduce_metrics, task_name:  in_house_lnp_B16F10_luc
reduce_metrics, task_name:  in_house_lnp_DC24_luc
get_valid_stats stats:  OrderedDict([('loss', 0.073), ('loss_in_house_lnp_B16F10_luc', 0.043), ('loss_in_house_lnp_DC24_luc', 0.029), ('in_house_lnp_B16F10_luc_valid_spearmanr_coeff', 0.76), ('in_house_lnp_B16F10_luc_valid_spearmanr_p_val', 0.0), ('in_house_lnp_B16F10_luc_valid_pearsonr_coeff', 0.727), ('in_house_lnp_B16F10_luc_valid_pearsonr_p_val', 0.0), ('in_house_lnp_B16F10_luc_valid_mae', 1.264), ('in_house_lnp_B16F10_luc_valid_mse', 2.502), ('in_house_lnp_B16F10_luc_valid_agg_mae', 1.264), ('in_house_lnp_B16F10_luc_valid_agg_mse', 2.502), ('in_house_lnp_B16F10_luc_valid_contrastive_L', 0.465), ('in_house_lnp_B16F10_luc_valid_agg_rmse', 1.5817), ('in_house_lnp_DC24_luc_valid_spearmanr_coeff', 0.869), ('in_house_lnp_DC24_luc_valid_spearmanr_p_val', 0.0), ('in_house_lnp_DC24_luc_valid_pearsonr_coeff', 0.892), ('in_house_lnp_DC24_luc_valid_pearsonr_p_val', 0.0), ('in_house_lnp_DC24_luc_valid_mae', 1.937), ('in_house_lnp_DC24_luc_valid_mse', 5.176), ('in_house_lnp_DC24_luc_valid_agg_mae', 1.937), ('in_house_lnp_DC24_luc_valid_agg_mse', 5.176), ('in_house_lnp_DC24_luc_valid_contrastive_L', 0.322), ('in_house_lnp_DC24_luc_valid_agg_rmse', 2.275), ('bsz', 312.0), ('num_updates', 2053)])
2026-04-16 23:48:10 | INFO | valid | epoch 015 | valid on 'valid' subset | loss 0.073 | loss_in_house_lnp_B16F10_luc 0.043 | loss_in_house_lnp_DC24_luc 0.029 | in_house_lnp_B16F10_luc_valid_spearmanr_coeff 0.76 | in_house_lnp_B16F10_luc_valid_spearmanr_p_val 0 | in_house_lnp_B16F10_luc_valid_pearsonr_coeff 0.727 | in_house_lnp_B16F10_luc_valid_pearsonr_p_val 0 | in_house_lnp_B16F10_luc_valid_mae 1.264 | in_house_lnp_B16F10_luc_valid_mse 2.502 | in_house_lnp_B16F10_luc_valid_agg_mae 1.264 | in_house_lnp_B16F10_luc_valid_agg_mse 2.502 | in_house_lnp_B16F10_luc_valid_contrastive_L 0.465 | in_house_lnp_B16F10_luc_valid_agg_rmse 1.5817 | in_house_lnp_DC24_luc_valid_spearmanr_coeff 0.869 | in_house_lnp_DC24_luc_valid_spearmanr_p_val 0 | in_house_lnp_DC24_luc_valid_pearsonr_coeff 0.892 | in_house_lnp_DC24_luc_valid_pearsonr_p_val 0 | in_house_lnp_DC24_luc_valid_mae 1.937 | in_house_lnp_DC24_luc_valid_mse 5.176 | in_house_lnp_DC24_luc_valid_agg_mae 1.937 | in_house_lnp_DC24_luc_valid_agg_mse 5.176 | in_house_lnp_DC24_luc_valid_contrastive_L 0.322 | in_house_lnp_DC24_luc_valid_agg_rmse 2.275 | bsz 312 | num_updates 2053
validate stats:  OrderedDict([('loss', 0.073), ('loss_in_house_lnp_B16F10_luc', 0.043), ('loss_in_house_lnp_DC24_luc', 0.029), ('in_house_lnp_B16F10_luc_valid_spearmanr_coeff', 0.76), ('in_house_lnp_B16F10_luc_valid_spearmanr_p_val', 0.0), ('in_house_lnp_B16F10_luc_valid_pearsonr_coeff', 0.727), ('in_house_lnp_B16F10_luc_valid_pearsonr_p_val', 0.0), ('in_house_lnp_B16F10_luc_valid_mae', 1.264), ('in_house_lnp_B16F10_luc_valid_mse', 2.502), ('in_house_lnp_B16F10_luc_valid_agg_mae', 1.264), ('in_house_lnp_B16F10_luc_valid_agg_mse', 2.502), ('in_house_lnp_B16F10_luc_valid_contrastive_L', 0.465), ('in_house_lnp_B16F10_luc_valid_agg_rmse', 1.5817), ('in_house_lnp_DC24_luc_valid_spearmanr_coeff', 0.869), ('in_house_lnp_DC24_luc_valid_spearmanr_p_val', 0.0), ('in_house_lnp_DC24_luc_valid_pearsonr_coeff', 0.892), ('in_house_lnp_DC24_luc_valid_pearsonr_p_val', 0.0), ('in_house_lnp_DC24_luc_valid_mae', 1.937), ('in_house_lnp_DC24_luc_valid_mse', 5.176), ('in_house_lnp_DC24_luc_valid_agg_mae', 1.937), ('in_house_lnp_DC24_luc_valid_agg_mse', 5.176), ('in_house_lnp_DC24_luc_valid_contrastive_L', 0.322), ('in_house_lnp_DC24_luc_valid_agg_rmse', 2.275), ('bsz', 312.0), ('num_updates', 2053)])
2026-04-16 23:48:10 | INFO | unicore_cli.train | averaging ['in_house_lnp_B16F10_luc_valid_spearmanr_coeff', 'in_house_lnp_DC24_luc_valid_spearmanr_coeff'] for valid_spearmanr_coeff
2026-04-16 23:48:10 | INFO | unimol.core.checkpoint_utils | Preparing to save checkpoint for epoch 15 @ 2053 updates
2026-04-16 23:48:10 | INFO | unimol.core.trainer | Saving checkpoint to ./tmp_save_demo/save_InfoMax_Run/checkpoint15.pt
2026-04-16 23:48:10 | INFO | unimol.core.trainer | Finished saving checkpoint to ./tmp_save_demo/save_InfoMax_Run/checkpoint15.pt
2026-04-16 23:48:10 | INFO | unimol.core.checkpoint_utils | Saved checkpoint ./tmp_save_demo/save_InfoMax_Run/checkpoint15.pt (epoch 15 @ 2053 updates, score 0.8145) (writing took 0.733767242054455 seconds)
2026-04-16 23:48:10 | INFO | unimol.core.checkpoint_utils | copy ./tmp_save_demo/save_InfoMax_Run/checkpoint15.pt to ./save_demo/save_InfoMax_Run/checkpoint15.pt
2026-04-16 23:48:10 | INFO | unicore_cli.train | end of epoch 15 (average epoch stats below)
2026-04-16 23:48:10 | INFO | train | epoch 015 | loss 0.079 | loss_in_house_lnp_B16F10_luc 0.042 | loss_in_house_lnp_DC24_luc 0.029 | ups 7.14 | bsz 15.9 | num_updates 2053 | lr 9.84698e-05 | gnorm 6.386 | clip 99.3 | loss_scale 128 | train_wall 15.24 | epoch_itr_sz 137 | gb_free 76 | wall 295
2026-04-16 23:48:10 | INFO | unimol.core.tasks.unicore_task | get EpochBatchIterator for epoch 16
2026-04-16 23:48:10 | INFO | unimol.core.trainer | begin training epoch 16
2026-04-16 23:48:10 | INFO | unicore_cli.train | Start iterating over samples
2026-04-16 23:48:11 | INFO | unimol.core.checkpoint_utils | copy ./tmp_save_demo/save_InfoMax_Run/checkpoint15.pt to ./save_demo/save_InfoMax_Run/checkpoint_best.pt
2026-04-16 23:48:12 | INFO | unimol.core.checkpoint_utils | copy ./tmp_save_demo/save_InfoMax_Run/checkpoint15.pt to ./save_demo/save_InfoMax_Run/checkpoint_last.pt
2026-04-16 23:48:13 | INFO | unimol.core.checkpoint_utils | removing temp file ./tmp_save_demo/save_InfoMax_Run/checkpoint15.pt ...
2026-04-16 23:48:13 | INFO | unimol.core.checkpoint_utils | removed ./save_demo/save_InfoMax_Run/checkpoint5.pt
2026-04-16 23:48:13 | INFO | unimol.core.checkpoint_utils | finished async ckp saving.
2026-04-16 23:48:17 | INFO | train_inner | epoch 016:     47 / 137 loss=0.079, loss_in_house_lnp_B16F10_luc=0.043, loss_in_house_lnp_DC24_luc=0.028, ups=6.74, bsz=16, num_updates=2100, lr=9.82886e-05, gnorm=5.143, clip=100, loss_scale=256, train_wall=11.18, gb_free=76, wall=302
2026-04-16 23:48:22 | INFO | unimol.core.trainer | NOTE: gradient overflow detected, ignoring gradient, setting loss scale to: 128.0
2026-04-16 23:48:27 | INFO | unicore_cli.train | begin validation on "valid" subset
2026-04-16 23:48:27 | INFO | unimol.core.tasks.unicore_task | get EpochBatchIterator for epoch 1
reduce_metrics, task_name:  in_house_lnp_B16F10_luc
reduce_metrics, task_name:  in_house_lnp_DC24_luc
get_valid_stats stats:  OrderedDict([('loss', 0.077), ('loss_in_house_lnp_B16F10_luc', 0.045), ('loss_in_house_lnp_DC24_luc', 0.031), ('in_house_lnp_B16F10_luc_valid_spearmanr_coeff', 0.759), ('in_house_lnp_B16F10_luc_valid_spearmanr_p_val', 0.0), ('in_house_lnp_B16F10_luc_valid_pearsonr_coeff', 0.733), ('in_house_lnp_B16F10_luc_valid_pearsonr_p_val', 0.0), ('in_house_lnp_B16F10_luc_valid_mae', 1.707), ('in_house_lnp_B16F10_luc_valid_mse', 4.321), ('in_house_lnp_B16F10_luc_valid_agg_mae', 1.707), ('in_house_lnp_B16F10_luc_valid_agg_mse', 4.321), ('in_house_lnp_B16F10_luc_valid_contrastive_L', 0.488), ('in_house_lnp_B16F10_luc_valid_agg_rmse', 2.0788), ('in_house_lnp_DC24_luc_valid_spearmanr_coeff', 0.87), ('in_house_lnp_DC24_luc_valid_spearmanr_p_val', 0.0), ('in_house_lnp_DC24_luc_valid_pearsonr_coeff', 0.884), ('in_house_lnp_DC24_luc_valid_pearsonr_p_val', 0.0), ('in_house_lnp_DC24_luc_valid_mae', 2.469), ('in_house_lnp_DC24_luc_valid_mse', 7.955), ('in_house_lnp_DC24_luc_valid_agg_mae', 2.469), ('in_house_lnp_DC24_luc_valid_agg_mse', 7.955), ('in_house_lnp_DC24_luc_valid_contrastive_L', 0.337), ('in_house_lnp_DC24_luc_valid_agg_rmse', 2.8205), ('bsz', 312.0), ('num_updates', 2189)])
2026-04-16 23:48:29 | INFO | valid | epoch 016 | valid on 'valid' subset | loss 0.077 | loss_in_house_lnp_B16F10_luc 0.045 | loss_in_house_lnp_DC24_luc 0.031 | in_house_lnp_B16F10_luc_valid_spearmanr_coeff 0.759 | in_house_lnp_B16F10_luc_valid_spearmanr_p_val 0 | in_house_lnp_B16F10_luc_valid_pearsonr_coeff 0.733 | in_house_lnp_B16F10_luc_valid_pearsonr_p_val 0 | in_house_lnp_B16F10_luc_valid_mae 1.707 | in_house_lnp_B16F10_luc_valid_mse 4.321 | in_house_lnp_B16F10_luc_valid_agg_mae 1.707 | in_house_lnp_B16F10_luc_valid_agg_mse 4.321 | in_house_lnp_B16F10_luc_valid_contrastive_L 0.488 | in_house_lnp_B16F10_luc_valid_agg_rmse 2.0788 | in_house_lnp_DC24_luc_valid_spearmanr_coeff 0.87 | in_house_lnp_DC24_luc_valid_spearmanr_p_val 0 | in_house_lnp_DC24_luc_valid_pearsonr_coeff 0.884 | in_house_lnp_DC24_luc_valid_pearsonr_p_val 0 | in_house_lnp_DC24_luc_valid_mae 2.469 | in_house_lnp_DC24_luc_valid_mse 7.955 | in_house_lnp_DC24_luc_valid_agg_mae 2.469 | in_house_lnp_DC24_luc_valid_agg_mse 7.955 | in_house_lnp_DC24_luc_valid_contrastive_L 0.337 | in_house_lnp_DC24_luc_valid_agg_rmse 2.8205 | bsz 312 | num_updates 2189
validate stats:  OrderedDict([('loss', 0.077), ('loss_in_house_lnp_B16F10_luc', 0.045), ('loss_in_house_lnp_DC24_luc', 0.031), ('in_house_lnp_B16F10_luc_valid_spearmanr_coeff', 0.759), ('in_house_lnp_B16F10_luc_valid_spearmanr_p_val', 0.0), ('in_house_lnp_B16F10_luc_valid_pearsonr_coeff', 0.733), ('in_house_lnp_B16F10_luc_valid_pearsonr_p_val', 0.0), ('in_house_lnp_B16F10_luc_valid_mae', 1.707), ('in_house_lnp_B16F10_luc_valid_mse', 4.321), ('in_house_lnp_B16F10_luc_valid_agg_mae', 1.707), ('in_house_lnp_B16F10_luc_valid_agg_mse', 4.321), ('in_house_lnp_B16F10_luc_valid_contrastive_L', 0.488), ('in_house_lnp_B16F10_luc_valid_agg_rmse', 2.0788), ('in_house_lnp_DC24_luc_valid_spearmanr_coeff', 0.87), ('in_house_lnp_DC24_luc_valid_spearmanr_p_val', 0.0), ('in_house_lnp_DC24_luc_valid_pearsonr_coeff', 0.884), ('in_house_lnp_DC24_luc_valid_pearsonr_p_val', 0.0), ('in_house_lnp_DC24_luc_valid_mae', 2.469), ('in_house_lnp_DC24_luc_valid_mse', 7.955), ('in_house_lnp_DC24_luc_valid_agg_mae', 2.469), ('in_house_lnp_DC24_luc_valid_agg_mse', 7.955), ('in_house_lnp_DC24_luc_valid_contrastive_L', 0.337), ('in_house_lnp_DC24_luc_valid_agg_rmse', 2.8205), ('bsz', 312.0), ('num_updates', 2189)])
2026-04-16 23:48:29 | INFO | unicore_cli.train | averaging ['in_house_lnp_B16F10_luc_valid_spearmanr_coeff', 'in_house_lnp_DC24_luc_valid_spearmanr_coeff'] for valid_spearmanr_coeff
2026-04-16 23:48:29 | INFO | unimol.core.checkpoint_utils | Preparing to save checkpoint for epoch 16 @ 2189 updates
2026-04-16 23:48:29 | INFO | unimol.core.trainer | Saving checkpoint to ./tmp_save_demo/save_InfoMax_Run/checkpoint16.pt
2026-04-16 23:48:30 | INFO | unimol.core.trainer | Finished saving checkpoint to ./tmp_save_demo/save_InfoMax_Run/checkpoint16.pt
2026-04-16 23:48:30 | INFO | unimol.core.checkpoint_utils | Saved checkpoint ./tmp_save_demo/save_InfoMax_Run/checkpoint16.pt (epoch 16 @ 2189 updates, score 0.8145) (writing took 0.721245493972674 seconds)
2026-04-16 23:48:30 | INFO | unimol.core.checkpoint_utils | copy ./tmp_save_demo/save_InfoMax_Run/checkpoint16.pt to ./save_demo/save_InfoMax_Run/checkpoint16.pt
2026-04-16 23:48:30 | INFO | unicore_cli.train | end of epoch 16 (average epoch stats below)
2026-04-16 23:48:30 | INFO | train | epoch 016 | loss 0.077 | loss_in_house_lnp_B16F10_luc 0.042 | loss_in_house_lnp_DC24_luc 0.028 | ups 6.95 | bsz 15.9 | num_updates 2189 | lr 9.79456e-05 | gnorm 5.506 | clip 98.5 | loss_scale 128 | train_wall 15.66 | epoch_itr_sz 137 | gb_free 76.1 | wall 315
2026-04-16 23:48:30 | INFO | unimol.core.tasks.unicore_task | get EpochBatchIterator for epoch 17
2026-04-16 23:48:30 | INFO | unimol.core.trainer | begin training epoch 17
2026-04-16 23:48:30 | INFO | unicore_cli.train | Start iterating over samples
2026-04-16 23:48:31 | INFO | unimol.core.checkpoint_utils | copy ./tmp_save_demo/save_InfoMax_Run/checkpoint16.pt to ./save_demo/save_InfoMax_Run/checkpoint_best.pt
2026-04-16 23:48:32 | INFO | unimol.core.checkpoint_utils | copy ./tmp_save_demo/save_InfoMax_Run/checkpoint16.pt to ./save_demo/save_InfoMax_Run/checkpoint_last.pt
2026-04-16 23:48:32 | INFO | unimol.core.checkpoint_utils | removing temp file ./tmp_save_demo/save_InfoMax_Run/checkpoint16.pt ...
2026-04-16 23:48:32 | INFO | unimol.core.checkpoint_utils | removed ./save_demo/save_InfoMax_Run/checkpoint6.pt
2026-04-16 23:48:32 | INFO | unimol.core.checkpoint_utils | finished async ckp saving.
2026-04-16 23:48:32 | INFO | train_inner | epoch 017:     11 / 137 loss=0.077, loss_in_house_lnp_B16F10_luc=0.041, loss_in_house_lnp_DC24_luc=0.028, ups=6.56, bsz=15.9, num_updates=2200, lr=9.79032e-05, gnorm=6.136, clip=98, loss_scale=128, train_wall=11.6, gb_free=76, wall=317
2026-04-16 23:48:44 | INFO | train_inner | epoch 017:    111 / 137 loss=0.076, loss_in_house_lnp_B16F10_luc=0.041, loss_in_house_lnp_DC24_luc=0.027, ups=8.66, bsz=15.9, num_updates=2300, lr=9.75177e-05, gnorm=5.823, clip=99, loss_scale=128, train_wall=11.29, gb_free=76, wall=329
2026-04-16 23:48:47 | INFO | unicore_cli.train | begin validation on "valid" subset
2026-04-16 23:48:47 | INFO | unimol.core.tasks.unicore_task | get EpochBatchIterator for epoch 1
reduce_metrics, task_name:  in_house_lnp_B16F10_luc
reduce_metrics, task_name:  in_house_lnp_DC24_luc
get_valid_stats stats:  OrderedDict([('loss', 0.076), ('loss_in_house_lnp_B16F10_luc', 0.044), ('loss_in_house_lnp_DC24_luc', 0.032), ('in_house_lnp_B16F10_luc_valid_spearmanr_coeff', 0.748), ('in_house_lnp_B16F10_luc_valid_spearmanr_p_val', 0.0), ('in_house_lnp_B16F10_luc_valid_pearsonr_coeff', 0.731), ('in_house_lnp_B16F10_luc_valid_pearsonr_p_val', 0.0), ('in_house_lnp_B16F10_luc_valid_mae', 1.346), ('in_house_lnp_B16F10_luc_valid_mse', 2.635), ('in_house_lnp_B16F10_luc_valid_agg_mae', 1.346), ('in_house_lnp_B16F10_luc_valid_agg_mse', 2.635), ('in_house_lnp_B16F10_luc_valid_contrastive_L', 0.468), ('in_house_lnp_B16F10_luc_valid_agg_rmse', 1.6233), ('in_house_lnp_DC24_luc_valid_spearmanr_coeff', 0.86), ('in_house_lnp_DC24_luc_valid_spearmanr_p_val', 0.0), ('in_house_lnp_DC24_luc_valid_pearsonr_coeff', 0.886), ('in_house_lnp_DC24_luc_valid_pearsonr_p_val', 0.0), ('in_house_lnp_DC24_luc_valid_mae', 2.524), ('in_house_lnp_DC24_luc_valid_mse', 7.98), ('in_house_lnp_DC24_luc_valid_agg_mae', 2.524), ('in_house_lnp_DC24_luc_valid_agg_mse', 7.98), ('in_house_lnp_DC24_luc_valid_contrastive_L', 0.346), ('in_house_lnp_DC24_luc_valid_agg_rmse', 2.825), ('bsz', 312.0), ('num_updates', 2326)])
2026-04-16 23:48:48 | INFO | valid | epoch 017 | valid on 'valid' subset | loss 0.076 | loss_in_house_lnp_B16F10_luc 0.044 | loss_in_house_lnp_DC24_luc 0.032 | in_house_lnp_B16F10_luc_valid_spearmanr_coeff 0.748 | in_house_lnp_B16F10_luc_valid_spearmanr_p_val 0 | in_house_lnp_B16F10_luc_valid_pearsonr_coeff 0.731 | in_house_lnp_B16F10_luc_valid_pearsonr_p_val 0 | in_house_lnp_B16F10_luc_valid_mae 1.346 | in_house_lnp_B16F10_luc_valid_mse 2.635 | in_house_lnp_B16F10_luc_valid_agg_mae 1.346 | in_house_lnp_B16F10_luc_valid_agg_mse 2.635 | in_house_lnp_B16F10_luc_valid_contrastive_L 0.468 | in_house_lnp_B16F10_luc_valid_agg_rmse 1.6233 | in_house_lnp_DC24_luc_valid_spearmanr_coeff 0.86 | in_house_lnp_DC24_luc_valid_spearmanr_p_val 0 | in_house_lnp_DC24_luc_valid_pearsonr_coeff 0.886 | in_house_lnp_DC24_luc_valid_pearsonr_p_val 0 | in_house_lnp_DC24_luc_valid_mae 2.524 | in_house_lnp_DC24_luc_valid_mse 7.98 | in_house_lnp_DC24_luc_valid_agg_mae 2.524 | in_house_lnp_DC24_luc_valid_agg_mse 7.98 | in_house_lnp_DC24_luc_valid_contrastive_L 0.346 | in_house_lnp_DC24_luc_valid_agg_rmse 2.825 | bsz 312 | num_updates 2326
validate stats:  OrderedDict([('loss', 0.076), ('loss_in_house_lnp_B16F10_luc', 0.044), ('loss_in_house_lnp_DC24_luc', 0.032), ('in_house_lnp_B16F10_luc_valid_spearmanr_coeff', 0.748), ('in_house_lnp_B16F10_luc_valid_spearmanr_p_val', 0.0), ('in_house_lnp_B16F10_luc_valid_pearsonr_coeff', 0.731), ('in_house_lnp_B16F10_luc_valid_pearsonr_p_val', 0.0), ('in_house_lnp_B16F10_luc_valid_mae', 1.346), ('in_house_lnp_B16F10_luc_valid_mse', 2.635), ('in_house_lnp_B16F10_luc_valid_agg_mae', 1.346), ('in_house_lnp_B16F10_luc_valid_agg_mse', 2.635), ('in_house_lnp_B16F10_luc_valid_contrastive_L', 0.468), ('in_house_lnp_B16F10_luc_valid_agg_rmse', 1.6233), ('in_house_lnp_DC24_luc_valid_spearmanr_coeff', 0.86), ('in_house_lnp_DC24_luc_valid_spearmanr_p_val', 0.0), ('in_house_lnp_DC24_luc_valid_pearsonr_coeff', 0.886), ('in_house_lnp_DC24_luc_valid_pearsonr_p_val', 0.0), ('in_house_lnp_DC24_luc_valid_mae', 2.524), ('in_house_lnp_DC24_luc_valid_mse', 7.98), ('in_house_lnp_DC24_luc_valid_agg_mae', 2.524), ('in_house_lnp_DC24_luc_valid_agg_mse', 7.98), ('in_house_lnp_DC24_luc_valid_contrastive_L', 0.346), ('in_house_lnp_DC24_luc_valid_agg_rmse', 2.825), ('bsz', 312.0), ('num_updates', 2326)])
2026-04-16 23:48:48 | INFO | unicore_cli.train | averaging ['in_house_lnp_B16F10_luc_valid_spearmanr_coeff', 'in_house_lnp_DC24_luc_valid_spearmanr_coeff'] for valid_spearmanr_coeff
2026-04-16 23:48:48 | INFO | unimol.core.checkpoint_utils | Preparing to save checkpoint for epoch 17 @ 2326 updates
2026-04-16 23:48:48 | INFO | unimol.core.trainer | Saving checkpoint to ./tmp_save_demo/save_InfoMax_Run/checkpoint17.pt
2026-04-16 23:48:49 | INFO | unimol.core.trainer | Finished saving checkpoint to ./tmp_save_demo/save_InfoMax_Run/checkpoint17.pt
2026-04-16 23:48:49 | INFO | unimol.core.checkpoint_utils | Saved checkpoint ./tmp_save_demo/save_InfoMax_Run/checkpoint17.pt (epoch 17 @ 2326 updates, score 0.804) (writing took 0.7250521740643308 seconds)
2026-04-16 23:48:49 | INFO | unimol.core.checkpoint_utils | copy ./tmp_save_demo/save_InfoMax_Run/checkpoint17.pt to ./save_demo/save_InfoMax_Run/checkpoint17.pt
2026-04-16 23:48:49 | INFO | unicore_cli.train | end of epoch 17 (average epoch stats below)
2026-04-16 23:48:49 | INFO | train | epoch 017 | loss 0.076 | loss_in_house_lnp_B16F10_luc 0.041 | loss_in_house_lnp_DC24_luc 0.027 | ups 7.18 | bsz 15.9 | num_updates 2326 | lr 9.74175e-05 | gnorm 5.9 | clip 99.3 | loss_scale 128 | train_wall 15.42 | epoch_itr_sz 137 | gb_free 76 | wall 334
2026-04-16 23:48:49 | INFO | unimol.core.tasks.unicore_task | get EpochBatchIterator for epoch 18
2026-04-16 23:48:49 | INFO | unimol.core.trainer | begin training epoch 18
2026-04-16 23:48:49 | INFO | unicore_cli.train | Start iterating over samples
2026-04-16 23:48:50 | INFO | unimol.core.checkpoint_utils | copy ./tmp_save_demo/save_InfoMax_Run/checkpoint17.pt to ./save_demo/save_InfoMax_Run/checkpoint_last.pt
2026-04-16 23:48:51 | INFO | unimol.core.checkpoint_utils | removing temp file ./tmp_save_demo/save_InfoMax_Run/checkpoint17.pt ...
2026-04-16 23:48:51 | INFO | unimol.core.checkpoint_utils | removed ./save_demo/save_InfoMax_Run/checkpoint7.pt
2026-04-16 23:48:51 | INFO | unimol.core.checkpoint_utils | finished async ckp saving.
2026-04-16 23:48:59 | INFO | train_inner | epoch 018:     74 / 137 loss=0.077, loss_in_house_lnp_B16F10_luc=0.041, loss_in_house_lnp_DC24_luc=0.028, ups=6.67, bsz=16, num_updates=2400, lr=9.71323e-05, gnorm=5.968, clip=99, loss_scale=256, train_wall=11.3, gb_free=76, wall=344
2026-04-16 23:49:06 | INFO | unicore_cli.train | begin validation on "valid" subset
2026-04-16 23:49:06 | INFO | unimol.core.tasks.unicore_task | get EpochBatchIterator for epoch 1
reduce_metrics, task_name:  in_house_lnp_B16F10_luc
reduce_metrics, task_name:  in_house_lnp_DC24_luc
get_valid_stats stats:  OrderedDict([('loss', 0.074), ('loss_in_house_lnp_B16F10_luc', 0.043), ('loss_in_house_lnp_DC24_luc', 0.031), ('in_house_lnp_B16F10_luc_valid_spearmanr_coeff', 0.761), ('in_house_lnp_B16F10_luc_valid_spearmanr_p_val', 0.0), ('in_house_lnp_B16F10_luc_valid_pearsonr_coeff', 0.741), ('in_house_lnp_B16F10_luc_valid_pearsonr_p_val', 0.0), ('in_house_lnp_B16F10_luc_valid_mae', 1.618), ('in_house_lnp_B16F10_luc_valid_mse', 3.891), ('in_house_lnp_B16F10_luc_valid_agg_mae', 1.618), ('in_house_lnp_B16F10_luc_valid_agg_mse', 3.891), ('in_house_lnp_B16F10_luc_valid_contrastive_L', 0.463), ('in_house_lnp_B16F10_luc_valid_agg_rmse', 1.9726), ('in_house_lnp_DC24_luc_valid_spearmanr_coeff', 0.878), ('in_house_lnp_DC24_luc_valid_spearmanr_p_val', 0.0), ('in_house_lnp_DC24_luc_valid_pearsonr_coeff', 0.889), ('in_house_lnp_DC24_luc_valid_pearsonr_p_val', 0.0), ('in_house_lnp_DC24_luc_valid_mae', 2.74), ('in_house_lnp_DC24_luc_valid_mse', 9.238), ('in_house_lnp_DC24_luc_valid_agg_mae', 2.74), ('in_house_lnp_DC24_luc_valid_agg_mse', 9.238), ('in_house_lnp_DC24_luc_valid_contrastive_L', 0.33), ('in_house_lnp_DC24_luc_valid_agg_rmse', 3.0394), ('bsz', 312.0), ('num_updates', 2463)])
2026-04-16 23:49:07 | INFO | valid | epoch 018 | valid on 'valid' subset | loss 0.074 | loss_in_house_lnp_B16F10_luc 0.043 | loss_in_house_lnp_DC24_luc 0.031 | in_house_lnp_B16F10_luc_valid_spearmanr_coeff 0.761 | in_house_lnp_B16F10_luc_valid_spearmanr_p_val 0 | in_house_lnp_B16F10_luc_valid_pearsonr_coeff 0.741 | in_house_lnp_B16F10_luc_valid_pearsonr_p_val 0 | in_house_lnp_B16F10_luc_valid_mae 1.618 | in_house_lnp_B16F10_luc_valid_mse 3.891 | in_house_lnp_B16F10_luc_valid_agg_mae 1.618 | in_house_lnp_B16F10_luc_valid_agg_mse 3.891 | in_house_lnp_B16F10_luc_valid_contrastive_L 0.463 | in_house_lnp_B16F10_luc_valid_agg_rmse 1.9726 | in_house_lnp_DC24_luc_valid_spearmanr_coeff 0.878 | in_house_lnp_DC24_luc_valid_spearmanr_p_val 0 | in_house_lnp_DC24_luc_valid_pearsonr_coeff 0.889 | in_house_lnp_DC24_luc_valid_pearsonr_p_val 0 | in_house_lnp_DC24_luc_valid_mae 2.74 | in_house_lnp_DC24_luc_valid_mse 9.238 | in_house_lnp_DC24_luc_valid_agg_mae 2.74 | in_house_lnp_DC24_luc_valid_agg_mse 9.238 | in_house_lnp_DC24_luc_valid_contrastive_L 0.33 | in_house_lnp_DC24_luc_valid_agg_rmse 3.0394 | bsz 312 | num_updates 2463
validate stats:  OrderedDict([('loss', 0.074), ('loss_in_house_lnp_B16F10_luc', 0.043), ('loss_in_house_lnp_DC24_luc', 0.031), ('in_house_lnp_B16F10_luc_valid_spearmanr_coeff', 0.761), ('in_house_lnp_B16F10_luc_valid_spearmanr_p_val', 0.0), ('in_house_lnp_B16F10_luc_valid_pearsonr_coeff', 0.741), ('in_house_lnp_B16F10_luc_valid_pearsonr_p_val', 0.0), ('in_house_lnp_B16F10_luc_valid_mae', 1.618), ('in_house_lnp_B16F10_luc_valid_mse', 3.891), ('in_house_lnp_B16F10_luc_valid_agg_mae', 1.618), ('in_house_lnp_B16F10_luc_valid_agg_mse', 3.891), ('in_house_lnp_B16F10_luc_valid_contrastive_L', 0.463), ('in_house_lnp_B16F10_luc_valid_agg_rmse', 1.9726), ('in_house_lnp_DC24_luc_valid_spearmanr_coeff', 0.878), ('in_house_lnp_DC24_luc_valid_spearmanr_p_val', 0.0), ('in_house_lnp_DC24_luc_valid_pearsonr_coeff', 0.889), ('in_house_lnp_DC24_luc_valid_pearsonr_p_val', 0.0), ('in_house_lnp_DC24_luc_valid_mae', 2.74), ('in_house_lnp_DC24_luc_valid_mse', 9.238), ('in_house_lnp_DC24_luc_valid_agg_mae', 2.74), ('in_house_lnp_DC24_luc_valid_agg_mse', 9.238), ('in_house_lnp_DC24_luc_valid_contrastive_L', 0.33), ('in_house_lnp_DC24_luc_valid_agg_rmse', 3.0394), ('bsz', 312.0), ('num_updates', 2463)])
2026-04-16 23:49:07 | INFO | unicore_cli.train | averaging ['in_house_lnp_B16F10_luc_valid_spearmanr_coeff', 'in_house_lnp_DC24_luc_valid_spearmanr_coeff'] for valid_spearmanr_coeff
2026-04-16 23:49:07 | INFO | unimol.core.checkpoint_utils | Preparing to save checkpoint for epoch 18 @ 2463 updates
2026-04-16 23:49:07 | INFO | unimol.core.trainer | Saving checkpoint to ./tmp_save_demo/save_InfoMax_Run/checkpoint18.pt
2026-04-16 23:49:08 | INFO | unimol.core.trainer | Finished saving checkpoint to ./tmp_save_demo/save_InfoMax_Run/checkpoint18.pt
2026-04-16 23:49:08 | INFO | unimol.core.checkpoint_utils | Saved checkpoint ./tmp_save_demo/save_InfoMax_Run/checkpoint18.pt (epoch 18 @ 2463 updates, score 0.8195) (writing took 0.7105943120550364 seconds)
2026-04-16 23:49:08 | INFO | unimol.core.checkpoint_utils | copy ./tmp_save_demo/save_InfoMax_Run/checkpoint18.pt to ./save_demo/save_InfoMax_Run/checkpoint18.pt
2026-04-16 23:49:08 | INFO | unicore_cli.train | end of epoch 18 (average epoch stats below)
2026-04-16 23:49:08 | INFO | train | epoch 018 | loss 0.076 | loss_in_house_lnp_B16F10_luc 0.04 | loss_in_house_lnp_DC24_luc 0.027 | ups 7.19 | bsz 15.9 | num_updates 2463 | lr 9.68895e-05 | gnorm 6.104 | clip 98.5 | loss_scale 256 | train_wall 15.47 | epoch_itr_sz 137 | gb_free 76 | wall 353
2026-04-16 23:49:08 | INFO | unimol.core.tasks.unicore_task | get EpochBatchIterator for epoch 19
2026-04-16 23:49:08 | INFO | unimol.core.trainer | begin training epoch 19
2026-04-16 23:49:08 | INFO | unicore_cli.train | Start iterating over samples
2026-04-16 23:49:09 | INFO | unimol.core.checkpoint_utils | copy ./tmp_save_demo/save_InfoMax_Run/checkpoint18.pt to ./save_demo/save_InfoMax_Run/checkpoint_best.pt
2026-04-16 23:49:10 | INFO | unimol.core.checkpoint_utils | copy ./tmp_save_demo/save_InfoMax_Run/checkpoint18.pt to ./save_demo/save_InfoMax_Run/checkpoint_last.pt
2026-04-16 23:49:10 | INFO | unimol.core.checkpoint_utils | removing temp file ./tmp_save_demo/save_InfoMax_Run/checkpoint18.pt ...
2026-04-16 23:49:10 | INFO | unimol.core.checkpoint_utils | removed ./save_demo/save_InfoMax_Run/checkpoint8.pt
2026-04-16 23:49:10 | INFO | unimol.core.checkpoint_utils | finished async ckp saving.
2026-04-16 23:49:13 | INFO | train_inner | epoch 019:     37 / 137 loss=0.072, loss_in_house_lnp_B16F10_luc=0.038, loss_in_house_lnp_DC24_luc=0.026, ups=6.8, bsz=15.9, num_updates=2500, lr=9.67468e-05, gnorm=5.685, clip=98, loss_scale=256, train_wall=11.3, gb_free=76, wall=358
2026-04-16 23:49:23 | INFO | unimol.core.trainer | NOTE: gradient overflow detected, ignoring gradient, setting loss scale to: 128.0
2026-04-16 23:49:25 | INFO | unicore_cli.train | begin validation on "valid" subset
2026-04-16 23:49:25 | INFO | unimol.core.tasks.unicore_task | get EpochBatchIterator for epoch 1
reduce_metrics, task_name:  in_house_lnp_B16F10_luc
reduce_metrics, task_name:  in_house_lnp_DC24_luc
get_valid_stats stats:  OrderedDict([('loss', 0.079), ('loss_in_house_lnp_B16F10_luc', 0.046), ('loss_in_house_lnp_DC24_luc', 0.033), ('in_house_lnp_B16F10_luc_valid_spearmanr_coeff', 0.723), ('in_house_lnp_B16F10_luc_valid_spearmanr_p_val', 0.0), ('in_house_lnp_B16F10_luc_valid_pearsonr_coeff', 0.712), ('in_house_lnp_B16F10_luc_valid_pearsonr_p_val', 0.0), ('in_house_lnp_B16F10_luc_valid_mae', 1.617), ('in_house_lnp_B16F10_luc_valid_mse', 4.017), ('in_house_lnp_B16F10_luc_valid_agg_mae', 1.617), ('in_house_lnp_B16F10_luc_valid_agg_mse', 4.017), ('in_house_lnp_B16F10_luc_valid_contrastive_L', 0.496), ('in_house_lnp_B16F10_luc_valid_agg_rmse', 2.0043), ('in_house_lnp_DC24_luc_valid_spearmanr_coeff', 0.866), ('in_house_lnp_DC24_luc_valid_spearmanr_p_val', 0.0), ('in_house_lnp_DC24_luc_valid_pearsonr_coeff', 0.885), ('in_house_lnp_DC24_luc_valid_pearsonr_p_val', 0.0), ('in_house_lnp_DC24_luc_valid_mae', 2.515), ('in_house_lnp_DC24_luc_valid_mse', 8.422), ('in_house_lnp_DC24_luc_valid_agg_mae', 2.515), ('in_house_lnp_DC24_luc_valid_agg_mse', 8.422), ('in_house_lnp_DC24_luc_valid_contrastive_L', 0.341), ('in_house_lnp_DC24_luc_valid_agg_rmse', 2.902), ('bsz', 312.0), ('num_updates', 2599)])
2026-04-16 23:49:26 | INFO | valid | epoch 019 | valid on 'valid' subset | loss 0.079 | loss_in_house_lnp_B16F10_luc 0.046 | loss_in_house_lnp_DC24_luc 0.033 | in_house_lnp_B16F10_luc_valid_spearmanr_coeff 0.723 | in_house_lnp_B16F10_luc_valid_spearmanr_p_val 0 | in_house_lnp_B16F10_luc_valid_pearsonr_coeff 0.712 | in_house_lnp_B16F10_luc_valid_pearsonr_p_val 0 | in_house_lnp_B16F10_luc_valid_mae 1.617 | in_house_lnp_B16F10_luc_valid_mse 4.017 | in_house_lnp_B16F10_luc_valid_agg_mae 1.617 | in_house_lnp_B16F10_luc_valid_agg_mse 4.017 | in_house_lnp_B16F10_luc_valid_contrastive_L 0.496 | in_house_lnp_B16F10_luc_valid_agg_rmse 2.0043 | in_house_lnp_DC24_luc_valid_spearmanr_coeff 0.866 | in_house_lnp_DC24_luc_valid_spearmanr_p_val 0 | in_house_lnp_DC24_luc_valid_pearsonr_coeff 0.885 | in_house_lnp_DC24_luc_valid_pearsonr_p_val 0 | in_house_lnp_DC24_luc_valid_mae 2.515 | in_house_lnp_DC24_luc_valid_mse 8.422 | in_house_lnp_DC24_luc_valid_agg_mae 2.515 | in_house_lnp_DC24_luc_valid_agg_mse 8.422 | in_house_lnp_DC24_luc_valid_contrastive_L 0.341 | in_house_lnp_DC24_luc_valid_agg_rmse 2.902 | bsz 312 | num_updates 2599
validate stats:  OrderedDict([('loss', 0.079), ('loss_in_house_lnp_B16F10_luc', 0.046), ('loss_in_house_lnp_DC24_luc', 0.033), ('in_house_lnp_B16F10_luc_valid_spearmanr_coeff', 0.723), ('in_house_lnp_B16F10_luc_valid_spearmanr_p_val', 0.0), ('in_house_lnp_B16F10_luc_valid_pearsonr_coeff', 0.712), ('in_house_lnp_B16F10_luc_valid_pearsonr_p_val', 0.0), ('in_house_lnp_B16F10_luc_valid_mae', 1.617), ('in_house_lnp_B16F10_luc_valid_mse', 4.017), ('in_house_lnp_B16F10_luc_valid_agg_mae', 1.617), ('in_house_lnp_B16F10_luc_valid_agg_mse', 4.017), ('in_house_lnp_B16F10_luc_valid_contrastive_L', 0.496), ('in_house_lnp_B16F10_luc_valid_agg_rmse', 2.0043), ('in_house_lnp_DC24_luc_valid_spearmanr_coeff', 0.866), ('in_house_lnp_DC24_luc_valid_spearmanr_p_val', 0.0), ('in_house_lnp_DC24_luc_valid_pearsonr_coeff', 0.885), ('in_house_lnp_DC24_luc_valid_pearsonr_p_val', 0.0), ('in_house_lnp_DC24_luc_valid_mae', 2.515), ('in_house_lnp_DC24_luc_valid_mse', 8.422), ('in_house_lnp_DC24_luc_valid_agg_mae', 2.515), ('in_house_lnp_DC24_luc_valid_agg_mse', 8.422), ('in_house_lnp_DC24_luc_valid_contrastive_L', 0.341), ('in_house_lnp_DC24_luc_valid_agg_rmse', 2.902), ('bsz', 312.0), ('num_updates', 2599)])
2026-04-16 23:49:26 | INFO | unicore_cli.train | averaging ['in_house_lnp_B16F10_luc_valid_spearmanr_coeff', 'in_house_lnp_DC24_luc_valid_spearmanr_coeff'] for valid_spearmanr_coeff
2026-04-16 23:49:26 | INFO | unimol.core.checkpoint_utils | Preparing to save checkpoint for epoch 19 @ 2599 updates
2026-04-16 23:49:26 | INFO | unimol.core.trainer | Saving checkpoint to ./tmp_save_demo/save_InfoMax_Run/checkpoint19.pt
2026-04-16 23:49:27 | INFO | unimol.core.trainer | Finished saving checkpoint to ./tmp_save_demo/save_InfoMax_Run/checkpoint19.pt
2026-04-16 23:49:27 | INFO | unimol.core.checkpoint_utils | Saved checkpoint ./tmp_save_demo/save_InfoMax_Run/checkpoint19.pt (epoch 19 @ 2599 updates, score 0.7945) (writing took 0.726646824972704 seconds)
2026-04-16 23:49:27 | INFO | unicore_cli.train | end of epoch 19 (average epoch stats below)
2026-04-16 23:49:27 | INFO | unimol.core.checkpoint_utils | copy ./tmp_save_demo/save_InfoMax_Run/checkpoint19.pt to ./save_demo/save_InfoMax_Run/checkpoint19.pt
2026-04-16 23:49:27 | INFO | train | epoch 019 | loss 0.075 | loss_in_house_lnp_B16F10_luc 0.039 | loss_in_house_lnp_DC24_luc 0.027 | ups 7.17 | bsz 15.9 | num_updates 2599 | lr 9.63652e-05 | gnorm 6.634 | clip 99.3 | loss_scale 128 | train_wall 15.39 | epoch_itr_sz 137 | gb_free 76 | wall 372
2026-04-16 23:49:27 | INFO | unimol.core.tasks.unicore_task | get EpochBatchIterator for epoch 20
2026-04-16 23:49:27 | INFO | unimol.core.trainer | begin training epoch 20
2026-04-16 23:49:27 | INFO | unicore_cli.train | Start iterating over samples
2026-04-16 23:49:28 | INFO | unimol.core.checkpoint_utils | copy ./tmp_save_demo/save_InfoMax_Run/checkpoint19.pt to ./save_demo/save_InfoMax_Run/checkpoint_last.pt
2026-04-16 23:49:28 | INFO | train_inner | epoch 020:      1 / 137 loss=0.077, loss_in_house_lnp_B16F10_luc=0.04, loss_in_house_lnp_DC24_luc=0.028, ups=6.74, bsz=15.9, num_updates=2600, lr=9.63614e-05, gnorm=7.488, clip=100, loss_scale=128, train_wall=11.17, gb_free=76, wall=373
2026-04-16 23:49:29 | INFO | unimol.core.checkpoint_utils | removing temp file ./tmp_save_demo/save_InfoMax_Run/checkpoint19.pt ...
2026-04-16 23:49:29 | INFO | unimol.core.checkpoint_utils | removed ./save_demo/save_InfoMax_Run/checkpoint9.pt
2026-04-16 23:49:29 | INFO | unimol.core.checkpoint_utils | finished async ckp saving.
2026-04-16 23:49:40 | INFO | train_inner | epoch 020:    101 / 137 loss=0.072, loss_in_house_lnp_B16F10_luc=0.039, loss_in_house_lnp_DC24_luc=0.026, ups=8.81, bsz=16, num_updates=2700, lr=9.59759e-05, gnorm=6.469, clip=100, loss_scale=128, train_wall=11.1, gb_free=76.1, wall=385
2026-04-16 23:49:44 | INFO | unicore_cli.train | begin validation on "valid" subset
2026-04-16 23:49:44 | INFO | unimol.core.tasks.unicore_task | get EpochBatchIterator for epoch 1
reduce_metrics, task_name:  in_house_lnp_B16F10_luc
reduce_metrics, task_name:  in_house_lnp_DC24_luc
get_valid_stats stats:  OrderedDict([('loss', 0.072), ('loss_in_house_lnp_B16F10_luc', 0.043), ('loss_in_house_lnp_DC24_luc', 0.029), ('in_house_lnp_B16F10_luc_valid_spearmanr_coeff', 0.783), ('in_house_lnp_B16F10_luc_valid_spearmanr_p_val', 0.0), ('in_house_lnp_B16F10_luc_valid_pearsonr_coeff', 0.747), ('in_house_lnp_B16F10_luc_valid_pearsonr_p_val', 0.0), ('in_house_lnp_B16F10_luc_valid_mae', 1.547), ('in_house_lnp_B16F10_luc_valid_mse', 3.772), ('in_house_lnp_B16F10_luc_valid_agg_mae', 1.547), ('in_house_lnp_B16F10_luc_valid_agg_mse', 3.772), ('in_house_lnp_B16F10_luc_valid_contrastive_L', 0.455), ('in_house_lnp_B16F10_luc_valid_agg_rmse', 1.9421), ('in_house_lnp_DC24_luc_valid_spearmanr_coeff', 0.888), ('in_house_lnp_DC24_luc_valid_spearmanr_p_val', 0.0), ('in_house_lnp_DC24_luc_valid_pearsonr_coeff', 0.887), ('in_house_lnp_DC24_luc_valid_pearsonr_p_val', 0.0), ('in_house_lnp_DC24_luc_valid_mae', 2.475), ('in_house_lnp_DC24_luc_valid_mse', 7.967), ('in_house_lnp_DC24_luc_valid_agg_mae', 2.475), ('in_house_lnp_DC24_luc_valid_agg_mse', 7.967), ('in_house_lnp_DC24_luc_valid_contrastive_L', 0.317), ('in_house_lnp_DC24_luc_valid_agg_rmse', 2.8227), ('bsz', 312.0), ('num_updates', 2736)])
2026-04-16 23:49:45 | INFO | valid | epoch 020 | valid on 'valid' subset | loss 0.072 | loss_in_house_lnp_B16F10_luc 0.043 | loss_in_house_lnp_DC24_luc 0.029 | in_house_lnp_B16F10_luc_valid_spearmanr_coeff 0.783 | in_house_lnp_B16F10_luc_valid_spearmanr_p_val 0 | in_house_lnp_B16F10_luc_valid_pearsonr_coeff 0.747 | in_house_lnp_B16F10_luc_valid_pearsonr_p_val 0 | in_house_lnp_B16F10_luc_valid_mae 1.547 | in_house_lnp_B16F10_luc_valid_mse 3.772 | in_house_lnp_B16F10_luc_valid_agg_mae 1.547 | in_house_lnp_B16F10_luc_valid_agg_mse 3.772 | in_house_lnp_B16F10_luc_valid_contrastive_L 0.455 | in_house_lnp_B16F10_luc_valid_agg_rmse 1.9421 | in_house_lnp_DC24_luc_valid_spearmanr_coeff 0.888 | in_house_lnp_DC24_luc_valid_spearmanr_p_val 0 | in_house_lnp_DC24_luc_valid_pearsonr_coeff 0.887 | in_house_lnp_DC24_luc_valid_pearsonr_p_val 0 | in_house_lnp_DC24_luc_valid_mae 2.475 | in_house_lnp_DC24_luc_valid_mse 7.967 | in_house_lnp_DC24_luc_valid_agg_mae 2.475 | in_house_lnp_DC24_luc_valid_agg_mse 7.967 | in_house_lnp_DC24_luc_valid_contrastive_L 0.317 | in_house_lnp_DC24_luc_valid_agg_rmse 2.8227 | bsz 312 | num_updates 2736
validate stats:  OrderedDict([('loss', 0.072), ('loss_in_house_lnp_B16F10_luc', 0.043), ('loss_in_house_lnp_DC24_luc', 0.029), ('in_house_lnp_B16F10_luc_valid_spearmanr_coeff', 0.783), ('in_house_lnp_B16F10_luc_valid_spearmanr_p_val', 0.0), ('in_house_lnp_B16F10_luc_valid_pearsonr_coeff', 0.747), ('in_house_lnp_B16F10_luc_valid_pearsonr_p_val', 0.0), ('in_house_lnp_B16F10_luc_valid_mae', 1.547), ('in_house_lnp_B16F10_luc_valid_mse', 3.772), ('in_house_lnp_B16F10_luc_valid_agg_mae', 1.547), ('in_house_lnp_B16F10_luc_valid_agg_mse', 3.772), ('in_house_lnp_B16F10_luc_valid_contrastive_L', 0.455), ('in_house_lnp_B16F10_luc_valid_agg_rmse', 1.9421), ('in_house_lnp_DC24_luc_valid_spearmanr_coeff', 0.888), ('in_house_lnp_DC24_luc_valid_spearmanr_p_val', 0.0), ('in_house_lnp_DC24_luc_valid_pearsonr_coeff', 0.887), ('in_house_lnp_DC24_luc_valid_pearsonr_p_val', 0.0), ('in_house_lnp_DC24_luc_valid_mae', 2.475), ('in_house_lnp_DC24_luc_valid_mse', 7.967), ('in_house_lnp_DC24_luc_valid_agg_mae', 2.475), ('in_house_lnp_DC24_luc_valid_agg_mse', 7.967), ('in_house_lnp_DC24_luc_valid_contrastive_L', 0.317), ('in_house_lnp_DC24_luc_valid_agg_rmse', 2.8227), ('bsz', 312.0), ('num_updates', 2736)])
2026-04-16 23:49:45 | INFO | unicore_cli.train | averaging ['in_house_lnp_B16F10_luc_valid_spearmanr_coeff', 'in_house_lnp_DC24_luc_valid_spearmanr_coeff'] for valid_spearmanr_coeff
2026-04-16 23:49:45 | INFO | unimol.core.checkpoint_utils | Preparing to save checkpoint for epoch 20 @ 2736 updates
2026-04-16 23:49:45 | INFO | unimol.core.trainer | Saving checkpoint to ./tmp_save_demo/save_InfoMax_Run/checkpoint20.pt
2026-04-16 23:49:46 | INFO | unimol.core.trainer | Finished saving checkpoint to ./tmp_save_demo/save_InfoMax_Run/checkpoint20.pt
2026-04-16 23:49:46 | INFO | unimol.core.checkpoint_utils | Saved checkpoint ./tmp_save_demo/save_InfoMax_Run/checkpoint20.pt (epoch 20 @ 2736 updates, score 0.8355) (writing took 0.7224023250164464 seconds)
2026-04-16 23:49:46 | INFO | unicore_cli.train | end of epoch 20 (average epoch stats below)
2026-04-16 23:49:46 | INFO | unimol.core.checkpoint_utils | copy ./tmp_save_demo/save_InfoMax_Run/checkpoint20.pt to ./save_demo/save_InfoMax_Run/checkpoint20.pt
2026-04-16 23:49:46 | INFO | train | epoch 020 | loss 0.073 | loss_in_house_lnp_B16F10_luc 0.039 | loss_in_house_lnp_DC24_luc 0.026 | ups 7.14 | bsz 15.9 | num_updates 2736 | lr 9.58372e-05 | gnorm 7.053 | clip 100 | loss_scale 128 | train_wall 15.23 | epoch_itr_sz 137 | gb_free 76.1 | wall 391
2026-04-16 23:49:46 | INFO | unimol.core.tasks.unicore_task | get EpochBatchIterator for epoch 21
2026-04-16 23:49:46 | INFO | unimol.core.trainer | begin training epoch 21
2026-04-16 23:49:46 | INFO | unicore_cli.train | Start iterating over samples
2026-04-16 23:49:48 | INFO | unimol.core.checkpoint_utils | copy ./tmp_save_demo/save_InfoMax_Run/checkpoint20.pt to ./save_demo/save_InfoMax_Run/checkpoint_best.pt
2026-04-16 23:49:48 | INFO | unimol.core.checkpoint_utils | copy ./tmp_save_demo/save_InfoMax_Run/checkpoint20.pt to ./save_demo/save_InfoMax_Run/checkpoint_last.pt
2026-04-16 23:49:49 | INFO | unimol.core.checkpoint_utils | removing temp file ./tmp_save_demo/save_InfoMax_Run/checkpoint20.pt ...
2026-04-16 23:49:49 | INFO | unimol.core.checkpoint_utils | removed ./save_demo/save_InfoMax_Run/checkpoint10.pt
2026-04-16 23:49:49 | INFO | unimol.core.checkpoint_utils | finished async ckp saving.
2026-04-16 23:49:55 | INFO | train_inner | epoch 021:     64 / 137 loss=0.073, loss_in_house_lnp_B16F10_luc=0.039, loss_in_house_lnp_DC24_luc=0.027, ups=6.52, bsz=15.9, num_updates=2800, lr=9.55905e-05, gnorm=6.575, clip=100, loss_scale=128, train_wall=11.41, gb_free=76, wall=400
2026-04-16 23:50:02 | INFO | unimol.core.trainer | NOTE: gradient overflow detected, ignoring gradient, setting loss scale to: 128.0
2026-04-16 23:50:03 | INFO | unicore_cli.train | begin validation on "valid" subset
2026-04-16 23:50:03 | INFO | unimol.core.tasks.unicore_task | get EpochBatchIterator for epoch 1
reduce_metrics, task_name:  in_house_lnp_B16F10_luc
reduce_metrics, task_name:  in_house_lnp_DC24_luc
get_valid_stats stats:  OrderedDict([('loss', 0.068), ('loss_in_house_lnp_B16F10_luc', 0.039), ('loss_in_house_lnp_DC24_luc', 0.029), ('in_house_lnp_B16F10_luc_valid_spearmanr_coeff', 0.803), ('in_house_lnp_B16F10_luc_valid_spearmanr_p_val', 0.0), ('in_house_lnp_B16F10_luc_valid_pearsonr_coeff', 0.783), ('in_house_lnp_B16F10_luc_valid_pearsonr_p_val', 0.0), ('in_house_lnp_B16F10_luc_valid_mae', 1.777), ('in_house_lnp_B16F10_luc_valid_mse', 4.666), ('in_house_lnp_B16F10_luc_valid_agg_mae', 1.777), ('in_house_lnp_B16F10_luc_valid_agg_mse', 4.666), ('in_house_lnp_B16F10_luc_valid_contrastive_L', 0.423), ('in_house_lnp_B16F10_luc_valid_agg_rmse', 2.1602), ('in_house_lnp_DC24_luc_valid_spearmanr_coeff', 0.895), ('in_house_lnp_DC24_luc_valid_spearmanr_p_val', 0.0), ('in_house_lnp_DC24_luc_valid_pearsonr_coeff', 0.903), ('in_house_lnp_DC24_luc_valid_pearsonr_p_val', 0.0), ('in_house_lnp_DC24_luc_valid_mae', 2.311), ('in_house_lnp_DC24_luc_valid_mse', 7.279), ('in_house_lnp_DC24_luc_valid_agg_mae', 2.311), ('in_house_lnp_DC24_luc_valid_agg_mse', 7.279), ('in_house_lnp_DC24_luc_valid_contrastive_L', 0.299), ('in_house_lnp_DC24_luc_valid_agg_rmse', 2.698), ('bsz', 312.0), ('num_updates', 2872)])
2026-04-16 23:50:05 | INFO | valid | epoch 021 | valid on 'valid' subset | loss 0.068 | loss_in_house_lnp_B16F10_luc 0.039 | loss_in_house_lnp_DC24_luc 0.029 | in_house_lnp_B16F10_luc_valid_spearmanr_coeff 0.803 | in_house_lnp_B16F10_luc_valid_spearmanr_p_val 0 | in_house_lnp_B16F10_luc_valid_pearsonr_coeff 0.783 | in_house_lnp_B16F10_luc_valid_pearsonr_p_val 0 | in_house_lnp_B16F10_luc_valid_mae 1.777 | in_house_lnp_B16F10_luc_valid_mse 4.666 | in_house_lnp_B16F10_luc_valid_agg_mae 1.777 | in_house_lnp_B16F10_luc_valid_agg_mse 4.666 | in_house_lnp_B16F10_luc_valid_contrastive_L 0.423 | in_house_lnp_B16F10_luc_valid_agg_rmse 2.1602 | in_house_lnp_DC24_luc_valid_spearmanr_coeff 0.895 | in_house_lnp_DC24_luc_valid_spearmanr_p_val 0 | in_house_lnp_DC24_luc_valid_pearsonr_coeff 0.903 | in_house_lnp_DC24_luc_valid_pearsonr_p_val 0 | in_house_lnp_DC24_luc_valid_mae 2.311 | in_house_lnp_DC24_luc_valid_mse 7.279 | in_house_lnp_DC24_luc_valid_agg_mae 2.311 | in_house_lnp_DC24_luc_valid_agg_mse 7.279 | in_house_lnp_DC24_luc_valid_contrastive_L 0.299 | in_house_lnp_DC24_luc_valid_agg_rmse 2.698 | bsz 312 | num_updates 2872
validate stats:  OrderedDict([('loss', 0.068), ('loss_in_house_lnp_B16F10_luc', 0.039), ('loss_in_house_lnp_DC24_luc', 0.029), ('in_house_lnp_B16F10_luc_valid_spearmanr_coeff', 0.803), ('in_house_lnp_B16F10_luc_valid_spearmanr_p_val', 0.0), ('in_house_lnp_B16F10_luc_valid_pearsonr_coeff', 0.783), ('in_house_lnp_B16F10_luc_valid_pearsonr_p_val', 0.0), ('in_house_lnp_B16F10_luc_valid_mae', 1.777), ('in_house_lnp_B16F10_luc_valid_mse', 4.666), ('in_house_lnp_B16F10_luc_valid_agg_mae', 1.777), ('in_house_lnp_B16F10_luc_valid_agg_mse', 4.666), ('in_house_lnp_B16F10_luc_valid_contrastive_L', 0.423), ('in_house_lnp_B16F10_luc_valid_agg_rmse', 2.1602), ('in_house_lnp_DC24_luc_valid_spearmanr_coeff', 0.895), ('in_house_lnp_DC24_luc_valid_spearmanr_p_val', 0.0), ('in_house_lnp_DC24_luc_valid_pearsonr_coeff', 0.903), ('in_house_lnp_DC24_luc_valid_pearsonr_p_val', 0.0), ('in_house_lnp_DC24_luc_valid_mae', 2.311), ('in_house_lnp_DC24_luc_valid_mse', 7.279), ('in_house_lnp_DC24_luc_valid_agg_mae', 2.311), ('in_house_lnp_DC24_luc_valid_agg_mse', 7.279), ('in_house_lnp_DC24_luc_valid_contrastive_L', 0.299), ('in_house_lnp_DC24_luc_valid_agg_rmse', 2.698), ('bsz', 312.0), ('num_updates', 2872)])
2026-04-16 23:50:05 | INFO | unicore_cli.train | averaging ['in_house_lnp_B16F10_luc_valid_spearmanr_coeff', 'in_house_lnp_DC24_luc_valid_spearmanr_coeff'] for valid_spearmanr_coeff
2026-04-16 23:50:05 | INFO | unimol.core.checkpoint_utils | Preparing to save checkpoint for epoch 21 @ 2872 updates
2026-04-16 23:50:05 | INFO | unimol.core.trainer | Saving checkpoint to ./tmp_save_demo/save_InfoMax_Run/checkpoint21.pt
2026-04-16 23:50:06 | INFO | unimol.core.trainer | Finished saving checkpoint to ./tmp_save_demo/save_InfoMax_Run/checkpoint21.pt
2026-04-16 23:50:06 | INFO | unimol.core.checkpoint_utils | Saved checkpoint ./tmp_save_demo/save_InfoMax_Run/checkpoint21.pt (epoch 21 @ 2872 updates, score 0.849) (writing took 0.739866363001056 seconds)
2026-04-16 23:50:06 | INFO | unicore_cli.train | end of epoch 21 (average epoch stats below)
2026-04-16 23:50:06 | INFO | unimol.core.checkpoint_utils | copy ./tmp_save_demo/save_InfoMax_Run/checkpoint21.pt to ./save_demo/save_InfoMax_Run/checkpoint21.pt
2026-04-16 23:50:06 | INFO | train | epoch 021 | loss 0.073 | loss_in_house_lnp_B16F10_luc 0.039 | loss_in_house_lnp_DC24_luc 0.026 | ups 7.02 | bsz 15.9 | num_updates 2872 | lr 9.5313e-05 | gnorm 6.266 | clip 100 | loss_scale 128 | train_wall 15.48 | epoch_itr_sz 137 | gb_free 76 | wall 410
2026-04-16 23:50:06 | INFO | unimol.core.tasks.unicore_task | get EpochBatchIterator for epoch 22
2026-04-16 23:50:06 | INFO | unimol.core.trainer | begin training epoch 22
2026-04-16 23:50:06 | INFO | unicore_cli.train | Start iterating over samples
2026-04-16 23:50:07 | INFO | unimol.core.checkpoint_utils | copy ./tmp_save_demo/save_InfoMax_Run/checkpoint21.pt to ./save_demo/save_InfoMax_Run/checkpoint_best.pt
2026-04-16 23:50:07 | INFO | unimol.core.checkpoint_utils | copy ./tmp_save_demo/save_InfoMax_Run/checkpoint21.pt to ./save_demo/save_InfoMax_Run/checkpoint_last.pt
2026-04-16 23:50:08 | INFO | unimol.core.checkpoint_utils | removing temp file ./tmp_save_demo/save_InfoMax_Run/checkpoint21.pt ...
2026-04-16 23:50:08 | INFO | unimol.core.checkpoint_utils | removed ./save_demo/save_InfoMax_Run/checkpoint11.pt
2026-04-16 23:50:08 | INFO | unimol.core.checkpoint_utils | finished async ckp saving.
2026-04-16 23:50:10 | INFO | train_inner | epoch 022:     28 / 137 loss=0.071, loss_in_house_lnp_B16F10_luc=0.037, loss_in_house_lnp_DC24_luc=0.025, ups=6.6, bsz=15.9, num_updates=2900, lr=9.52051e-05, gnorm=7.373, clip=100, loss_scale=128, train_wall=11.5, gb_free=76, wall=415
2026-04-16 23:50:21 | INFO | train_inner | epoch 022:    128 / 137 loss=0.074, loss_in_house_lnp_B16F10_luc=0.04, loss_in_house_lnp_DC24_luc=0.026, ups=9, bsz=15.9, num_updates=3000, lr=9.48196e-05, gnorm=6.216, clip=100, loss_scale=128, train_wall=10.87, gb_free=76, wall=426
2026-04-16 23:50:22 | INFO | unicore_cli.train | begin validation on "valid" subset
2026-04-16 23:50:22 | INFO | unimol.core.tasks.unicore_task | get EpochBatchIterator for epoch 1
reduce_metrics, task_name:  in_house_lnp_B16F10_luc
reduce_metrics, task_name:  in_house_lnp_DC24_luc
get_valid_stats stats:  OrderedDict([('loss', 0.072), ('loss_in_house_lnp_B16F10_luc', 0.041), ('loss_in_house_lnp_DC24_luc', 0.031), ('in_house_lnp_B16F10_luc_valid_spearmanr_coeff', 0.771), ('in_house_lnp_B16F10_luc_valid_spearmanr_p_val', 0.0), ('in_house_lnp_B16F10_luc_valid_pearsonr_coeff', 0.742), ('in_house_lnp_B16F10_luc_valid_pearsonr_p_val', 0.0), ('in_house_lnp_B16F10_luc_valid_mae', 1.119), ('in_house_lnp_B16F10_luc_valid_mse', 2.025), ('in_house_lnp_B16F10_luc_valid_agg_mae', 1.119), ('in_house_lnp_B16F10_luc_valid_agg_mse', 2.025), ('in_house_lnp_B16F10_luc_valid_contrastive_L', 0.444), ('in_house_lnp_B16F10_luc_valid_agg_rmse', 1.4231), ('in_house_lnp_DC24_luc_valid_spearmanr_coeff', 0.876), ('in_house_lnp_DC24_luc_valid_spearmanr_p_val', 0.0), ('in_house_lnp_DC24_luc_valid_pearsonr_coeff', 0.889), ('in_house_lnp_DC24_luc_valid_pearsonr_p_val', 0.0), ('in_house_lnp_DC24_luc_valid_mae', 2.416), ('in_house_lnp_DC24_luc_valid_mse', 7.923), ('in_house_lnp_DC24_luc_valid_agg_mae', 2.416), ('in_house_lnp_DC24_luc_valid_agg_mse', 7.923), ('in_house_lnp_DC24_luc_valid_contrastive_L', 0.326), ('in_house_lnp_DC24_luc_valid_agg_rmse', 2.8148), ('bsz', 312.0), ('num_updates', 3009)])
2026-04-16 23:50:24 | INFO | valid | epoch 022 | valid on 'valid' subset | loss 0.072 | loss_in_house_lnp_B16F10_luc 0.041 | loss_in_house_lnp_DC24_luc 0.031 | in_house_lnp_B16F10_luc_valid_spearmanr_coeff 0.771 | in_house_lnp_B16F10_luc_valid_spearmanr_p_val 0 | in_house_lnp_B16F10_luc_valid_pearsonr_coeff 0.742 | in_house_lnp_B16F10_luc_valid_pearsonr_p_val 0 | in_house_lnp_B16F10_luc_valid_mae 1.119 | in_house_lnp_B16F10_luc_valid_mse 2.025 | in_house_lnp_B16F10_luc_valid_agg_mae 1.119 | in_house_lnp_B16F10_luc_valid_agg_mse 2.025 | in_house_lnp_B16F10_luc_valid_contrastive_L 0.444 | in_house_lnp_B16F10_luc_valid_agg_rmse 1.4231 | in_house_lnp_DC24_luc_valid_spearmanr_coeff 0.876 | in_house_lnp_DC24_luc_valid_spearmanr_p_val 0 | in_house_lnp_DC24_luc_valid_pearsonr_coeff 0.889 | in_house_lnp_DC24_luc_valid_pearsonr_p_val 0 | in_house_lnp_DC24_luc_valid_mae 2.416 | in_house_lnp_DC24_luc_valid_mse 7.923 | in_house_lnp_DC24_luc_valid_agg_mae 2.416 | in_house_lnp_DC24_luc_valid_agg_mse 7.923 | in_house_lnp_DC24_luc_valid_contrastive_L 0.326 | in_house_lnp_DC24_luc_valid_agg_rmse 2.8148 | bsz 312 | num_updates 3009
validate stats:  OrderedDict([('loss', 0.072), ('loss_in_house_lnp_B16F10_luc', 0.041), ('loss_in_house_lnp_DC24_luc', 0.031), ('in_house_lnp_B16F10_luc_valid_spearmanr_coeff', 0.771), ('in_house_lnp_B16F10_luc_valid_spearmanr_p_val', 0.0), ('in_house_lnp_B16F10_luc_valid_pearsonr_coeff', 0.742), ('in_house_lnp_B16F10_luc_valid_pearsonr_p_val', 0.0), ('in_house_lnp_B16F10_luc_valid_mae', 1.119), ('in_house_lnp_B16F10_luc_valid_mse', 2.025), ('in_house_lnp_B16F10_luc_valid_agg_mae', 1.119), ('in_house_lnp_B16F10_luc_valid_agg_mse', 2.025), ('in_house_lnp_B16F10_luc_valid_contrastive_L', 0.444), ('in_house_lnp_B16F10_luc_valid_agg_rmse', 1.4231), ('in_house_lnp_DC24_luc_valid_spearmanr_coeff', 0.876), ('in_house_lnp_DC24_luc_valid_spearmanr_p_val', 0.0), ('in_house_lnp_DC24_luc_valid_pearsonr_coeff', 0.889), ('in_house_lnp_DC24_luc_valid_pearsonr_p_val', 0.0), ('in_house_lnp_DC24_luc_valid_mae', 2.416), ('in_house_lnp_DC24_luc_valid_mse', 7.923), ('in_house_lnp_DC24_luc_valid_agg_mae', 2.416), ('in_house_lnp_DC24_luc_valid_agg_mse', 7.923), ('in_house_lnp_DC24_luc_valid_contrastive_L', 0.326), ('in_house_lnp_DC24_luc_valid_agg_rmse', 2.8148), ('bsz', 312.0), ('num_updates', 3009)])
2026-04-16 23:50:24 | INFO | unicore_cli.train | averaging ['in_house_lnp_B16F10_luc_valid_spearmanr_coeff', 'in_house_lnp_DC24_luc_valid_spearmanr_coeff'] for valid_spearmanr_coeff
2026-04-16 23:50:24 | INFO | unimol.core.checkpoint_utils | Preparing to save checkpoint for epoch 22 @ 3009 updates
2026-04-16 23:50:24 | INFO | unimol.core.trainer | Saving checkpoint to ./tmp_save_demo/save_InfoMax_Run/checkpoint22.pt
2026-04-16 23:50:25 | INFO | unimol.core.trainer | Finished saving checkpoint to ./tmp_save_demo/save_InfoMax_Run/checkpoint22.pt
2026-04-16 23:50:25 | INFO | unimol.core.checkpoint_utils | Saved checkpoint ./tmp_save_demo/save_InfoMax_Run/checkpoint22.pt (epoch 22 @ 3009 updates, score 0.8235) (writing took 0.6948395939543843 seconds)
2026-04-16 23:50:25 | INFO | unicore_cli.train | end of epoch 22 (average epoch stats below)
2026-04-16 23:50:25 | INFO | unimol.core.checkpoint_utils | copy ./tmp_save_demo/save_InfoMax_Run/checkpoint22.pt to ./save_demo/save_InfoMax_Run/checkpoint22.pt
2026-04-16 23:50:25 | INFO | train | epoch 022 | loss 0.072 | loss_in_house_lnp_B16F10_luc 0.039 | loss_in_house_lnp_DC24_luc 0.026 | ups 7.23 | bsz 15.9 | num_updates 3009 | lr 9.47849e-05 | gnorm 6.765 | clip 100 | loss_scale 128 | train_wall 15.26 | epoch_itr_sz 137 | gb_free 76 | wall 429
2026-04-16 23:50:25 | INFO | unimol.core.tasks.unicore_task | get EpochBatchIterator for epoch 23
2026-04-16 23:50:25 | INFO | unimol.core.trainer | begin training epoch 23
2026-04-16 23:50:25 | INFO | unicore_cli.train | Start iterating over samples
2026-04-16 23:50:26 | INFO | unimol.core.checkpoint_utils | copy ./tmp_save_demo/save_InfoMax_Run/checkpoint22.pt to ./save_demo/save_InfoMax_Run/checkpoint_last.pt
2026-04-16 23:50:26 | INFO | unimol.core.checkpoint_utils | removing temp file ./tmp_save_demo/save_InfoMax_Run/checkpoint22.pt ...
2026-04-16 23:50:26 | INFO | unimol.core.checkpoint_utils | removed ./save_demo/save_InfoMax_Run/checkpoint12.pt
2026-04-16 23:50:26 | INFO | unimol.core.checkpoint_utils | finished async ckp saving.
2026-04-16 23:50:36 | INFO | train_inner | epoch 023:     91 / 137 loss=0.073, loss_in_house_lnp_B16F10_luc=0.039, loss_in_house_lnp_DC24_luc=0.026, ups=6.74, bsz=16, num_updates=3100, lr=9.44342e-05, gnorm=7.43, clip=100, loss_scale=128, train_wall=11.21, gb_free=76.1, wall=441
2026-04-16 23:50:41 | INFO | unicore_cli.train | begin validation on "valid" subset
2026-04-16 23:50:41 | INFO | unimol.core.tasks.unicore_task | get EpochBatchIterator for epoch 1
reduce_metrics, task_name:  in_house_lnp_B16F10_luc
reduce_metrics, task_name:  in_house_lnp_DC24_luc
get_valid_stats stats:  OrderedDict([('loss', 0.072), ('loss_in_house_lnp_B16F10_luc', 0.041), ('loss_in_house_lnp_DC24_luc', 0.031), ('in_house_lnp_B16F10_luc_valid_spearmanr_coeff', 0.787), ('in_house_lnp_B16F10_luc_valid_spearmanr_p_val', 0.0), ('in_house_lnp_B16F10_luc_valid_pearsonr_coeff', 0.76), ('in_house_lnp_B16F10_luc_valid_pearsonr_p_val', 0.0), ('in_house_lnp_B16F10_luc_valid_mae', 1.548), ('in_house_lnp_B16F10_luc_valid_mse', 3.715), ('in_house_lnp_B16F10_luc_valid_agg_mae', 1.548), ('in_house_lnp_B16F10_luc_valid_agg_mse', 3.715), ('in_house_lnp_B16F10_luc_valid_contrastive_L', 0.44), ('in_house_lnp_B16F10_luc_valid_agg_rmse', 1.9274), ('in_house_lnp_DC24_luc_valid_spearmanr_coeff', 0.886), ('in_house_lnp_DC24_luc_valid_spearmanr_p_val', 0.0), ('in_house_lnp_DC24_luc_valid_pearsonr_coeff', 0.879), ('in_house_lnp_DC24_luc_valid_pearsonr_p_val', 0.0), ('in_house_lnp_DC24_luc_valid_mae', 2.635), ('in_house_lnp_DC24_luc_valid_mse', 9.164), ('in_house_lnp_DC24_luc_valid_agg_mae', 2.635), ('in_house_lnp_DC24_luc_valid_agg_mse', 9.164), ('in_house_lnp_DC24_luc_valid_contrastive_L', 0.333), ('in_house_lnp_DC24_luc_valid_agg_rmse', 3.0272), ('bsz', 312.0), ('num_updates', 3146)])
2026-04-16 23:50:43 | INFO | valid | epoch 023 | valid on 'valid' subset | loss 0.072 | loss_in_house_lnp_B16F10_luc 0.041 | loss_in_house_lnp_DC24_luc 0.031 | in_house_lnp_B16F10_luc_valid_spearmanr_coeff 0.787 | in_house_lnp_B16F10_luc_valid_spearmanr_p_val 0 | in_house_lnp_B16F10_luc_valid_pearsonr_coeff 0.76 | in_house_lnp_B16F10_luc_valid_pearsonr_p_val 0 | in_house_lnp_B16F10_luc_valid_mae 1.548 | in_house_lnp_B16F10_luc_valid_mse 3.715 | in_house_lnp_B16F10_luc_valid_agg_mae 1.548 | in_house_lnp_B16F10_luc_valid_agg_mse 3.715 | in_house_lnp_B16F10_luc_valid_contrastive_L 0.44 | in_house_lnp_B16F10_luc_valid_agg_rmse 1.9274 | in_house_lnp_DC24_luc_valid_spearmanr_coeff 0.886 | in_house_lnp_DC24_luc_valid_spearmanr_p_val 0 | in_house_lnp_DC24_luc_valid_pearsonr_coeff 0.879 | in_house_lnp_DC24_luc_valid_pearsonr_p_val 0 | in_house_lnp_DC24_luc_valid_mae 2.635 | in_house_lnp_DC24_luc_valid_mse 9.164 | in_house_lnp_DC24_luc_valid_agg_mae 2.635 | in_house_lnp_DC24_luc_valid_agg_mse 9.164 | in_house_lnp_DC24_luc_valid_contrastive_L 0.333 | in_house_lnp_DC24_luc_valid_agg_rmse 3.0272 | bsz 312 | num_updates 3146
validate stats:  OrderedDict([('loss', 0.072), ('loss_in_house_lnp_B16F10_luc', 0.041), ('loss_in_house_lnp_DC24_luc', 0.031), ('in_house_lnp_B16F10_luc_valid_spearmanr_coeff', 0.787), ('in_house_lnp_B16F10_luc_valid_spearmanr_p_val', 0.0), ('in_house_lnp_B16F10_luc_valid_pearsonr_coeff', 0.76), ('in_house_lnp_B16F10_luc_valid_pearsonr_p_val', 0.0), ('in_house_lnp_B16F10_luc_valid_mae', 1.548), ('in_house_lnp_B16F10_luc_valid_mse', 3.715), ('in_house_lnp_B16F10_luc_valid_agg_mae', 1.548), ('in_house_lnp_B16F10_luc_valid_agg_mse', 3.715), ('in_house_lnp_B16F10_luc_valid_contrastive_L', 0.44), ('in_house_lnp_B16F10_luc_valid_agg_rmse', 1.9274), ('in_house_lnp_DC24_luc_valid_spearmanr_coeff', 0.886), ('in_house_lnp_DC24_luc_valid_spearmanr_p_val', 0.0), ('in_house_lnp_DC24_luc_valid_pearsonr_coeff', 0.879), ('in_house_lnp_DC24_luc_valid_pearsonr_p_val', 0.0), ('in_house_lnp_DC24_luc_valid_mae', 2.635), ('in_house_lnp_DC24_luc_valid_mse', 9.164), ('in_house_lnp_DC24_luc_valid_agg_mae', 2.635), ('in_house_lnp_DC24_luc_valid_agg_mse', 9.164), ('in_house_lnp_DC24_luc_valid_contrastive_L', 0.333), ('in_house_lnp_DC24_luc_valid_agg_rmse', 3.0272), ('bsz', 312.0), ('num_updates', 3146)])
2026-04-16 23:50:43 | INFO | unicore_cli.train | averaging ['in_house_lnp_B16F10_luc_valid_spearmanr_coeff', 'in_house_lnp_DC24_luc_valid_spearmanr_coeff'] for valid_spearmanr_coeff
2026-04-16 23:50:43 | INFO | unimol.core.checkpoint_utils | Preparing to save checkpoint for epoch 23 @ 3146 updates
2026-04-16 23:50:43 | INFO | unimol.core.trainer | Saving checkpoint to ./tmp_save_demo/save_InfoMax_Run/checkpoint23.pt
2026-04-16 23:50:44 | INFO | unimol.core.trainer | Finished saving checkpoint to ./tmp_save_demo/save_InfoMax_Run/checkpoint23.pt
2026-04-16 23:50:44 | INFO | unimol.core.checkpoint_utils | Saved checkpoint ./tmp_save_demo/save_InfoMax_Run/checkpoint23.pt (epoch 23 @ 3146 updates, score 0.8365) (writing took 0.7056282570119947 seconds)
2026-04-16 23:50:44 | INFO | unimol.core.checkpoint_utils | copy ./tmp_save_demo/save_InfoMax_Run/checkpoint23.pt to ./save_demo/save_InfoMax_Run/checkpoint23.pt
2026-04-16 23:50:44 | INFO | unicore_cli.train | end of epoch 23 (average epoch stats below)
2026-04-16 23:50:44 | INFO | train | epoch 023 | loss 0.072 | loss_in_house_lnp_B16F10_luc 0.038 | loss_in_house_lnp_DC24_luc 0.026 | ups 7.21 | bsz 15.9 | num_updates 3146 | lr 9.42569e-05 | gnorm 6.927 | clip 100 | loss_scale 256 | train_wall 15.33 | epoch_itr_sz 137 | gb_free 76 | wall 448
2026-04-16 23:50:44 | INFO | unimol.core.tasks.unicore_task | get EpochBatchIterator for epoch 24
2026-04-16 23:50:44 | INFO | unimol.core.trainer | begin training epoch 24
2026-04-16 23:50:44 | INFO | unicore_cli.train | Start iterating over samples
2026-04-16 23:50:45 | INFO | unimol.core.checkpoint_utils | copy ./tmp_save_demo/save_InfoMax_Run/checkpoint23.pt to ./save_demo/save_InfoMax_Run/checkpoint_last.pt
2026-04-16 23:50:45 | INFO | unimol.core.checkpoint_utils | removing temp file ./tmp_save_demo/save_InfoMax_Run/checkpoint23.pt ...
2026-04-16 23:50:45 | INFO | unimol.core.checkpoint_utils | removed ./save_demo/save_InfoMax_Run/checkpoint13.pt
2026-04-16 23:50:45 | INFO | unimol.core.checkpoint_utils | finished async ckp saving.
2026-04-16 23:50:47 | INFO | unimol.core.trainer | NOTE: gradient overflow detected, ignoring gradient, setting loss scale to: 128.0
2026-04-16 23:50:51 | INFO | train_inner | epoch 024:     55 / 137 loss=0.072, loss_in_house_lnp_B16F10_luc=0.037, loss_in_house_lnp_DC24_luc=0.027, ups=6.66, bsz=15.9, num_updates=3200, lr=9.40487e-05, gnorm=6.448, clip=100, loss_scale=128, train_wall=11.45, gb_free=76, wall=456
2026-04-16 23:51:00 | INFO | unicore_cli.train | begin validation on "valid" subset
2026-04-16 23:51:00 | INFO | unimol.core.tasks.unicore_task | get EpochBatchIterator for epoch 1
reduce_metrics, task_name:  in_house_lnp_B16F10_luc
reduce_metrics, task_name:  in_house_lnp_DC24_luc
get_valid_stats stats:  OrderedDict([('loss', 0.068), ('loss_in_house_lnp_B16F10_luc', 0.04), ('loss_in_house_lnp_DC24_luc', 0.028), ('in_house_lnp_B16F10_luc_valid_spearmanr_coeff', 0.786), ('in_house_lnp_B16F10_luc_valid_spearmanr_p_val', 0.0), ('in_house_lnp_B16F10_luc_valid_pearsonr_coeff', 0.765), ('in_house_lnp_B16F10_luc_valid_pearsonr_p_val', 0.0), ('in_house_lnp_B16F10_luc_valid_mae', 1.708), ('in_house_lnp_B16F10_luc_valid_mse', 4.376), ('in_house_lnp_B16F10_luc_valid_agg_mae', 1.708), ('in_house_lnp_B16F10_luc_valid_agg_mse', 4.376), ('in_house_lnp_B16F10_luc_valid_contrastive_L', 0.437), ('in_house_lnp_B16F10_luc_valid_agg_rmse', 2.0919), ('in_house_lnp_DC24_luc_valid_spearmanr_coeff', 0.904), ('in_house_lnp_DC24_luc_valid_spearmanr_p_val', 0.0), ('in_house_lnp_DC24_luc_valid_pearsonr_coeff', 0.92), ('in_house_lnp_DC24_luc_valid_pearsonr_p_val', 0.0), ('in_house_lnp_DC24_luc_valid_mae', 2.908), ('in_house_lnp_DC24_luc_valid_mse', 10.537), ('in_house_lnp_DC24_luc_valid_agg_mae', 2.908), ('in_house_lnp_DC24_luc_valid_agg_mse', 10.537), ('in_house_lnp_DC24_luc_valid_contrastive_L', 0.29), ('in_house_lnp_DC24_luc_valid_agg_rmse', 3.2461), ('bsz', 312.0), ('num_updates', 3282)])
2026-04-16 23:51:02 | INFO | valid | epoch 024 | valid on 'valid' subset | loss 0.068 | loss_in_house_lnp_B16F10_luc 0.04 | loss_in_house_lnp_DC24_luc 0.028 | in_house_lnp_B16F10_luc_valid_spearmanr_coeff 0.786 | in_house_lnp_B16F10_luc_valid_spearmanr_p_val 0 | in_house_lnp_B16F10_luc_valid_pearsonr_coeff 0.765 | in_house_lnp_B16F10_luc_valid_pearsonr_p_val 0 | in_house_lnp_B16F10_luc_valid_mae 1.708 | in_house_lnp_B16F10_luc_valid_mse 4.376 | in_house_lnp_B16F10_luc_valid_agg_mae 1.708 | in_house_lnp_B16F10_luc_valid_agg_mse 4.376 | in_house_lnp_B16F10_luc_valid_contrastive_L 0.437 | in_house_lnp_B16F10_luc_valid_agg_rmse 2.0919 | in_house_lnp_DC24_luc_valid_spearmanr_coeff 0.904 | in_house_lnp_DC24_luc_valid_spearmanr_p_val 0 | in_house_lnp_DC24_luc_valid_pearsonr_coeff 0.92 | in_house_lnp_DC24_luc_valid_pearsonr_p_val 0 | in_house_lnp_DC24_luc_valid_mae 2.908 | in_house_lnp_DC24_luc_valid_mse 10.537 | in_house_lnp_DC24_luc_valid_agg_mae 2.908 | in_house_lnp_DC24_luc_valid_agg_mse 10.537 | in_house_lnp_DC24_luc_valid_contrastive_L 0.29 | in_house_lnp_DC24_luc_valid_agg_rmse 3.2461 | bsz 312 | num_updates 3282
validate stats:  OrderedDict([('loss', 0.068), ('loss_in_house_lnp_B16F10_luc', 0.04), ('loss_in_house_lnp_DC24_luc', 0.028), ('in_house_lnp_B16F10_luc_valid_spearmanr_coeff', 0.786), ('in_house_lnp_B16F10_luc_valid_spearmanr_p_val', 0.0), ('in_house_lnp_B16F10_luc_valid_pearsonr_coeff', 0.765), ('in_house_lnp_B16F10_luc_valid_pearsonr_p_val', 0.0), ('in_house_lnp_B16F10_luc_valid_mae', 1.708), ('in_house_lnp_B16F10_luc_valid_mse', 4.376), ('in_house_lnp_B16F10_luc_valid_agg_mae', 1.708), ('in_house_lnp_B16F10_luc_valid_agg_mse', 4.376), ('in_house_lnp_B16F10_luc_valid_contrastive_L', 0.437), ('in_house_lnp_B16F10_luc_valid_agg_rmse', 2.0919), ('in_house_lnp_DC24_luc_valid_spearmanr_coeff', 0.904), ('in_house_lnp_DC24_luc_valid_spearmanr_p_val', 0.0), ('in_house_lnp_DC24_luc_valid_pearsonr_coeff', 0.92), ('in_house_lnp_DC24_luc_valid_pearsonr_p_val', 0.0), ('in_house_lnp_DC24_luc_valid_mae', 2.908), ('in_house_lnp_DC24_luc_valid_mse', 10.537), ('in_house_lnp_DC24_luc_valid_agg_mae', 2.908), ('in_house_lnp_DC24_luc_valid_agg_mse', 10.537), ('in_house_lnp_DC24_luc_valid_contrastive_L', 0.29), ('in_house_lnp_DC24_luc_valid_agg_rmse', 3.2461), ('bsz', 312.0), ('num_updates', 3282)])
2026-04-16 23:51:02 | INFO | unicore_cli.train | averaging ['in_house_lnp_B16F10_luc_valid_spearmanr_coeff', 'in_house_lnp_DC24_luc_valid_spearmanr_coeff'] for valid_spearmanr_coeff
2026-04-16 23:51:02 | INFO | unimol.core.checkpoint_utils | Preparing to save checkpoint for epoch 24 @ 3282 updates
2026-04-16 23:51:02 | INFO | unimol.core.trainer | Saving checkpoint to ./tmp_save_demo/save_InfoMax_Run/checkpoint24.pt
2026-04-16 23:51:03 | INFO | unimol.core.trainer | Finished saving checkpoint to ./tmp_save_demo/save_InfoMax_Run/checkpoint24.pt
2026-04-16 23:51:03 | INFO | unimol.core.checkpoint_utils | Saved checkpoint ./tmp_save_demo/save_InfoMax_Run/checkpoint24.pt (epoch 24 @ 3282 updates, score 0.845) (writing took 0.7856215999927372 seconds)
2026-04-16 23:51:03 | INFO | unicore_cli.train | end of epoch 24 (average epoch stats below)
2026-04-16 23:51:03 | INFO | unimol.core.checkpoint_utils | copy ./tmp_save_demo/save_InfoMax_Run/checkpoint24.pt to ./save_demo/save_InfoMax_Run/checkpoint24.pt
2026-04-16 23:51:03 | INFO | train | epoch 024 | loss 0.071 | loss_in_house_lnp_B16F10_luc 0.037 | loss_in_house_lnp_DC24_luc 0.026 | ups 7.02 | bsz 15.9 | num_updates 3282 | lr 9.37327e-05 | gnorm 6.746 | clip 100 | loss_scale 128 | train_wall 15.49 | epoch_itr_sz 137 | gb_free 76 | wall 468
2026-04-16 23:51:03 | INFO | unimol.core.tasks.unicore_task | get EpochBatchIterator for epoch 25
2026-04-16 23:51:03 | INFO | unimol.core.trainer | begin training epoch 25
2026-04-16 23:51:03 | INFO | unicore_cli.train | Start iterating over samples
2026-04-16 23:51:04 | INFO | unimol.core.checkpoint_utils | copy ./tmp_save_demo/save_InfoMax_Run/checkpoint24.pt to ./save_demo/save_InfoMax_Run/checkpoint_last.pt
2026-04-16 23:51:05 | INFO | unimol.core.checkpoint_utils | removing temp file ./tmp_save_demo/save_InfoMax_Run/checkpoint24.pt ...
2026-04-16 23:51:05 | INFO | unimol.core.checkpoint_utils | removed ./save_demo/save_InfoMax_Run/checkpoint14.pt
2026-04-16 23:51:05 | INFO | unimol.core.checkpoint_utils | finished async ckp saving.
2026-04-16 23:51:06 | INFO | train_inner | epoch 025:     18 / 137 loss=0.071, loss_in_house_lnp_B16F10_luc=0.037, loss_in_house_lnp_DC24_luc=0.026, ups=6.59, bsz=15.9, num_updates=3300, lr=9.36633e-05, gnorm=6.8, clip=100, loss_scale=128, train_wall=11.33, gb_free=76, wall=471
2026-04-16 23:51:18 | INFO | unimol.core.trainer | NOTE: gradient overflow detected, ignoring gradient, setting loss scale to: 64.0
2026-04-16 23:51:18 | INFO | train_inner | epoch 025:    119 / 137 loss=0.068, loss_in_house_lnp_B16F10_luc=0.036, loss_in_house_lnp_DC24_luc=0.024, ups=8.4, bsz=16, num_updates=3400, lr=9.32778e-05, gnorm=5.579, clip=100, loss_scale=64, train_wall=11.61, gb_free=76, wall=483
2026-04-16 23:51:20 | INFO | unicore_cli.train | begin validation on "valid" subset
2026-04-16 23:51:20 | INFO | unimol.core.tasks.unicore_task | get EpochBatchIterator for epoch 1
reduce_metrics, task_name:  in_house_lnp_B16F10_luc
reduce_metrics, task_name:  in_house_lnp_DC24_luc
get_valid_stats stats:  OrderedDict([('loss', 0.071), ('loss_in_house_lnp_B16F10_luc', 0.04), ('loss_in_house_lnp_DC24_luc', 0.03), ('in_house_lnp_B16F10_luc_valid_spearmanr_coeff', 0.788), ('in_house_lnp_B16F10_luc_valid_spearmanr_p_val', 0.0), ('in_house_lnp_B16F10_luc_valid_pearsonr_coeff', 0.757), ('in_house_lnp_B16F10_luc_valid_pearsonr_p_val', 0.0), ('in_house_lnp_B16F10_luc_valid_mae', 1.662), ('in_house_lnp_B16F10_luc_valid_mse', 4.274), ('in_house_lnp_B16F10_luc_valid_agg_mae', 1.662), ('in_house_lnp_B16F10_luc_valid_agg_mse', 4.274), ('in_house_lnp_B16F10_luc_valid_contrastive_L', 0.44), ('in_house_lnp_B16F10_luc_valid_agg_rmse', 2.0673), ('in_house_lnp_DC24_luc_valid_spearmanr_coeff', 0.885), ('in_house_lnp_DC24_luc_valid_spearmanr_p_val', 0.0), ('in_house_lnp_DC24_luc_valid_pearsonr_coeff', 0.902), ('in_house_lnp_DC24_luc_valid_pearsonr_p_val', 0.0), ('in_house_lnp_DC24_luc_valid_mae', 2.803), ('in_house_lnp_DC24_luc_valid_mse', 10.394), ('in_house_lnp_DC24_luc_valid_agg_mae', 2.803), ('in_house_lnp_DC24_luc_valid_agg_mse', 10.394), ('in_house_lnp_DC24_luc_valid_contrastive_L', 0.316), ('in_house_lnp_DC24_luc_valid_agg_rmse', 3.224), ('bsz', 312.0), ('num_updates', 3418)])
2026-04-16 23:51:22 | INFO | valid | epoch 025 | valid on 'valid' subset | loss 0.071 | loss_in_house_lnp_B16F10_luc 0.04 | loss_in_house_lnp_DC24_luc 0.03 | in_house_lnp_B16F10_luc_valid_spearmanr_coeff 0.788 | in_house_lnp_B16F10_luc_valid_spearmanr_p_val 0 | in_house_lnp_B16F10_luc_valid_pearsonr_coeff 0.757 | in_house_lnp_B16F10_luc_valid_pearsonr_p_val 0 | in_house_lnp_B16F10_luc_valid_mae 1.662 | in_house_lnp_B16F10_luc_valid_mse 4.274 | in_house_lnp_B16F10_luc_valid_agg_mae 1.662 | in_house_lnp_B16F10_luc_valid_agg_mse 4.274 | in_house_lnp_B16F10_luc_valid_contrastive_L 0.44 | in_house_lnp_B16F10_luc_valid_agg_rmse 2.0673 | in_house_lnp_DC24_luc_valid_spearmanr_coeff 0.885 | in_house_lnp_DC24_luc_valid_spearmanr_p_val 0 | in_house_lnp_DC24_luc_valid_pearsonr_coeff 0.902 | in_house_lnp_DC24_luc_valid_pearsonr_p_val 0 | in_house_lnp_DC24_luc_valid_mae 2.803 | in_house_lnp_DC24_luc_valid_mse 10.394 | in_house_lnp_DC24_luc_valid_agg_mae 2.803 | in_house_lnp_DC24_luc_valid_agg_mse 10.394 | in_house_lnp_DC24_luc_valid_contrastive_L 0.316 | in_house_lnp_DC24_luc_valid_agg_rmse 3.224 | bsz 312 | num_updates 3418
validate stats:  OrderedDict([('loss', 0.071), ('loss_in_house_lnp_B16F10_luc', 0.04), ('loss_in_house_lnp_DC24_luc', 0.03), ('in_house_lnp_B16F10_luc_valid_spearmanr_coeff', 0.788), ('in_house_lnp_B16F10_luc_valid_spearmanr_p_val', 0.0), ('in_house_lnp_B16F10_luc_valid_pearsonr_coeff', 0.757), ('in_house_lnp_B16F10_luc_valid_pearsonr_p_val', 0.0), ('in_house_lnp_B16F10_luc_valid_mae', 1.662), ('in_house_lnp_B16F10_luc_valid_mse', 4.274), ('in_house_lnp_B16F10_luc_valid_agg_mae', 1.662), ('in_house_lnp_B16F10_luc_valid_agg_mse', 4.274), ('in_house_lnp_B16F10_luc_valid_contrastive_L', 0.44), ('in_house_lnp_B16F10_luc_valid_agg_rmse', 2.0673), ('in_house_lnp_DC24_luc_valid_spearmanr_coeff', 0.885), ('in_house_lnp_DC24_luc_valid_spearmanr_p_val', 0.0), ('in_house_lnp_DC24_luc_valid_pearsonr_coeff', 0.902), ('in_house_lnp_DC24_luc_valid_pearsonr_p_val', 0.0), ('in_house_lnp_DC24_luc_valid_mae', 2.803), ('in_house_lnp_DC24_luc_valid_mse', 10.394), ('in_house_lnp_DC24_luc_valid_agg_mae', 2.803), ('in_house_lnp_DC24_luc_valid_agg_mse', 10.394), ('in_house_lnp_DC24_luc_valid_contrastive_L', 0.316), ('in_house_lnp_DC24_luc_valid_agg_rmse', 3.224), ('bsz', 312.0), ('num_updates', 3418)])
2026-04-16 23:51:22 | INFO | unicore_cli.train | averaging ['in_house_lnp_B16F10_luc_valid_spearmanr_coeff', 'in_house_lnp_DC24_luc_valid_spearmanr_coeff'] for valid_spearmanr_coeff
2026-04-16 23:51:22 | INFO | unimol.core.checkpoint_utils | Preparing to save checkpoint for epoch 25 @ 3418 updates
2026-04-16 23:51:22 | INFO | unimol.core.trainer | Saving checkpoint to ./tmp_save_demo/save_InfoMax_Run/checkpoint25.pt
2026-04-16 23:51:23 | INFO | unimol.core.trainer | Finished saving checkpoint to ./tmp_save_demo/save_InfoMax_Run/checkpoint25.pt
2026-04-16 23:51:23 | INFO | unimol.core.checkpoint_utils | Saved checkpoint ./tmp_save_demo/save_InfoMax_Run/checkpoint25.pt (epoch 25 @ 3418 updates, score 0.8365) (writing took 1.048811580054462 seconds)
2026-04-16 23:51:23 | INFO | unicore_cli.train | end of epoch 25 (average epoch stats below)
2026-04-16 23:51:23 | INFO | unimol.core.checkpoint_utils | copy ./tmp_save_demo/save_InfoMax_Run/checkpoint25.pt to ./save_demo/save_InfoMax_Run/checkpoint25.pt
2026-04-16 23:51:23 | INFO | train | epoch 025 | loss 0.069 | loss_in_house_lnp_B16F10_luc 0.037 | loss_in_house_lnp_DC24_luc 0.025 | ups 6.85 | bsz 15.9 | num_updates 3418 | lr 9.32084e-05 | gnorm 6.039 | clip 100 | loss_scale 64 | train_wall 15.78 | epoch_itr_sz 137 | gb_free 76 | wall 488
2026-04-16 23:51:23 | INFO | unimol.core.tasks.unicore_task | get EpochBatchIterator for epoch 26
2026-04-16 23:51:23 | INFO | unimol.core.trainer | begin training epoch 26
2026-04-16 23:51:23 | INFO | unicore_cli.train | Start iterating over samples
2026-04-16 23:51:24 | INFO | unimol.core.checkpoint_utils | copy ./tmp_save_demo/save_InfoMax_Run/checkpoint25.pt to ./save_demo/save_InfoMax_Run/checkpoint_last.pt
2026-04-16 23:51:25 | INFO | unimol.core.checkpoint_utils | removing temp file ./tmp_save_demo/save_InfoMax_Run/checkpoint25.pt ...
2026-04-16 23:51:25 | INFO | unimol.core.checkpoint_utils | removed ./save_demo/save_InfoMax_Run/checkpoint15.pt
2026-04-16 23:51:25 | INFO | unimol.core.checkpoint_utils | finished async ckp saving.
2026-04-16 23:51:33 | INFO | train_inner | epoch 026:     82 / 137 loss=0.071, loss_in_house_lnp_B16F10_luc=0.038, loss_in_house_lnp_DC24_luc=0.026, ups=6.58, bsz=15.9, num_updates=3500, lr=9.28924e-05, gnorm=6.214, clip=100, loss_scale=64, train_wall=11.38, gb_free=76, wall=498
2026-04-16 23:51:40 | INFO | unicore_cli.train | begin validation on "valid" subset
2026-04-16 23:51:40 | INFO | unimol.core.tasks.unicore_task | get EpochBatchIterator for epoch 1
reduce_metrics, task_name:  in_house_lnp_B16F10_luc
reduce_metrics, task_name:  in_house_lnp_DC24_luc
get_valid_stats stats:  OrderedDict([('loss', 0.069), ('loss_in_house_lnp_B16F10_luc', 0.04), ('loss_in_house_lnp_DC24_luc', 0.029), ('in_house_lnp_B16F10_luc_valid_spearmanr_coeff', 0.796), ('in_house_lnp_B16F10_luc_valid_spearmanr_p_val', 0.0), ('in_house_lnp_B16F10_luc_valid_pearsonr_coeff', 0.761), ('in_house_lnp_B16F10_luc_valid_pearsonr_p_val', 0.0), ('in_house_lnp_B16F10_luc_valid_mae', 1.62), ('in_house_lnp_B16F10_luc_valid_mse', 4.197), ('in_house_lnp_B16F10_luc_valid_agg_mae', 1.62), ('in_house_lnp_B16F10_luc_valid_agg_mse', 4.197), ('in_house_lnp_B16F10_luc_valid_contrastive_L', 0.436), ('in_house_lnp_B16F10_luc_valid_agg_rmse', 2.0487), ('in_house_lnp_DC24_luc_valid_spearmanr_coeff', 0.9), ('in_house_lnp_DC24_luc_valid_spearmanr_p_val', 0.0), ('in_house_lnp_DC24_luc_valid_pearsonr_coeff', 0.897), ('in_house_lnp_DC24_luc_valid_pearsonr_p_val', 0.0), ('in_house_lnp_DC24_luc_valid_mae', 2.838), ('in_house_lnp_DC24_luc_valid_mse', 10.714), ('in_house_lnp_DC24_luc_valid_agg_mae', 2.838), ('in_house_lnp_DC24_luc_valid_agg_mse', 10.714), ('in_house_lnp_DC24_luc_valid_contrastive_L', 0.304), ('in_house_lnp_DC24_luc_valid_agg_rmse', 3.2732), ('bsz', 312.0), ('num_updates', 3555)])
2026-04-16 23:51:41 | INFO | valid | epoch 026 | valid on 'valid' subset | loss 0.069 | loss_in_house_lnp_B16F10_luc 0.04 | loss_in_house_lnp_DC24_luc 0.029 | in_house_lnp_B16F10_luc_valid_spearmanr_coeff 0.796 | in_house_lnp_B16F10_luc_valid_spearmanr_p_val 0 | in_house_lnp_B16F10_luc_valid_pearsonr_coeff 0.761 | in_house_lnp_B16F10_luc_valid_pearsonr_p_val 0 | in_house_lnp_B16F10_luc_valid_mae 1.62 | in_house_lnp_B16F10_luc_valid_mse 4.197 | in_house_lnp_B16F10_luc_valid_agg_mae 1.62 | in_house_lnp_B16F10_luc_valid_agg_mse 4.197 | in_house_lnp_B16F10_luc_valid_contrastive_L 0.436 | in_house_lnp_B16F10_luc_valid_agg_rmse 2.0487 | in_house_lnp_DC24_luc_valid_spearmanr_coeff 0.9 | in_house_lnp_DC24_luc_valid_spearmanr_p_val 0 | in_house_lnp_DC24_luc_valid_pearsonr_coeff 0.897 | in_house_lnp_DC24_luc_valid_pearsonr_p_val 0 | in_house_lnp_DC24_luc_valid_mae 2.838 | in_house_lnp_DC24_luc_valid_mse 10.714 | in_house_lnp_DC24_luc_valid_agg_mae 2.838 | in_house_lnp_DC24_luc_valid_agg_mse 10.714 | in_house_lnp_DC24_luc_valid_contrastive_L 0.304 | in_house_lnp_DC24_luc_valid_agg_rmse 3.2732 | bsz 312 | num_updates 3555
validate stats:  OrderedDict([('loss', 0.069), ('loss_in_house_lnp_B16F10_luc', 0.04), ('loss_in_house_lnp_DC24_luc', 0.029), ('in_house_lnp_B16F10_luc_valid_spearmanr_coeff', 0.796), ('in_house_lnp_B16F10_luc_valid_spearmanr_p_val', 0.0), ('in_house_lnp_B16F10_luc_valid_pearsonr_coeff', 0.761), ('in_house_lnp_B16F10_luc_valid_pearsonr_p_val', 0.0), ('in_house_lnp_B16F10_luc_valid_mae', 1.62), ('in_house_lnp_B16F10_luc_valid_mse', 4.197), ('in_house_lnp_B16F10_luc_valid_agg_mae', 1.62), ('in_house_lnp_B16F10_luc_valid_agg_mse', 4.197), ('in_house_lnp_B16F10_luc_valid_contrastive_L', 0.436), ('in_house_lnp_B16F10_luc_valid_agg_rmse', 2.0487), ('in_house_lnp_DC24_luc_valid_spearmanr_coeff', 0.9), ('in_house_lnp_DC24_luc_valid_spearmanr_p_val', 0.0), ('in_house_lnp_DC24_luc_valid_pearsonr_coeff', 0.897), ('in_house_lnp_DC24_luc_valid_pearsonr_p_val', 0.0), ('in_house_lnp_DC24_luc_valid_mae', 2.838), ('in_house_lnp_DC24_luc_valid_mse', 10.714), ('in_house_lnp_DC24_luc_valid_agg_mae', 2.838), ('in_house_lnp_DC24_luc_valid_agg_mse', 10.714), ('in_house_lnp_DC24_luc_valid_contrastive_L', 0.304), ('in_house_lnp_DC24_luc_valid_agg_rmse', 3.2732), ('bsz', 312.0), ('num_updates', 3555)])
2026-04-16 23:51:41 | INFO | unicore_cli.train | averaging ['in_house_lnp_B16F10_luc_valid_spearmanr_coeff', 'in_house_lnp_DC24_luc_valid_spearmanr_coeff'] for valid_spearmanr_coeff
2026-04-16 23:51:41 | INFO | unimol.core.checkpoint_utils | Preparing to save checkpoint for epoch 26 @ 3555 updates
2026-04-16 23:51:41 | INFO | unimol.core.trainer | Saving checkpoint to ./tmp_save_demo/save_InfoMax_Run/checkpoint26.pt
2026-04-16 23:51:42 | INFO | unimol.core.trainer | Finished saving checkpoint to ./tmp_save_demo/save_InfoMax_Run/checkpoint26.pt
2026-04-16 23:51:42 | INFO | unimol.core.checkpoint_utils | Saved checkpoint ./tmp_save_demo/save_InfoMax_Run/checkpoint26.pt (epoch 26 @ 3555 updates, score 0.8480000000000001) (writing took 0.940748417051509 seconds)
2026-04-16 23:51:42 | INFO | unicore_cli.train | end of epoch 26 (average epoch stats below)
2026-04-16 23:51:42 | INFO | unimol.core.checkpoint_utils | copy ./tmp_save_demo/save_InfoMax_Run/checkpoint26.pt to ./save_demo/save_InfoMax_Run/checkpoint26.pt
2026-04-16 23:51:42 | INFO | train | epoch 026 | loss 0.07 | loss_in_house_lnp_B16F10_luc 0.038 | loss_in_house_lnp_DC24_luc 0.024 | ups 7.1 | bsz 15.9 | num_updates 3555 | lr 9.26804e-05 | gnorm 6.056 | clip 98.5 | loss_scale 64 | train_wall 15.4 | epoch_itr_sz 137 | gb_free 76 | wall 507
2026-04-16 23:51:42 | INFO | unimol.core.tasks.unicore_task | get EpochBatchIterator for epoch 27
2026-04-16 23:51:42 | INFO | unimol.core.trainer | begin training epoch 27
2026-04-16 23:51:42 | INFO | unicore_cli.train | Start iterating over samples
2026-04-16 23:51:44 | INFO | unimol.core.checkpoint_utils | copy ./tmp_save_demo/save_InfoMax_Run/checkpoint26.pt to ./save_demo/save_InfoMax_Run/checkpoint_last.pt
2026-04-16 23:51:44 | INFO | unimol.core.checkpoint_utils | removing temp file ./tmp_save_demo/save_InfoMax_Run/checkpoint26.pt ...
2026-04-16 23:51:44 | INFO | unimol.core.checkpoint_utils | removed ./save_demo/save_InfoMax_Run/checkpoint16.pt
2026-04-16 23:51:44 | INFO | unimol.core.checkpoint_utils | finished async ckp saving.
2026-04-16 23:51:49 | INFO | train_inner | epoch 027:     45 / 137 loss=0.069, loss_in_house_lnp_B16F10_luc=0.038, loss_in_house_lnp_DC24_luc=0.023, ups=6.62, bsz=15.9, num_updates=3600, lr=9.25069e-05, gnorm=6.662, clip=98, loss_scale=64, train_wall=11.27, gb_free=76, wall=513
2026-04-16 23:51:59 | INFO | unicore_cli.train | begin validation on "valid" subset
2026-04-16 23:51:59 | INFO | unimol.core.tasks.unicore_task | get EpochBatchIterator for epoch 1
reduce_metrics, task_name:  in_house_lnp_B16F10_luc
reduce_metrics, task_name:  in_house_lnp_DC24_luc
get_valid_stats stats:  OrderedDict([('loss', 0.067), ('loss_in_house_lnp_B16F10_luc', 0.039), ('loss_in_house_lnp_DC24_luc', 0.028), ('in_house_lnp_B16F10_luc_valid_spearmanr_coeff', 0.807), ('in_house_lnp_B16F10_luc_valid_spearmanr_p_val', 0.0), ('in_house_lnp_B16F10_luc_valid_pearsonr_coeff', 0.775), ('in_house_lnp_B16F10_luc_valid_pearsonr_p_val', 0.0), ('in_house_lnp_B16F10_luc_valid_mae', 2.089), ('in_house_lnp_B16F10_luc_valid_mse', 5.942), ('in_house_lnp_B16F10_luc_valid_agg_mae', 2.089), ('in_house_lnp_B16F10_luc_valid_agg_mse', 5.942), ('in_house_lnp_B16F10_luc_valid_contrastive_L', 0.429), ('in_house_lnp_B16F10_luc_valid_agg_rmse', 2.4376), ('in_house_lnp_DC24_luc_valid_spearmanr_coeff', 0.903), ('in_house_lnp_DC24_luc_valid_spearmanr_p_val', 0.0), ('in_house_lnp_DC24_luc_valid_pearsonr_coeff', 0.925), ('in_house_lnp_DC24_luc_valid_pearsonr_p_val', 0.0), ('in_house_lnp_DC24_luc_valid_mae', 3.452), ('in_house_lnp_DC24_luc_valid_mse', 14.449), ('in_house_lnp_DC24_luc_valid_agg_mae', 3.452), ('in_house_lnp_DC24_luc_valid_agg_mse', 14.449), ('in_house_lnp_DC24_luc_valid_contrastive_L', 0.293), ('in_house_lnp_DC24_luc_valid_agg_rmse', 3.8011), ('bsz', 312.0), ('num_updates', 3692)])
2026-04-16 23:52:00 | INFO | valid | epoch 027 | valid on 'valid' subset | loss 0.067 | loss_in_house_lnp_B16F10_luc 0.039 | loss_in_house_lnp_DC24_luc 0.028 | in_house_lnp_B16F10_luc_valid_spearmanr_coeff 0.807 | in_house_lnp_B16F10_luc_valid_spearmanr_p_val 0 | in_house_lnp_B16F10_luc_valid_pearsonr_coeff 0.775 | in_house_lnp_B16F10_luc_valid_pearsonr_p_val 0 | in_house_lnp_B16F10_luc_valid_mae 2.089 | in_house_lnp_B16F10_luc_valid_mse 5.942 | in_house_lnp_B16F10_luc_valid_agg_mae 2.089 | in_house_lnp_B16F10_luc_valid_agg_mse 5.942 | in_house_lnp_B16F10_luc_valid_contrastive_L 0.429 | in_house_lnp_B16F10_luc_valid_agg_rmse 2.4376 | in_house_lnp_DC24_luc_valid_spearmanr_coeff 0.903 | in_house_lnp_DC24_luc_valid_spearmanr_p_val 0 | in_house_lnp_DC24_luc_valid_pearsonr_coeff 0.925 | in_house_lnp_DC24_luc_valid_pearsonr_p_val 0 | in_house_lnp_DC24_luc_valid_mae 3.452 | in_house_lnp_DC24_luc_valid_mse 14.449 | in_house_lnp_DC24_luc_valid_agg_mae 3.452 | in_house_lnp_DC24_luc_valid_agg_mse 14.449 | in_house_lnp_DC24_luc_valid_contrastive_L 0.293 | in_house_lnp_DC24_luc_valid_agg_rmse 3.8011 | bsz 312 | num_updates 3692
validate stats:  OrderedDict([('loss', 0.067), ('loss_in_house_lnp_B16F10_luc', 0.039), ('loss_in_house_lnp_DC24_luc', 0.028), ('in_house_lnp_B16F10_luc_valid_spearmanr_coeff', 0.807), ('in_house_lnp_B16F10_luc_valid_spearmanr_p_val', 0.0), ('in_house_lnp_B16F10_luc_valid_pearsonr_coeff', 0.775), ('in_house_lnp_B16F10_luc_valid_pearsonr_p_val', 0.0), ('in_house_lnp_B16F10_luc_valid_mae', 2.089), ('in_house_lnp_B16F10_luc_valid_mse', 5.942), ('in_house_lnp_B16F10_luc_valid_agg_mae', 2.089), ('in_house_lnp_B16F10_luc_valid_agg_mse', 5.942), ('in_house_lnp_B16F10_luc_valid_contrastive_L', 0.429), ('in_house_lnp_B16F10_luc_valid_agg_rmse', 2.4376), ('in_house_lnp_DC24_luc_valid_spearmanr_coeff', 0.903), ('in_house_lnp_DC24_luc_valid_spearmanr_p_val', 0.0), ('in_house_lnp_DC24_luc_valid_pearsonr_coeff', 0.925), ('in_house_lnp_DC24_luc_valid_pearsonr_p_val', 0.0), ('in_house_lnp_DC24_luc_valid_mae', 3.452), ('in_house_lnp_DC24_luc_valid_mse', 14.449), ('in_house_lnp_DC24_luc_valid_agg_mae', 3.452), ('in_house_lnp_DC24_luc_valid_agg_mse', 14.449), ('in_house_lnp_DC24_luc_valid_contrastive_L', 0.293), ('in_house_lnp_DC24_luc_valid_agg_rmse', 3.8011), ('bsz', 312.0), ('num_updates', 3692)])
2026-04-16 23:52:00 | INFO | unicore_cli.train | averaging ['in_house_lnp_B16F10_luc_valid_spearmanr_coeff', 'in_house_lnp_DC24_luc_valid_spearmanr_coeff'] for valid_spearmanr_coeff
2026-04-16 23:52:00 | INFO | unimol.core.checkpoint_utils | Preparing to save checkpoint for epoch 27 @ 3692 updates
2026-04-16 23:52:00 | INFO | unimol.core.trainer | Saving checkpoint to ./tmp_save_demo/save_InfoMax_Run/checkpoint27.pt
2026-04-16 23:52:01 | INFO | unimol.core.trainer | Finished saving checkpoint to ./tmp_save_demo/save_InfoMax_Run/checkpoint27.pt
2026-04-16 23:52:01 | INFO | unimol.core.checkpoint_utils | Saved checkpoint ./tmp_save_demo/save_InfoMax_Run/checkpoint27.pt (epoch 27 @ 3692 updates, score 0.855) (writing took 0.9343760020565242 seconds)
2026-04-16 23:52:01 | INFO | unimol.core.checkpoint_utils | copy ./tmp_save_demo/save_InfoMax_Run/checkpoint27.pt to ./save_demo/save_InfoMax_Run/checkpoint27.pt
2026-04-16 23:52:01 | INFO | unicore_cli.train | end of epoch 27 (average epoch stats below)
2026-04-16 23:52:01 | INFO | train | epoch 027 | loss 0.069 | loss_in_house_lnp_B16F10_luc 0.037 | loss_in_house_lnp_DC24_luc 0.025 | ups 7.11 | bsz 15.9 | num_updates 3692 | lr 9.21523e-05 | gnorm 6.507 | clip 98.5 | loss_scale 128 | train_wall 15.38 | epoch_itr_sz 137 | gb_free 76 | wall 526
2026-04-16 23:52:01 | INFO | unimol.core.tasks.unicore_task | get EpochBatchIterator for epoch 28
2026-04-16 23:52:01 | INFO | unimol.core.trainer | begin training epoch 28
2026-04-16 23:52:01 | INFO | unicore_cli.train | Start iterating over samples
2026-04-16 23:52:03 | INFO | unimol.core.checkpoint_utils | copy ./tmp_save_demo/save_InfoMax_Run/checkpoint27.pt to ./save_demo/save_InfoMax_Run/checkpoint_best.pt
2026-04-16 23:52:03 | INFO | unimol.core.checkpoint_utils | copy ./tmp_save_demo/save_InfoMax_Run/checkpoint27.pt to ./save_demo/save_InfoMax_Run/checkpoint_last.pt
2026-04-16 23:52:04 | INFO | train_inner | epoch 028:      8 / 137 loss=0.068, loss_in_house_lnp_B16F10_luc=0.036, loss_in_house_lnp_DC24_luc=0.025, ups=6.68, bsz=15.9, num_updates=3700, lr=9.21215e-05, gnorm=5.813, clip=98, loss_scale=128, train_wall=11.08, gb_free=76.1, wall=528
2026-04-16 23:52:04 | INFO | unimol.core.checkpoint_utils | removing temp file ./tmp_save_demo/save_InfoMax_Run/checkpoint27.pt ...
2026-04-16 23:52:04 | INFO | unimol.core.checkpoint_utils | removed ./save_demo/save_InfoMax_Run/checkpoint17.pt
2026-04-16 23:52:04 | INFO | unimol.core.checkpoint_utils | finished async ckp saving.
2026-04-16 23:52:15 | INFO | train_inner | epoch 028:    108 / 137 loss=0.067, loss_in_house_lnp_B16F10_luc=0.036, loss_in_house_lnp_DC24_luc=0.024, ups=8.53, bsz=15.9, num_updates=3800, lr=9.1736e-05, gnorm=5.283, clip=99, loss_scale=128, train_wall=11.48, gb_free=76, wall=540
2026-04-16 23:52:18 | INFO | unicore_cli.train | begin validation on "valid" subset
2026-04-16 23:52:18 | INFO | unimol.core.tasks.unicore_task | get EpochBatchIterator for epoch 1
reduce_metrics, task_name:  in_house_lnp_B16F10_luc
reduce_metrics, task_name:  in_house_lnp_DC24_luc
get_valid_stats stats:  OrderedDict([('loss', 0.07), ('loss_in_house_lnp_B16F10_luc', 0.041), ('loss_in_house_lnp_DC24_luc', 0.029), ('in_house_lnp_B16F10_luc_valid_spearmanr_coeff', 0.803), ('in_house_lnp_B16F10_luc_valid_spearmanr_p_val', 0.0), ('in_house_lnp_B16F10_luc_valid_pearsonr_coeff', 0.757), ('in_house_lnp_B16F10_luc_valid_pearsonr_p_val', 0.0), ('in_house_lnp_B16F10_luc_valid_mae', 1.616), ('in_house_lnp_B16F10_luc_valid_mse', 4.188), ('in_house_lnp_B16F10_luc_valid_agg_mae', 1.616), ('in_house_lnp_B16F10_luc_valid_agg_mse', 4.188), ('in_house_lnp_B16F10_luc_valid_contrastive_L', 0.44), ('in_house_lnp_B16F10_luc_valid_agg_rmse', 2.0464), ('in_house_lnp_DC24_luc_valid_spearmanr_coeff', 0.896), ('in_house_lnp_DC24_luc_valid_spearmanr_p_val', 0.0), ('in_house_lnp_DC24_luc_valid_pearsonr_coeff', 0.891), ('in_house_lnp_DC24_luc_valid_pearsonr_p_val', 0.0), ('in_house_lnp_DC24_luc_valid_mae', 2.477), ('in_house_lnp_DC24_luc_valid_mse', 8.614), ('in_house_lnp_DC24_luc_valid_agg_mae', 2.477), ('in_house_lnp_DC24_luc_valid_agg_mse', 8.614), ('in_house_lnp_DC24_luc_valid_contrastive_L', 0.305), ('in_house_lnp_DC24_luc_valid_agg_rmse', 2.935), ('bsz', 312.0), ('num_updates', 3829)])
2026-04-16 23:52:20 | INFO | valid | epoch 028 | valid on 'valid' subset | loss 0.07 | loss_in_house_lnp_B16F10_luc 0.041 | loss_in_house_lnp_DC24_luc 0.029 | in_house_lnp_B16F10_luc_valid_spearmanr_coeff 0.803 | in_house_lnp_B16F10_luc_valid_spearmanr_p_val 0 | in_house_lnp_B16F10_luc_valid_pearsonr_coeff 0.757 | in_house_lnp_B16F10_luc_valid_pearsonr_p_val 0 | in_house_lnp_B16F10_luc_valid_mae 1.616 | in_house_lnp_B16F10_luc_valid_mse 4.188 | in_house_lnp_B16F10_luc_valid_agg_mae 1.616 | in_house_lnp_B16F10_luc_valid_agg_mse 4.188 | in_house_lnp_B16F10_luc_valid_contrastive_L 0.44 | in_house_lnp_B16F10_luc_valid_agg_rmse 2.0464 | in_house_lnp_DC24_luc_valid_spearmanr_coeff 0.896 | in_house_lnp_DC24_luc_valid_spearmanr_p_val 0 | in_house_lnp_DC24_luc_valid_pearsonr_coeff 0.891 | in_house_lnp_DC24_luc_valid_pearsonr_p_val 0 | in_house_lnp_DC24_luc_valid_mae 2.477 | in_house_lnp_DC24_luc_valid_mse 8.614 | in_house_lnp_DC24_luc_valid_agg_mae 2.477 | in_house_lnp_DC24_luc_valid_agg_mse 8.614 | in_house_lnp_DC24_luc_valid_contrastive_L 0.305 | in_house_lnp_DC24_luc_valid_agg_rmse 2.935 | bsz 312 | num_updates 3829
validate stats:  OrderedDict([('loss', 0.07), ('loss_in_house_lnp_B16F10_luc', 0.041), ('loss_in_house_lnp_DC24_luc', 0.029), ('in_house_lnp_B16F10_luc_valid_spearmanr_coeff', 0.803), ('in_house_lnp_B16F10_luc_valid_spearmanr_p_val', 0.0), ('in_house_lnp_B16F10_luc_valid_pearsonr_coeff', 0.757), ('in_house_lnp_B16F10_luc_valid_pearsonr_p_val', 0.0), ('in_house_lnp_B16F10_luc_valid_mae', 1.616), ('in_house_lnp_B16F10_luc_valid_mse', 4.188), ('in_house_lnp_B16F10_luc_valid_agg_mae', 1.616), ('in_house_lnp_B16F10_luc_valid_agg_mse', 4.188), ('in_house_lnp_B16F10_luc_valid_contrastive_L', 0.44), ('in_house_lnp_B16F10_luc_valid_agg_rmse', 2.0464), ('in_house_lnp_DC24_luc_valid_spearmanr_coeff', 0.896), ('in_house_lnp_DC24_luc_valid_spearmanr_p_val', 0.0), ('in_house_lnp_DC24_luc_valid_pearsonr_coeff', 0.891), ('in_house_lnp_DC24_luc_valid_pearsonr_p_val', 0.0), ('in_house_lnp_DC24_luc_valid_mae', 2.477), ('in_house_lnp_DC24_luc_valid_mse', 8.614), ('in_house_lnp_DC24_luc_valid_agg_mae', 2.477), ('in_house_lnp_DC24_luc_valid_agg_mse', 8.614), ('in_house_lnp_DC24_luc_valid_contrastive_L', 0.305), ('in_house_lnp_DC24_luc_valid_agg_rmse', 2.935), ('bsz', 312.0), ('num_updates', 3829)])
2026-04-16 23:52:20 | INFO | unicore_cli.train | averaging ['in_house_lnp_B16F10_luc_valid_spearmanr_coeff', 'in_house_lnp_DC24_luc_valid_spearmanr_coeff'] for valid_spearmanr_coeff
2026-04-16 23:52:20 | INFO | unimol.core.checkpoint_utils | Preparing to save checkpoint for epoch 28 @ 3829 updates
2026-04-16 23:52:20 | INFO | unimol.core.trainer | Saving checkpoint to ./tmp_save_demo/save_InfoMax_Run/checkpoint28.pt
2026-04-16 23:52:21 | INFO | unimol.core.trainer | Finished saving checkpoint to ./tmp_save_demo/save_InfoMax_Run/checkpoint28.pt
2026-04-16 23:52:21 | INFO | unimol.core.checkpoint_utils | Saved checkpoint ./tmp_save_demo/save_InfoMax_Run/checkpoint28.pt (epoch 28 @ 3829 updates, score 0.8495) (writing took 0.9744900640798733 seconds)
2026-04-16 23:52:21 | INFO | unicore_cli.train | end of epoch 28 (average epoch stats below)
2026-04-16 23:52:21 | INFO | unimol.core.checkpoint_utils | copy ./tmp_save_demo/save_InfoMax_Run/checkpoint28.pt to ./save_demo/save_InfoMax_Run/checkpoint28.pt
2026-04-16 23:52:21 | INFO | train | epoch 028 | loss 0.068 | loss_in_house_lnp_B16F10_luc 0.036 | loss_in_house_lnp_DC24_luc 0.024 | ups 6.98 | bsz 15.9 | num_updates 3829 | lr 9.16243e-05 | gnorm 5.332 | clip 99.3 | loss_scale 128 | train_wall 15.61 | epoch_itr_sz 137 | gb_free 76 | wall 546
2026-04-16 23:52:21 | INFO | unimol.core.tasks.unicore_task | get EpochBatchIterator for epoch 29
2026-04-16 23:52:21 | INFO | unimol.core.trainer | begin training epoch 29
2026-04-16 23:52:21 | INFO | unicore_cli.train | Start iterating over samples
2026-04-16 23:52:23 | INFO | unimol.core.checkpoint_utils | copy ./tmp_save_demo/save_InfoMax_Run/checkpoint28.pt to ./save_demo/save_InfoMax_Run/checkpoint_last.pt
2026-04-16 23:52:23 | INFO | unimol.core.checkpoint_utils | removing temp file ./tmp_save_demo/save_InfoMax_Run/checkpoint28.pt ...
2026-04-16 23:52:23 | INFO | unimol.core.checkpoint_utils | removed ./save_demo/save_InfoMax_Run/checkpoint18.pt
2026-04-16 23:52:23 | INFO | unimol.core.checkpoint_utils | finished async ckp saving.
2026-04-16 23:52:31 | INFO | train_inner | epoch 029:     71 / 137 loss=0.067, loss_in_house_lnp_B16F10_luc=0.036, loss_in_house_lnp_DC24_luc=0.025, ups=6.55, bsz=16, num_updates=3900, lr=9.13506e-05, gnorm=6.166, clip=99, loss_scale=128, train_wall=11.41, gb_free=76.1, wall=555
2026-04-16 23:52:38 | INFO | unicore_cli.train | begin validation on "valid" subset
2026-04-16 23:52:38 | INFO | unimol.core.tasks.unicore_task | get EpochBatchIterator for epoch 1
reduce_metrics, task_name:  in_house_lnp_B16F10_luc
reduce_metrics, task_name:  in_house_lnp_DC24_luc
get_valid_stats stats:  OrderedDict([('loss', 0.067), ('loss_in_house_lnp_B16F10_luc', 0.039), ('loss_in_house_lnp_DC24_luc', 0.028), ('in_house_lnp_B16F10_luc_valid_spearmanr_coeff', 0.812), ('in_house_lnp_B16F10_luc_valid_spearmanr_p_val', 0.0), ('in_house_lnp_B16F10_luc_valid_pearsonr_coeff', 0.778), ('in_house_lnp_B16F10_luc_valid_pearsonr_p_val', 0.0), ('in_house_lnp_B16F10_luc_valid_mae', 1.855), ('in_house_lnp_B16F10_luc_valid_mse', 5.727), ('in_house_lnp_B16F10_luc_valid_agg_mae', 1.855), ('in_house_lnp_B16F10_luc_valid_agg_mse', 5.727), ('in_house_lnp_B16F10_luc_valid_contrastive_L', 0.422), ('in_house_lnp_B16F10_luc_valid_agg_rmse', 2.3931), ('in_house_lnp_DC24_luc_valid_spearmanr_coeff', 0.906), ('in_house_lnp_DC24_luc_valid_spearmanr_p_val', 0.0), ('in_house_lnp_DC24_luc_valid_pearsonr_coeff', 0.902), ('in_house_lnp_DC24_luc_valid_pearsonr_p_val', 0.0), ('in_house_lnp_DC24_luc_valid_mae', 2.837), ('in_house_lnp_DC24_luc_valid_mse', 10.816), ('in_house_lnp_DC24_luc_valid_agg_mae', 2.837), ('in_house_lnp_DC24_luc_valid_agg_mse', 10.816), ('in_house_lnp_DC24_luc_valid_contrastive_L', 0.293), ('in_house_lnp_DC24_luc_valid_agg_rmse', 3.2888), ('bsz', 312.0), ('num_updates', 3966)])
2026-04-16 23:52:40 | INFO | valid | epoch 029 | valid on 'valid' subset | loss 0.067 | loss_in_house_lnp_B16F10_luc 0.039 | loss_in_house_lnp_DC24_luc 0.028 | in_house_lnp_B16F10_luc_valid_spearmanr_coeff 0.812 | in_house_lnp_B16F10_luc_valid_spearmanr_p_val 0 | in_house_lnp_B16F10_luc_valid_pearsonr_coeff 0.778 | in_house_lnp_B16F10_luc_valid_pearsonr_p_val 0 | in_house_lnp_B16F10_luc_valid_mae 1.855 | in_house_lnp_B16F10_luc_valid_mse 5.727 | in_house_lnp_B16F10_luc_valid_agg_mae 1.855 | in_house_lnp_B16F10_luc_valid_agg_mse 5.727 | in_house_lnp_B16F10_luc_valid_contrastive_L 0.422 | in_house_lnp_B16F10_luc_valid_agg_rmse 2.3931 | in_house_lnp_DC24_luc_valid_spearmanr_coeff 0.906 | in_house_lnp_DC24_luc_valid_spearmanr_p_val 0 | in_house_lnp_DC24_luc_valid_pearsonr_coeff 0.902 | in_house_lnp_DC24_luc_valid_pearsonr_p_val 0 | in_house_lnp_DC24_luc_valid_mae 2.837 | in_house_lnp_DC24_luc_valid_mse 10.816 | in_house_lnp_DC24_luc_valid_agg_mae 2.837 | in_house_lnp_DC24_luc_valid_agg_mse 10.816 | in_house_lnp_DC24_luc_valid_contrastive_L 0.293 | in_house_lnp_DC24_luc_valid_agg_rmse 3.2888 | bsz 312 | num_updates 3966
validate stats:  OrderedDict([('loss', 0.067), ('loss_in_house_lnp_B16F10_luc', 0.039), ('loss_in_house_lnp_DC24_luc', 0.028), ('in_house_lnp_B16F10_luc_valid_spearmanr_coeff', 0.812), ('in_house_lnp_B16F10_luc_valid_spearmanr_p_val', 0.0), ('in_house_lnp_B16F10_luc_valid_pearsonr_coeff', 0.778), ('in_house_lnp_B16F10_luc_valid_pearsonr_p_val', 0.0), ('in_house_lnp_B16F10_luc_valid_mae', 1.855), ('in_house_lnp_B16F10_luc_valid_mse', 5.727), ('in_house_lnp_B16F10_luc_valid_agg_mae', 1.855), ('in_house_lnp_B16F10_luc_valid_agg_mse', 5.727), ('in_house_lnp_B16F10_luc_valid_contrastive_L', 0.422), ('in_house_lnp_B16F10_luc_valid_agg_rmse', 2.3931), ('in_house_lnp_DC24_luc_valid_spearmanr_coeff', 0.906), ('in_house_lnp_DC24_luc_valid_spearmanr_p_val', 0.0), ('in_house_lnp_DC24_luc_valid_pearsonr_coeff', 0.902), ('in_house_lnp_DC24_luc_valid_pearsonr_p_val', 0.0), ('in_house_lnp_DC24_luc_valid_mae', 2.837), ('in_house_lnp_DC24_luc_valid_mse', 10.816), ('in_house_lnp_DC24_luc_valid_agg_mae', 2.837), ('in_house_lnp_DC24_luc_valid_agg_mse', 10.816), ('in_house_lnp_DC24_luc_valid_contrastive_L', 0.293), ('in_house_lnp_DC24_luc_valid_agg_rmse', 3.2888), ('bsz', 312.0), ('num_updates', 3966)])
2026-04-16 23:52:40 | INFO | unicore_cli.train | averaging ['in_house_lnp_B16F10_luc_valid_spearmanr_coeff', 'in_house_lnp_DC24_luc_valid_spearmanr_coeff'] for valid_spearmanr_coeff
2026-04-16 23:52:40 | INFO | unimol.core.checkpoint_utils | Preparing to save checkpoint for epoch 29 @ 3966 updates
2026-04-16 23:52:40 | INFO | unimol.core.trainer | Saving checkpoint to ./tmp_save_demo/save_InfoMax_Run/checkpoint29.pt
2026-04-16 23:52:41 | INFO | unimol.core.trainer | Finished saving checkpoint to ./tmp_save_demo/save_InfoMax_Run/checkpoint29.pt
2026-04-16 23:52:41 | INFO | unimol.core.checkpoint_utils | Saved checkpoint ./tmp_save_demo/save_InfoMax_Run/checkpoint29.pt (epoch 29 @ 3966 updates, score 0.859) (writing took 1.111829974106513 seconds)
2026-04-16 23:52:41 | INFO | unicore_cli.train | end of epoch 29 (average epoch stats below)
2026-04-16 23:52:41 | INFO | unimol.core.checkpoint_utils | copy ./tmp_save_demo/save_InfoMax_Run/checkpoint29.pt to ./save_demo/save_InfoMax_Run/checkpoint29.pt
2026-04-16 23:52:41 | INFO | train | epoch 029 | loss 0.066 | loss_in_house_lnp_B16F10_luc 0.035 | loss_in_house_lnp_DC24_luc 0.024 | ups 6.93 | bsz 15.9 | num_updates 3966 | lr 9.10962e-05 | gnorm 6.068 | clip 99.3 | loss_scale 256 | train_wall 15.57 | epoch_itr_sz 137 | gb_free 76 | wall 566
2026-04-16 23:52:41 | INFO | unimol.core.tasks.unicore_task | get EpochBatchIterator for epoch 30
2026-04-16 23:52:41 | INFO | unimol.core.trainer | begin training epoch 30
2026-04-16 23:52:41 | INFO | unicore_cli.train | Start iterating over samples
2026-04-16 23:52:42 | INFO | unimol.core.checkpoint_utils | copy ./tmp_save_demo/save_InfoMax_Run/checkpoint29.pt to ./save_demo/save_InfoMax_Run/checkpoint_best.pt
2026-04-16 23:52:43 | INFO | unimol.core.checkpoint_utils | copy ./tmp_save_demo/save_InfoMax_Run/checkpoint29.pt to ./save_demo/save_InfoMax_Run/checkpoint_last.pt
2026-04-16 23:52:43 | INFO | unimol.core.checkpoint_utils | removing temp file ./tmp_save_demo/save_InfoMax_Run/checkpoint29.pt ...
2026-04-16 23:52:43 | INFO | unimol.core.checkpoint_utils | removed ./save_demo/save_InfoMax_Run/checkpoint19.pt
2026-04-16 23:52:43 | INFO | unimol.core.checkpoint_utils | finished async ckp saving.
2026-04-16 23:52:47 | INFO | train_inner | epoch 030:     34 / 137 loss=0.065, loss_in_house_lnp_B16F10_luc=0.035, loss_in_house_lnp_DC24_luc=0.023, ups=6.11, bsz=15.9, num_updates=4000, lr=9.09652e-05, gnorm=6.494, clip=100, loss_scale=256, train_wall=12.09, gb_free=76, wall=572
2026-04-16 23:52:48 | INFO | unimol.core.trainer | NOTE: gradient overflow detected, ignoring gradient, setting loss scale to: 128.0
2026-04-16 23:52:59 | INFO | train_inner | epoch 030:    135 / 137 loss=0.068, loss_in_house_lnp_B16F10_luc=0.036, loss_in_house_lnp_DC24_luc=0.024, ups=8.35, bsz=15.9, num_updates=4100, lr=9.05797e-05, gnorm=5.602, clip=100, loss_scale=128, train_wall=11.7, gb_free=76.2, wall=584
2026-04-16 23:52:59 | INFO | unicore_cli.train | begin validation on "valid" subset
2026-04-16 23:52:59 | INFO | unimol.core.tasks.unicore_task | get EpochBatchIterator for epoch 1
reduce_metrics, task_name:  in_house_lnp_B16F10_luc
reduce_metrics, task_name:  in_house_lnp_DC24_luc
get_valid_stats stats:  OrderedDict([('loss', 0.064), ('loss_in_house_lnp_B16F10_luc', 0.037), ('loss_in_house_lnp_DC24_luc', 0.028), ('in_house_lnp_B16F10_luc_valid_spearmanr_coeff', 0.824), ('in_house_lnp_B16F10_luc_valid_spearmanr_p_val', 0.0), ('in_house_lnp_B16F10_luc_valid_pearsonr_coeff', 0.801), ('in_house_lnp_B16F10_luc_valid_pearsonr_p_val', 0.0), ('in_house_lnp_B16F10_luc_valid_mae', 1.973), ('in_house_lnp_B16F10_luc_valid_mse', 5.66), ('in_house_lnp_B16F10_luc_valid_agg_mae', 1.973), ('in_house_lnp_B16F10_luc_valid_agg_mse', 5.66), ('in_house_lnp_B16F10_luc_valid_contrastive_L', 0.405), ('in_house_lnp_B16F10_luc_valid_agg_rmse', 2.3791), ('in_house_lnp_DC24_luc_valid_spearmanr_coeff', 0.899), ('in_house_lnp_DC24_luc_valid_spearmanr_p_val', 0.0), ('in_house_lnp_DC24_luc_valid_pearsonr_coeff', 0.915), ('in_house_lnp_DC24_luc_valid_pearsonr_p_val', 0.0), ('in_house_lnp_DC24_luc_valid_mae', 2.713), ('in_house_lnp_DC24_luc_valid_mse', 9.963), ('in_house_lnp_DC24_luc_valid_agg_mae', 2.713), ('in_house_lnp_DC24_luc_valid_agg_mse', 9.963), ('in_house_lnp_DC24_luc_valid_contrastive_L', 0.289), ('in_house_lnp_DC24_luc_valid_agg_rmse', 3.1564), ('bsz', 312.0), ('num_updates', 4102)])
2026-04-16 23:53:01 | INFO | valid | epoch 030 | valid on 'valid' subset | loss 0.064 | loss_in_house_lnp_B16F10_luc 0.037 | loss_in_house_lnp_DC24_luc 0.028 | in_house_lnp_B16F10_luc_valid_spearmanr_coeff 0.824 | in_house_lnp_B16F10_luc_valid_spearmanr_p_val 0 | in_house_lnp_B16F10_luc_valid_pearsonr_coeff 0.801 | in_house_lnp_B16F10_luc_valid_pearsonr_p_val 0 | in_house_lnp_B16F10_luc_valid_mae 1.973 | in_house_lnp_B16F10_luc_valid_mse 5.66 | in_house_lnp_B16F10_luc_valid_agg_mae 1.973 | in_house_lnp_B16F10_luc_valid_agg_mse 5.66 | in_house_lnp_B16F10_luc_valid_contrastive_L 0.405 | in_house_lnp_B16F10_luc_valid_agg_rmse 2.3791 | in_house_lnp_DC24_luc_valid_spearmanr_coeff 0.899 | in_house_lnp_DC24_luc_valid_spearmanr_p_val 0 | in_house_lnp_DC24_luc_valid_pearsonr_coeff 0.915 | in_house_lnp_DC24_luc_valid_pearsonr_p_val 0 | in_house_lnp_DC24_luc_valid_mae 2.713 | in_house_lnp_DC24_luc_valid_mse 9.963 | in_house_lnp_DC24_luc_valid_agg_mae 2.713 | in_house_lnp_DC24_luc_valid_agg_mse 9.963 | in_house_lnp_DC24_luc_valid_contrastive_L 0.289 | in_house_lnp_DC24_luc_valid_agg_rmse 3.1564 | bsz 312 | num_updates 4102
validate stats:  OrderedDict([('loss', 0.064), ('loss_in_house_lnp_B16F10_luc', 0.037), ('loss_in_house_lnp_DC24_luc', 0.028), ('in_house_lnp_B16F10_luc_valid_spearmanr_coeff', 0.824), ('in_house_lnp_B16F10_luc_valid_spearmanr_p_val', 0.0), ('in_house_lnp_B16F10_luc_valid_pearsonr_coeff', 0.801), ('in_house_lnp_B16F10_luc_valid_pearsonr_p_val', 0.0), ('in_house_lnp_B16F10_luc_valid_mae', 1.973), ('in_house_lnp_B16F10_luc_valid_mse', 5.66), ('in_house_lnp_B16F10_luc_valid_agg_mae', 1.973), ('in_house_lnp_B16F10_luc_valid_agg_mse', 5.66), ('in_house_lnp_B16F10_luc_valid_contrastive_L', 0.405), ('in_house_lnp_B16F10_luc_valid_agg_rmse', 2.3791), ('in_house_lnp_DC24_luc_valid_spearmanr_coeff', 0.899), ('in_house_lnp_DC24_luc_valid_spearmanr_p_val', 0.0), ('in_house_lnp_DC24_luc_valid_pearsonr_coeff', 0.915), ('in_house_lnp_DC24_luc_valid_pearsonr_p_val', 0.0), ('in_house_lnp_DC24_luc_valid_mae', 2.713), ('in_house_lnp_DC24_luc_valid_mse', 9.963), ('in_house_lnp_DC24_luc_valid_agg_mae', 2.713), ('in_house_lnp_DC24_luc_valid_agg_mse', 9.963), ('in_house_lnp_DC24_luc_valid_contrastive_L', 0.289), ('in_house_lnp_DC24_luc_valid_agg_rmse', 3.1564), ('bsz', 312.0), ('num_updates', 4102)])
2026-04-16 23:53:01 | INFO | unicore_cli.train | averaging ['in_house_lnp_B16F10_luc_valid_spearmanr_coeff', 'in_house_lnp_DC24_luc_valid_spearmanr_coeff'] for valid_spearmanr_coeff
2026-04-16 23:53:01 | INFO | unimol.core.checkpoint_utils | Preparing to save checkpoint for epoch 30 @ 4102 updates
2026-04-16 23:53:01 | INFO | unimol.core.trainer | Saving checkpoint to ./tmp_save_demo/save_InfoMax_Run/checkpoint30.pt
2026-04-16 23:53:02 | INFO | unimol.core.trainer | Finished saving checkpoint to ./tmp_save_demo/save_InfoMax_Run/checkpoint30.pt
2026-04-16 23:53:02 | INFO | unimol.core.checkpoint_utils | Saved checkpoint ./tmp_save_demo/save_InfoMax_Run/checkpoint30.pt (epoch 30 @ 4102 updates, score 0.8614999999999999) (writing took 0.8784098310861737 seconds)
2026-04-16 23:53:02 | INFO | unicore_cli.train | end of epoch 30 (average epoch stats below)
2026-04-16 23:53:02 | INFO | unimol.core.checkpoint_utils | copy ./tmp_save_demo/save_InfoMax_Run/checkpoint30.pt to ./save_demo/save_InfoMax_Run/checkpoint30.pt
2026-04-16 23:53:02 | INFO | train | epoch 030 | loss 0.067 | loss_in_house_lnp_B16F10_luc 0.036 | loss_in_house_lnp_DC24_luc 0.024 | ups 6.56 | bsz 15.9 | num_updates 4102 | lr 9.0572e-05 | gnorm 6.124 | clip 100 | loss_scale 128 | train_wall 16.75 | epoch_itr_sz 137 | gb_free 76.1 | wall 586
2026-04-16 23:53:02 | INFO | unimol.core.tasks.unicore_task | get EpochBatchIterator for epoch 31
2026-04-16 23:53:02 | INFO | unimol.core.trainer | begin training epoch 31
2026-04-16 23:53:02 | INFO | unicore_cli.train | Start iterating over samples
2026-04-16 23:53:03 | INFO | unimol.core.checkpoint_utils | copy ./tmp_save_demo/save_InfoMax_Run/checkpoint30.pt to ./save_demo/save_InfoMax_Run/checkpoint_best.pt
2026-04-16 23:53:03 | INFO | unimol.core.checkpoint_utils | copy ./tmp_save_demo/save_InfoMax_Run/checkpoint30.pt to ./save_demo/save_InfoMax_Run/checkpoint_last.pt
2026-04-16 23:53:04 | INFO | unimol.core.checkpoint_utils | removing temp file ./tmp_save_demo/save_InfoMax_Run/checkpoint30.pt ...
2026-04-16 23:53:04 | INFO | unimol.core.checkpoint_utils | removed ./save_demo/save_InfoMax_Run/checkpoint20.pt
2026-04-16 23:53:04 | INFO | unimol.core.checkpoint_utils | finished async ckp saving.
2026-04-16 23:53:14 | INFO | train_inner | epoch 031:     98 / 137 loss=0.067, loss_in_house_lnp_B16F10_luc=0.035, loss_in_house_lnp_DC24_luc=0.024, ups=6.52, bsz=15.9, num_updates=4200, lr=9.01943e-05, gnorm=6.235, clip=98, loss_scale=128, train_wall=11.48, gb_free=76, wall=599
2026-04-16 23:53:19 | INFO | unicore_cli.train | begin validation on "valid" subset
2026-04-16 23:53:19 | INFO | unimol.core.tasks.unicore_task | get EpochBatchIterator for epoch 1
reduce_metrics, task_name:  in_house_lnp_B16F10_luc
reduce_metrics, task_name:  in_house_lnp_DC24_luc
get_valid_stats stats:  OrderedDict([('loss', 0.062), ('loss_in_house_lnp_B16F10_luc', 0.036), ('loss_in_house_lnp_DC24_luc', 0.026), ('in_house_lnp_B16F10_luc_valid_spearmanr_coeff', 0.831), ('in_house_lnp_B16F10_luc_valid_spearmanr_p_val', 0.0), ('in_house_lnp_B16F10_luc_valid_pearsonr_coeff', 0.803), ('in_house_lnp_B16F10_luc_valid_pearsonr_p_val', 0.0), ('in_house_lnp_B16F10_luc_valid_mae', 1.72), ('in_house_lnp_B16F10_luc_valid_mse', 4.675), ('in_house_lnp_B16F10_luc_valid_agg_mae', 1.72), ('in_house_lnp_B16F10_luc_valid_agg_mse', 4.675), ('in_house_lnp_B16F10_luc_valid_contrastive_L', 0.388), ('in_house_lnp_B16F10_luc_valid_agg_rmse', 2.1622), ('in_house_lnp_DC24_luc_valid_spearmanr_coeff', 0.919), ('in_house_lnp_DC24_luc_valid_spearmanr_p_val', 0.0), ('in_house_lnp_DC24_luc_valid_pearsonr_coeff', 0.925), ('in_house_lnp_DC24_luc_valid_pearsonr_p_val', 0.0), ('in_house_lnp_DC24_luc_valid_mae', 3.0), ('in_house_lnp_DC24_luc_valid_mse', 11.795), ('in_house_lnp_DC24_luc_valid_agg_mae', 3.0), ('in_house_lnp_DC24_luc_valid_agg_mse', 11.795), ('in_house_lnp_DC24_luc_valid_contrastive_L', 0.266), ('in_house_lnp_DC24_luc_valid_agg_rmse', 3.4343), ('bsz', 312.0), ('num_updates', 4239)])
2026-04-16 23:53:20 | INFO | valid | epoch 031 | valid on 'valid' subset | loss 0.062 | loss_in_house_lnp_B16F10_luc 0.036 | loss_in_house_lnp_DC24_luc 0.026 | in_house_lnp_B16F10_luc_valid_spearmanr_coeff 0.831 | in_house_lnp_B16F10_luc_valid_spearmanr_p_val 0 | in_house_lnp_B16F10_luc_valid_pearsonr_coeff 0.803 | in_house_lnp_B16F10_luc_valid_pearsonr_p_val 0 | in_house_lnp_B16F10_luc_valid_mae 1.72 | in_house_lnp_B16F10_luc_valid_mse 4.675 | in_house_lnp_B16F10_luc_valid_agg_mae 1.72 | in_house_lnp_B16F10_luc_valid_agg_mse 4.675 | in_house_lnp_B16F10_luc_valid_contrastive_L 0.388 | in_house_lnp_B16F10_luc_valid_agg_rmse 2.1622 | in_house_lnp_DC24_luc_valid_spearmanr_coeff 0.919 | in_house_lnp_DC24_luc_valid_spearmanr_p_val 0 | in_house_lnp_DC24_luc_valid_pearsonr_coeff 0.925 | in_house_lnp_DC24_luc_valid_pearsonr_p_val 0 | in_house_lnp_DC24_luc_valid_mae 3 | in_house_lnp_DC24_luc_valid_mse 11.795 | in_house_lnp_DC24_luc_valid_agg_mae 3 | in_house_lnp_DC24_luc_valid_agg_mse 11.795 | in_house_lnp_DC24_luc_valid_contrastive_L 0.266 | in_house_lnp_DC24_luc_valid_agg_rmse 3.4343 | bsz 312 | num_updates 4239
validate stats:  OrderedDict([('loss', 0.062), ('loss_in_house_lnp_B16F10_luc', 0.036), ('loss_in_house_lnp_DC24_luc', 0.026), ('in_house_lnp_B16F10_luc_valid_spearmanr_coeff', 0.831), ('in_house_lnp_B16F10_luc_valid_spearmanr_p_val', 0.0), ('in_house_lnp_B16F10_luc_valid_pearsonr_coeff', 0.803), ('in_house_lnp_B16F10_luc_valid_pearsonr_p_val', 0.0), ('in_house_lnp_B16F10_luc_valid_mae', 1.72), ('in_house_lnp_B16F10_luc_valid_mse', 4.675), ('in_house_lnp_B16F10_luc_valid_agg_mae', 1.72), ('in_house_lnp_B16F10_luc_valid_agg_mse', 4.675), ('in_house_lnp_B16F10_luc_valid_contrastive_L', 0.388), ('in_house_lnp_B16F10_luc_valid_agg_rmse', 2.1622), ('in_house_lnp_DC24_luc_valid_spearmanr_coeff', 0.919), ('in_house_lnp_DC24_luc_valid_spearmanr_p_val', 0.0), ('in_house_lnp_DC24_luc_valid_pearsonr_coeff', 0.925), ('in_house_lnp_DC24_luc_valid_pearsonr_p_val', 0.0), ('in_house_lnp_DC24_luc_valid_mae', 3.0), ('in_house_lnp_DC24_luc_valid_mse', 11.795), ('in_house_lnp_DC24_luc_valid_agg_mae', 3.0), ('in_house_lnp_DC24_luc_valid_agg_mse', 11.795), ('in_house_lnp_DC24_luc_valid_contrastive_L', 0.266), ('in_house_lnp_DC24_luc_valid_agg_rmse', 3.4343), ('bsz', 312.0), ('num_updates', 4239)])
2026-04-16 23:53:20 | INFO | unicore_cli.train | averaging ['in_house_lnp_B16F10_luc_valid_spearmanr_coeff', 'in_house_lnp_DC24_luc_valid_spearmanr_coeff'] for valid_spearmanr_coeff
2026-04-16 23:53:20 | INFO | unimol.core.checkpoint_utils | Preparing to save checkpoint for epoch 31 @ 4239 updates
2026-04-16 23:53:20 | INFO | unimol.core.trainer | Saving checkpoint to ./tmp_save_demo/save_InfoMax_Run/checkpoint31.pt
2026-04-16 23:53:21 | INFO | unimol.core.trainer | Finished saving checkpoint to ./tmp_save_demo/save_InfoMax_Run/checkpoint31.pt
2026-04-16 23:53:21 | INFO | unimol.core.checkpoint_utils | Saved checkpoint ./tmp_save_demo/save_InfoMax_Run/checkpoint31.pt (epoch 31 @ 4239 updates, score 0.875) (writing took 0.8014982609311119 seconds)
2026-04-16 23:53:21 | INFO | unicore_cli.train | end of epoch 31 (average epoch stats below)
2026-04-16 23:53:21 | INFO | unimol.core.checkpoint_utils | copy ./tmp_save_demo/save_InfoMax_Run/checkpoint31.pt to ./save_demo/save_InfoMax_Run/checkpoint31.pt
2026-04-16 23:53:21 | INFO | train | epoch 031 | loss 0.065 | loss_in_house_lnp_B16F10_luc 0.035 | loss_in_house_lnp_DC24_luc 0.024 | ups 7.01 | bsz 15.9 | num_updates 4239 | lr 9.00439e-05 | gnorm 6.628 | clip 98.5 | loss_scale 128 | train_wall 15.45 | epoch_itr_sz 137 | gb_free 76 | wall 606
2026-04-16 23:53:21 | INFO | unimol.core.tasks.unicore_task | get EpochBatchIterator for epoch 32
2026-04-16 23:53:21 | INFO | unimol.core.trainer | begin training epoch 32
2026-04-16 23:53:21 | INFO | unicore_cli.train | Start iterating over samples
2026-04-16 23:53:23 | INFO | unimol.core.checkpoint_utils | copy ./tmp_save_demo/save_InfoMax_Run/checkpoint31.pt to ./save_demo/save_InfoMax_Run/checkpoint_best.pt
2026-04-16 23:53:23 | INFO | unimol.core.checkpoint_utils | copy ./tmp_save_demo/save_InfoMax_Run/checkpoint31.pt to ./save_demo/save_InfoMax_Run/checkpoint_last.pt
2026-04-16 23:53:24 | INFO | unimol.core.checkpoint_utils | removing temp file ./tmp_save_demo/save_InfoMax_Run/checkpoint31.pt ...
2026-04-16 23:53:24 | INFO | unimol.core.checkpoint_utils | removed ./save_demo/save_InfoMax_Run/checkpoint21.pt
2026-04-16 23:53:24 | INFO | unimol.core.checkpoint_utils | finished async ckp saving.
2026-04-16 23:53:30 | INFO | train_inner | epoch 032:     61 / 137 loss=0.065, loss_in_house_lnp_B16F10_luc=0.035, loss_in_house_lnp_DC24_luc=0.023, ups=6.42, bsz=15.9, num_updates=4300, lr=8.98088e-05, gnorm=6.966, clip=100, loss_scale=256, train_wall=11.57, gb_free=76, wall=615
2026-04-16 23:53:33 | INFO | unimol.core.trainer | NOTE: gradient overflow detected, ignoring gradient, setting loss scale to: 128.0
2026-04-16 23:53:38 | INFO | unicore_cli.train | begin validation on "valid" subset
2026-04-16 23:53:38 | INFO | unimol.core.tasks.unicore_task | get EpochBatchIterator for epoch 1
reduce_metrics, task_name:  in_house_lnp_B16F10_luc
reduce_metrics, task_name:  in_house_lnp_DC24_luc
get_valid_stats stats:  OrderedDict([('loss', 0.062), ('loss_in_house_lnp_B16F10_luc', 0.036), ('loss_in_house_lnp_DC24_luc', 0.026), ('in_house_lnp_B16F10_luc_valid_spearmanr_coeff', 0.836), ('in_house_lnp_B16F10_luc_valid_spearmanr_p_val', 0.0), ('in_house_lnp_B16F10_luc_valid_pearsonr_coeff', 0.8), ('in_house_lnp_B16F10_luc_valid_pearsonr_p_val', 0.0), ('in_house_lnp_B16F10_luc_valid_mae', 1.802), ('in_house_lnp_B16F10_luc_valid_mse', 5.24), ('in_house_lnp_B16F10_luc_valid_agg_mae', 1.802), ('in_house_lnp_B16F10_luc_valid_agg_mse', 5.24), ('in_house_lnp_B16F10_luc_valid_contrastive_L', 0.393), ('in_house_lnp_B16F10_luc_valid_agg_rmse', 2.2891), ('in_house_lnp_DC24_luc_valid_spearmanr_coeff', 0.918), ('in_house_lnp_DC24_luc_valid_spearmanr_p_val', 0.0), ('in_house_lnp_DC24_luc_valid_pearsonr_coeff', 0.915), ('in_house_lnp_DC24_luc_valid_pearsonr_p_val', 0.0), ('in_house_lnp_DC24_luc_valid_mae', 2.875), ('in_house_lnp_DC24_luc_valid_mse', 10.787), ('in_house_lnp_DC24_luc_valid_agg_mae', 2.875), ('in_house_lnp_DC24_luc_valid_agg_mse', 10.787), ('in_house_lnp_DC24_luc_valid_contrastive_L', 0.271), ('in_house_lnp_DC24_luc_valid_agg_rmse', 3.2844), ('bsz', 312.0), ('num_updates', 4375)])
2026-04-16 23:53:40 | INFO | valid | epoch 032 | valid on 'valid' subset | loss 0.062 | loss_in_house_lnp_B16F10_luc 0.036 | loss_in_house_lnp_DC24_luc 0.026 | in_house_lnp_B16F10_luc_valid_spearmanr_coeff 0.836 | in_house_lnp_B16F10_luc_valid_spearmanr_p_val 0 | in_house_lnp_B16F10_luc_valid_pearsonr_coeff 0.8 | in_house_lnp_B16F10_luc_valid_pearsonr_p_val 0 | in_house_lnp_B16F10_luc_valid_mae 1.802 | in_house_lnp_B16F10_luc_valid_mse 5.24 | in_house_lnp_B16F10_luc_valid_agg_mae 1.802 | in_house_lnp_B16F10_luc_valid_agg_mse 5.24 | in_house_lnp_B16F10_luc_valid_contrastive_L 0.393 | in_house_lnp_B16F10_luc_valid_agg_rmse 2.2891 | in_house_lnp_DC24_luc_valid_spearmanr_coeff 0.918 | in_house_lnp_DC24_luc_valid_spearmanr_p_val 0 | in_house_lnp_DC24_luc_valid_pearsonr_coeff 0.915 | in_house_lnp_DC24_luc_valid_pearsonr_p_val 0 | in_house_lnp_DC24_luc_valid_mae 2.875 | in_house_lnp_DC24_luc_valid_mse 10.787 | in_house_lnp_DC24_luc_valid_agg_mae 2.875 | in_house_lnp_DC24_luc_valid_agg_mse 10.787 | in_house_lnp_DC24_luc_valid_contrastive_L 0.271 | in_house_lnp_DC24_luc_valid_agg_rmse 3.2844 | bsz 312 | num_updates 4375
validate stats:  OrderedDict([('loss', 0.062), ('loss_in_house_lnp_B16F10_luc', 0.036), ('loss_in_house_lnp_DC24_luc', 0.026), ('in_house_lnp_B16F10_luc_valid_spearmanr_coeff', 0.836), ('in_house_lnp_B16F10_luc_valid_spearmanr_p_val', 0.0), ('in_house_lnp_B16F10_luc_valid_pearsonr_coeff', 0.8), ('in_house_lnp_B16F10_luc_valid_pearsonr_p_val', 0.0), ('in_house_lnp_B16F10_luc_valid_mae', 1.802), ('in_house_lnp_B16F10_luc_valid_mse', 5.24), ('in_house_lnp_B16F10_luc_valid_agg_mae', 1.802), ('in_house_lnp_B16F10_luc_valid_agg_mse', 5.24), ('in_house_lnp_B16F10_luc_valid_contrastive_L', 0.393), ('in_house_lnp_B16F10_luc_valid_agg_rmse', 2.2891), ('in_house_lnp_DC24_luc_valid_spearmanr_coeff', 0.918), ('in_house_lnp_DC24_luc_valid_spearmanr_p_val', 0.0), ('in_house_lnp_DC24_luc_valid_pearsonr_coeff', 0.915), ('in_house_lnp_DC24_luc_valid_pearsonr_p_val', 0.0), ('in_house_lnp_DC24_luc_valid_mae', 2.875), ('in_house_lnp_DC24_luc_valid_mse', 10.787), ('in_house_lnp_DC24_luc_valid_agg_mae', 2.875), ('in_house_lnp_DC24_luc_valid_agg_mse', 10.787), ('in_house_lnp_DC24_luc_valid_contrastive_L', 0.271), ('in_house_lnp_DC24_luc_valid_agg_rmse', 3.2844), ('bsz', 312.0), ('num_updates', 4375)])
2026-04-16 23:53:40 | INFO | unicore_cli.train | averaging ['in_house_lnp_B16F10_luc_valid_spearmanr_coeff', 'in_house_lnp_DC24_luc_valid_spearmanr_coeff'] for valid_spearmanr_coeff
2026-04-16 23:53:40 | INFO | unimol.core.checkpoint_utils | Preparing to save checkpoint for epoch 32 @ 4375 updates
2026-04-16 23:53:40 | INFO | unimol.core.trainer | Saving checkpoint to ./tmp_save_demo/save_InfoMax_Run/checkpoint32.pt
2026-04-16 23:53:41 | INFO | unimol.core.trainer | Finished saving checkpoint to ./tmp_save_demo/save_InfoMax_Run/checkpoint32.pt
2026-04-16 23:53:41 | INFO | unimol.core.checkpoint_utils | Saved checkpoint ./tmp_save_demo/save_InfoMax_Run/checkpoint32.pt (epoch 32 @ 4375 updates, score 0.877) (writing took 0.8589639279525727 seconds)
2026-04-16 23:53:41 | INFO | unimol.core.checkpoint_utils | copy ./tmp_save_demo/save_InfoMax_Run/checkpoint32.pt to ./save_demo/save_InfoMax_Run/checkpoint32.pt
2026-04-16 23:53:41 | INFO | unicore_cli.train | end of epoch 32 (average epoch stats below)
2026-04-16 23:53:41 | INFO | train | epoch 032 | loss 0.066 | loss_in_house_lnp_B16F10_luc 0.035 | loss_in_house_lnp_DC24_luc 0.024 | ups 6.84 | bsz 15.9 | num_updates 4375 | lr 8.95197e-05 | gnorm 6.677 | clip 100 | loss_scale 128 | train_wall 15.72 | epoch_itr_sz 137 | gb_free 76 | wall 626
2026-04-16 23:53:41 | INFO | unimol.core.tasks.unicore_task | get EpochBatchIterator for epoch 33
2026-04-16 23:53:41 | INFO | unimol.core.trainer | begin training epoch 33
2026-04-16 23:53:41 | INFO | unicore_cli.train | Start iterating over samples
2026-04-16 23:53:42 | INFO | unimol.core.checkpoint_utils | copy ./tmp_save_demo/save_InfoMax_Run/checkpoint32.pt to ./save_demo/save_InfoMax_Run/checkpoint_best.pt
2026-04-16 23:53:43 | INFO | unimol.core.checkpoint_utils | copy ./tmp_save_demo/save_InfoMax_Run/checkpoint32.pt to ./save_demo/save_InfoMax_Run/checkpoint_last.pt
2026-04-16 23:53:43 | INFO | unimol.core.checkpoint_utils | removing temp file ./tmp_save_demo/save_InfoMax_Run/checkpoint32.pt ...
2026-04-16 23:53:43 | INFO | unimol.core.checkpoint_utils | removed ./save_demo/save_InfoMax_Run/checkpoint22.pt
2026-04-16 23:53:43 | INFO | unimol.core.checkpoint_utils | finished async ckp saving.
2026-04-16 23:53:45 | INFO | train_inner | epoch 033:     25 / 137 loss=0.065, loss_in_house_lnp_B16F10_luc=0.034, loss_in_house_lnp_DC24_luc=0.023, ups=6.55, bsz=16, num_updates=4400, lr=8.94234e-05, gnorm=6.966, clip=100, loss_scale=128, train_wall=11.58, gb_free=76, wall=630
2026-04-16 23:53:57 | INFO | train_inner | epoch 033:    125 / 137 loss=0.065, loss_in_house_lnp_B16F10_luc=0.035, loss_in_house_lnp_DC24_luc=0.023, ups=8.75, bsz=15.9, num_updates=4500, lr=8.90379e-05, gnorm=6.433, clip=100, loss_scale=128, train_wall=11.17, gb_free=76, wall=641
2026-04-16 23:53:58 | INFO | unicore_cli.train | begin validation on "valid" subset
2026-04-16 23:53:58 | INFO | unimol.core.tasks.unicore_task | get EpochBatchIterator for epoch 1
reduce_metrics, task_name:  in_house_lnp_B16F10_luc
reduce_metrics, task_name:  in_house_lnp_DC24_luc
get_valid_stats stats:  OrderedDict([('loss', 0.062), ('loss_in_house_lnp_B16F10_luc', 0.036), ('loss_in_house_lnp_DC24_luc', 0.026), ('in_house_lnp_B16F10_luc_valid_spearmanr_coeff', 0.835), ('in_house_lnp_B16F10_luc_valid_spearmanr_p_val', 0.0), ('in_house_lnp_B16F10_luc_valid_pearsonr_coeff', 0.804), ('in_house_lnp_B16F10_luc_valid_pearsonr_p_val', 0.0), ('in_house_lnp_B16F10_luc_valid_mae', 1.968), ('in_house_lnp_B16F10_luc_valid_mse', 5.86), ('in_house_lnp_B16F10_luc_valid_agg_mae', 1.968), ('in_house_lnp_B16F10_luc_valid_agg_mse', 5.86), ('in_house_lnp_B16F10_luc_valid_contrastive_L', 0.399), ('in_house_lnp_B16F10_luc_valid_agg_rmse', 2.4208), ('in_house_lnp_DC24_luc_valid_spearmanr_coeff', 0.921), ('in_house_lnp_DC24_luc_valid_spearmanr_p_val', 0.0), ('in_house_lnp_DC24_luc_valid_pearsonr_coeff', 0.928), ('in_house_lnp_DC24_luc_valid_pearsonr_p_val', 0.0), ('in_house_lnp_DC24_luc_valid_mae', 3.318), ('in_house_lnp_DC24_luc_valid_mse', 14.04), ('in_house_lnp_DC24_luc_valid_agg_mae', 3.318), ('in_house_lnp_DC24_luc_valid_agg_mse', 14.04), ('in_house_lnp_DC24_luc_valid_contrastive_L', 0.27), ('in_house_lnp_DC24_luc_valid_agg_rmse', 3.747), ('bsz', 312.0), ('num_updates', 4512)])
2026-04-16 23:54:00 | INFO | valid | epoch 033 | valid on 'valid' subset | loss 0.062 | loss_in_house_lnp_B16F10_luc 0.036 | loss_in_house_lnp_DC24_luc 0.026 | in_house_lnp_B16F10_luc_valid_spearmanr_coeff 0.835 | in_house_lnp_B16F10_luc_valid_spearmanr_p_val 0 | in_house_lnp_B16F10_luc_valid_pearsonr_coeff 0.804 | in_house_lnp_B16F10_luc_valid_pearsonr_p_val 0 | in_house_lnp_B16F10_luc_valid_mae 1.968 | in_house_lnp_B16F10_luc_valid_mse 5.86 | in_house_lnp_B16F10_luc_valid_agg_mae 1.968 | in_house_lnp_B16F10_luc_valid_agg_mse 5.86 | in_house_lnp_B16F10_luc_valid_contrastive_L 0.399 | in_house_lnp_B16F10_luc_valid_agg_rmse 2.4208 | in_house_lnp_DC24_luc_valid_spearmanr_coeff 0.921 | in_house_lnp_DC24_luc_valid_spearmanr_p_val 0 | in_house_lnp_DC24_luc_valid_pearsonr_coeff 0.928 | in_house_lnp_DC24_luc_valid_pearsonr_p_val 0 | in_house_lnp_DC24_luc_valid_mae 3.318 | in_house_lnp_DC24_luc_valid_mse 14.04 | in_house_lnp_DC24_luc_valid_agg_mae 3.318 | in_house_lnp_DC24_luc_valid_agg_mse 14.04 | in_house_lnp_DC24_luc_valid_contrastive_L 0.27 | in_house_lnp_DC24_luc_valid_agg_rmse 3.747 | bsz 312 | num_updates 4512
validate stats:  OrderedDict([('loss', 0.062), ('loss_in_house_lnp_B16F10_luc', 0.036), ('loss_in_house_lnp_DC24_luc', 0.026), ('in_house_lnp_B16F10_luc_valid_spearmanr_coeff', 0.835), ('in_house_lnp_B16F10_luc_valid_spearmanr_p_val', 0.0), ('in_house_lnp_B16F10_luc_valid_pearsonr_coeff', 0.804), ('in_house_lnp_B16F10_luc_valid_pearsonr_p_val', 0.0), ('in_house_lnp_B16F10_luc_valid_mae', 1.968), ('in_house_lnp_B16F10_luc_valid_mse', 5.86), ('in_house_lnp_B16F10_luc_valid_agg_mae', 1.968), ('in_house_lnp_B16F10_luc_valid_agg_mse', 5.86), ('in_house_lnp_B16F10_luc_valid_contrastive_L', 0.399), ('in_house_lnp_B16F10_luc_valid_agg_rmse', 2.4208), ('in_house_lnp_DC24_luc_valid_spearmanr_coeff', 0.921), ('in_house_lnp_DC24_luc_valid_spearmanr_p_val', 0.0), ('in_house_lnp_DC24_luc_valid_pearsonr_coeff', 0.928), ('in_house_lnp_DC24_luc_valid_pearsonr_p_val', 0.0), ('in_house_lnp_DC24_luc_valid_mae', 3.318), ('in_house_lnp_DC24_luc_valid_mse', 14.04), ('in_house_lnp_DC24_luc_valid_agg_mae', 3.318), ('in_house_lnp_DC24_luc_valid_agg_mse', 14.04), ('in_house_lnp_DC24_luc_valid_contrastive_L', 0.27), ('in_house_lnp_DC24_luc_valid_agg_rmse', 3.747), ('bsz', 312.0), ('num_updates', 4512)])
2026-04-16 23:54:00 | INFO | unicore_cli.train | averaging ['in_house_lnp_B16F10_luc_valid_spearmanr_coeff', 'in_house_lnp_DC24_luc_valid_spearmanr_coeff'] for valid_spearmanr_coeff
2026-04-16 23:54:00 | INFO | unimol.core.checkpoint_utils | Preparing to save checkpoint for epoch 33 @ 4512 updates
2026-04-16 23:54:00 | INFO | unimol.core.trainer | Saving checkpoint to ./tmp_save_demo/save_InfoMax_Run/checkpoint33.pt
2026-04-16 23:54:01 | INFO | unimol.core.trainer | Finished saving checkpoint to ./tmp_save_demo/save_InfoMax_Run/checkpoint33.pt
2026-04-16 23:54:01 | INFO | unimol.core.checkpoint_utils | Saved checkpoint ./tmp_save_demo/save_InfoMax_Run/checkpoint33.pt (epoch 33 @ 4512 updates, score 0.878) (writing took 1.0318001509876922 seconds)
2026-04-16 23:54:01 | INFO | unicore_cli.train | end of epoch 33 (average epoch stats below)
2026-04-16 23:54:01 | INFO | unimol.core.checkpoint_utils | copy ./tmp_save_demo/save_InfoMax_Run/checkpoint33.pt to ./save_demo/save_InfoMax_Run/checkpoint33.pt
2026-04-16 23:54:01 | INFO | train | epoch 033 | loss 0.064 | loss_in_house_lnp_B16F10_luc 0.034 | loss_in_house_lnp_DC24_luc 0.023 | ups 6.97 | bsz 15.9 | num_updates 4512 | lr 8.89917e-05 | gnorm 6.679 | clip 100 | loss_scale 128 | train_wall 15.65 | epoch_itr_sz 137 | gb_free 76 | wall 645
2026-04-16 23:54:01 | INFO | unimol.core.tasks.unicore_task | get EpochBatchIterator for epoch 34
2026-04-16 23:54:01 | INFO | unimol.core.trainer | begin training epoch 34
2026-04-16 23:54:01 | INFO | unicore_cli.train | Start iterating over samples
2026-04-16 23:54:02 | INFO | unimol.core.checkpoint_utils | copy ./tmp_save_demo/save_InfoMax_Run/checkpoint33.pt to ./save_demo/save_InfoMax_Run/checkpoint_best.pt
2026-04-16 23:54:02 | INFO | unimol.core.checkpoint_utils | copy ./tmp_save_demo/save_InfoMax_Run/checkpoint33.pt to ./save_demo/save_InfoMax_Run/checkpoint_last.pt
2026-04-16 23:54:03 | INFO | unimol.core.checkpoint_utils | removing temp file ./tmp_save_demo/save_InfoMax_Run/checkpoint33.pt ...
2026-04-16 23:54:03 | INFO | unimol.core.checkpoint_utils | removed ./save_demo/save_InfoMax_Run/checkpoint23.pt
2026-04-16 23:54:03 | INFO | unimol.core.checkpoint_utils | finished async ckp saving.
2026-04-16 23:54:12 | INFO | train_inner | epoch 034:     88 / 137 loss=0.063, loss_in_house_lnp_B16F10_luc=0.034, loss_in_house_lnp_DC24_luc=0.022, ups=6.61, bsz=15.9, num_updates=4600, lr=8.86525e-05, gnorm=6.214, clip=99, loss_scale=256, train_wall=11.17, gb_free=76, wall=657
2026-04-16 23:54:17 | INFO | unicore_cli.train | begin validation on "valid" subset
2026-04-16 23:54:17 | INFO | unimol.core.tasks.unicore_task | get EpochBatchIterator for epoch 1
reduce_metrics, task_name:  in_house_lnp_B16F10_luc
reduce_metrics, task_name:  in_house_lnp_DC24_luc
get_valid_stats stats:  OrderedDict([('loss', 0.061), ('loss_in_house_lnp_B16F10_luc', 0.035), ('loss_in_house_lnp_DC24_luc', 0.027), ('in_house_lnp_B16F10_luc_valid_spearmanr_coeff', 0.842), ('in_house_lnp_B16F10_luc_valid_spearmanr_p_val', 0.0), ('in_house_lnp_B16F10_luc_valid_pearsonr_coeff', 0.804), ('in_house_lnp_B16F10_luc_valid_pearsonr_p_val', 0.0), ('in_house_lnp_B16F10_luc_valid_mae', 1.791), ('in_house_lnp_B16F10_luc_valid_mse', 5.12), ('in_house_lnp_B16F10_luc_valid_agg_mae', 1.791), ('in_house_lnp_B16F10_luc_valid_agg_mse', 5.12), ('in_house_lnp_B16F10_luc_valid_contrastive_L', 0.382), ('in_house_lnp_B16F10_luc_valid_agg_rmse', 2.2627), ('in_house_lnp_DC24_luc_valid_spearmanr_coeff', 0.921), ('in_house_lnp_DC24_luc_valid_spearmanr_p_val', 0.0), ('in_house_lnp_DC24_luc_valid_pearsonr_coeff', 0.92), ('in_house_lnp_DC24_luc_valid_pearsonr_p_val', 0.0), ('in_house_lnp_DC24_luc_valid_mae', 2.855), ('in_house_lnp_DC24_luc_valid_mse', 11.288), ('in_house_lnp_DC24_luc_valid_agg_mae', 2.855), ('in_house_lnp_DC24_luc_valid_agg_mse', 11.288), ('in_house_lnp_DC24_luc_valid_contrastive_L', 0.267), ('in_house_lnp_DC24_luc_valid_agg_rmse', 3.3598), ('bsz', 312.0), ('num_updates', 4649)])
2026-04-16 23:54:19 | INFO | valid | epoch 034 | valid on 'valid' subset | loss 0.061 | loss_in_house_lnp_B16F10_luc 0.035 | loss_in_house_lnp_DC24_luc 0.027 | in_house_lnp_B16F10_luc_valid_spearmanr_coeff 0.842 | in_house_lnp_B16F10_luc_valid_spearmanr_p_val 0 | in_house_lnp_B16F10_luc_valid_pearsonr_coeff 0.804 | in_house_lnp_B16F10_luc_valid_pearsonr_p_val 0 | in_house_lnp_B16F10_luc_valid_mae 1.791 | in_house_lnp_B16F10_luc_valid_mse 5.12 | in_house_lnp_B16F10_luc_valid_agg_mae 1.791 | in_house_lnp_B16F10_luc_valid_agg_mse 5.12 | in_house_lnp_B16F10_luc_valid_contrastive_L 0.382 | in_house_lnp_B16F10_luc_valid_agg_rmse 2.2627 | in_house_lnp_DC24_luc_valid_spearmanr_coeff 0.921 | in_house_lnp_DC24_luc_valid_spearmanr_p_val 0 | in_house_lnp_DC24_luc_valid_pearsonr_coeff 0.92 | in_house_lnp_DC24_luc_valid_pearsonr_p_val 0 | in_house_lnp_DC24_luc_valid_mae 2.855 | in_house_lnp_DC24_luc_valid_mse 11.288 | in_house_lnp_DC24_luc_valid_agg_mae 2.855 | in_house_lnp_DC24_luc_valid_agg_mse 11.288 | in_house_lnp_DC24_luc_valid_contrastive_L 0.267 | in_house_lnp_DC24_luc_valid_agg_rmse 3.3598 | bsz 312 | num_updates 4649
validate stats:  OrderedDict([('loss', 0.061), ('loss_in_house_lnp_B16F10_luc', 0.035), ('loss_in_house_lnp_DC24_luc', 0.027), ('in_house_lnp_B16F10_luc_valid_spearmanr_coeff', 0.842), ('in_house_lnp_B16F10_luc_valid_spearmanr_p_val', 0.0), ('in_house_lnp_B16F10_luc_valid_pearsonr_coeff', 0.804), ('in_house_lnp_B16F10_luc_valid_pearsonr_p_val', 0.0), ('in_house_lnp_B16F10_luc_valid_mae', 1.791), ('in_house_lnp_B16F10_luc_valid_mse', 5.12), ('in_house_lnp_B16F10_luc_valid_agg_mae', 1.791), ('in_house_lnp_B16F10_luc_valid_agg_mse', 5.12), ('in_house_lnp_B16F10_luc_valid_contrastive_L', 0.382), ('in_house_lnp_B16F10_luc_valid_agg_rmse', 2.2627), ('in_house_lnp_DC24_luc_valid_spearmanr_coeff', 0.921), ('in_house_lnp_DC24_luc_valid_spearmanr_p_val', 0.0), ('in_house_lnp_DC24_luc_valid_pearsonr_coeff', 0.92), ('in_house_lnp_DC24_luc_valid_pearsonr_p_val', 0.0), ('in_house_lnp_DC24_luc_valid_mae', 2.855), ('in_house_lnp_DC24_luc_valid_mse', 11.288), ('in_house_lnp_DC24_luc_valid_agg_mae', 2.855), ('in_house_lnp_DC24_luc_valid_agg_mse', 11.288), ('in_house_lnp_DC24_luc_valid_contrastive_L', 0.267), ('in_house_lnp_DC24_luc_valid_agg_rmse', 3.3598), ('bsz', 312.0), ('num_updates', 4649)])
2026-04-16 23:54:19 | INFO | unicore_cli.train | averaging ['in_house_lnp_B16F10_luc_valid_spearmanr_coeff', 'in_house_lnp_DC24_luc_valid_spearmanr_coeff'] for valid_spearmanr_coeff
2026-04-16 23:54:19 | INFO | unimol.core.checkpoint_utils | Preparing to save checkpoint for epoch 34 @ 4649 updates
2026-04-16 23:54:19 | INFO | unimol.core.trainer | Saving checkpoint to ./tmp_save_demo/save_InfoMax_Run/checkpoint34.pt
2026-04-16 23:54:20 | INFO | unimol.core.trainer | Finished saving checkpoint to ./tmp_save_demo/save_InfoMax_Run/checkpoint34.pt
2026-04-16 23:54:20 | INFO | unimol.core.checkpoint_utils | Saved checkpoint ./tmp_save_demo/save_InfoMax_Run/checkpoint34.pt (epoch 34 @ 4649 updates, score 0.8815) (writing took 0.9924387570936233 seconds)
2026-04-16 23:54:20 | INFO | unicore_cli.train | end of epoch 34 (average epoch stats below)
2026-04-16 23:54:20 | INFO | unimol.core.checkpoint_utils | copy ./tmp_save_demo/save_InfoMax_Run/checkpoint34.pt to ./save_demo/save_InfoMax_Run/checkpoint34.pt
2026-04-16 23:54:20 | INFO | train | epoch 034 | loss 0.062 | loss_in_house_lnp_B16F10_luc 0.034 | loss_in_house_lnp_DC24_luc 0.022 | ups 7.13 | bsz 15.9 | num_updates 4649 | lr 8.84636e-05 | gnorm 6.2 | clip 99.3 | loss_scale 256 | train_wall 15.16 | epoch_itr_sz 137 | gb_free 76 | wall 665
2026-04-16 23:54:20 | INFO | unimol.core.tasks.unicore_task | get EpochBatchIterator for epoch 35
2026-04-16 23:54:20 | INFO | unimol.core.trainer | begin training epoch 35
2026-04-16 23:54:20 | INFO | unicore_cli.train | Start iterating over samples
2026-04-16 23:54:21 | INFO | unimol.core.checkpoint_utils | copy ./tmp_save_demo/save_InfoMax_Run/checkpoint34.pt to ./save_demo/save_InfoMax_Run/checkpoint_best.pt
2026-04-16 23:54:22 | INFO | unimol.core.checkpoint_utils | copy ./tmp_save_demo/save_InfoMax_Run/checkpoint34.pt to ./save_demo/save_InfoMax_Run/checkpoint_last.pt
2026-04-16 23:54:22 | INFO | unimol.core.trainer | NOTE: gradient overflow detected, ignoring gradient, setting loss scale to: 128.0
2026-04-16 23:54:22 | INFO | unimol.core.checkpoint_utils | removing temp file ./tmp_save_demo/save_InfoMax_Run/checkpoint34.pt ...
2026-04-16 23:54:22 | INFO | unimol.core.checkpoint_utils | removed ./save_demo/save_InfoMax_Run/checkpoint24.pt
2026-04-16 23:54:22 | INFO | unimol.core.checkpoint_utils | finished async ckp saving.
2026-04-16 23:54:27 | INFO | train_inner | epoch 035:     52 / 137 loss=0.06, loss_in_house_lnp_B16F10_luc=0.033, loss_in_house_lnp_DC24_luc=0.021, ups=6.41, bsz=16, num_updates=4700, lr=8.8267e-05, gnorm=6.117, clip=100, loss_scale=128, train_wall=11.56, gb_free=76, wall=672
2026-04-16 23:54:37 | INFO | unicore_cli.train | begin validation on "valid" subset
2026-04-16 23:54:37 | INFO | unimol.core.tasks.unicore_task | get EpochBatchIterator for epoch 1
reduce_metrics, task_name:  in_house_lnp_B16F10_luc
reduce_metrics, task_name:  in_house_lnp_DC24_luc
get_valid_stats stats:  OrderedDict([('loss', 0.062), ('loss_in_house_lnp_B16F10_luc', 0.035), ('loss_in_house_lnp_DC24_luc', 0.026), ('in_house_lnp_B16F10_luc_valid_spearmanr_coeff', 0.833), ('in_house_lnp_B16F10_luc_valid_spearmanr_p_val', 0.0), ('in_house_lnp_B16F10_luc_valid_pearsonr_coeff', 0.795), ('in_house_lnp_B16F10_luc_valid_pearsonr_p_val', 0.0), ('in_house_lnp_B16F10_luc_valid_mae', 1.723), ('in_house_lnp_B16F10_luc_valid_mse', 4.807), ('in_house_lnp_B16F10_luc_valid_agg_mae', 1.723), ('in_house_lnp_B16F10_luc_valid_agg_mse', 4.807), ('in_house_lnp_B16F10_luc_valid_contrastive_L', 0.393), ('in_house_lnp_B16F10_luc_valid_agg_rmse', 2.1924), ('in_house_lnp_DC24_luc_valid_spearmanr_coeff', 0.922), ('in_house_lnp_DC24_luc_valid_spearmanr_p_val', 0.0), ('in_house_lnp_DC24_luc_valid_pearsonr_coeff', 0.915), ('in_house_lnp_DC24_luc_valid_pearsonr_p_val', 0.0), ('in_house_lnp_DC24_luc_valid_mae', 2.881), ('in_house_lnp_DC24_luc_valid_mse', 11.401), ('in_house_lnp_DC24_luc_valid_agg_mae', 2.881), ('in_house_lnp_DC24_luc_valid_agg_mse', 11.401), ('in_house_lnp_DC24_luc_valid_contrastive_L', 0.268), ('in_house_lnp_DC24_luc_valid_agg_rmse', 3.3766), ('bsz', 312.0), ('num_updates', 4785)])
2026-04-16 23:54:39 | INFO | valid | epoch 035 | valid on 'valid' subset | loss 0.062 | loss_in_house_lnp_B16F10_luc 0.035 | loss_in_house_lnp_DC24_luc 0.026 | in_house_lnp_B16F10_luc_valid_spearmanr_coeff 0.833 | in_house_lnp_B16F10_luc_valid_spearmanr_p_val 0 | in_house_lnp_B16F10_luc_valid_pearsonr_coeff 0.795 | in_house_lnp_B16F10_luc_valid_pearsonr_p_val 0 | in_house_lnp_B16F10_luc_valid_mae 1.723 | in_house_lnp_B16F10_luc_valid_mse 4.807 | in_house_lnp_B16F10_luc_valid_agg_mae 1.723 | in_house_lnp_B16F10_luc_valid_agg_mse 4.807 | in_house_lnp_B16F10_luc_valid_contrastive_L 0.393 | in_house_lnp_B16F10_luc_valid_agg_rmse 2.1924 | in_house_lnp_DC24_luc_valid_spearmanr_coeff 0.922 | in_house_lnp_DC24_luc_valid_spearmanr_p_val 0 | in_house_lnp_DC24_luc_valid_pearsonr_coeff 0.915 | in_house_lnp_DC24_luc_valid_pearsonr_p_val 0 | in_house_lnp_DC24_luc_valid_mae 2.881 | in_house_lnp_DC24_luc_valid_mse 11.401 | in_house_lnp_DC24_luc_valid_agg_mae 2.881 | in_house_lnp_DC24_luc_valid_agg_mse 11.401 | in_house_lnp_DC24_luc_valid_contrastive_L 0.268 | in_house_lnp_DC24_luc_valid_agg_rmse 3.3766 | bsz 312 | num_updates 4785
validate stats:  OrderedDict([('loss', 0.062), ('loss_in_house_lnp_B16F10_luc', 0.035), ('loss_in_house_lnp_DC24_luc', 0.026), ('in_house_lnp_B16F10_luc_valid_spearmanr_coeff', 0.833), ('in_house_lnp_B16F10_luc_valid_spearmanr_p_val', 0.0), ('in_house_lnp_B16F10_luc_valid_pearsonr_coeff', 0.795), ('in_house_lnp_B16F10_luc_valid_pearsonr_p_val', 0.0), ('in_house_lnp_B16F10_luc_valid_mae', 1.723), ('in_house_lnp_B16F10_luc_valid_mse', 4.807), ('in_house_lnp_B16F10_luc_valid_agg_mae', 1.723), ('in_house_lnp_B16F10_luc_valid_agg_mse', 4.807), ('in_house_lnp_B16F10_luc_valid_contrastive_L', 0.393), ('in_house_lnp_B16F10_luc_valid_agg_rmse', 2.1924), ('in_house_lnp_DC24_luc_valid_spearmanr_coeff', 0.922), ('in_house_lnp_DC24_luc_valid_spearmanr_p_val', 0.0), ('in_house_lnp_DC24_luc_valid_pearsonr_coeff', 0.915), ('in_house_lnp_DC24_luc_valid_pearsonr_p_val', 0.0), ('in_house_lnp_DC24_luc_valid_mae', 2.881), ('in_house_lnp_DC24_luc_valid_mse', 11.401), ('in_house_lnp_DC24_luc_valid_agg_mae', 2.881), ('in_house_lnp_DC24_luc_valid_agg_mse', 11.401), ('in_house_lnp_DC24_luc_valid_contrastive_L', 0.268), ('in_house_lnp_DC24_luc_valid_agg_rmse', 3.3766), ('bsz', 312.0), ('num_updates', 4785)])
2026-04-16 23:54:39 | INFO | unicore_cli.train | averaging ['in_house_lnp_B16F10_luc_valid_spearmanr_coeff', 'in_house_lnp_DC24_luc_valid_spearmanr_coeff'] for valid_spearmanr_coeff
2026-04-16 23:54:39 | INFO | unimol.core.checkpoint_utils | Preparing to save checkpoint for epoch 35 @ 4785 updates
2026-04-16 23:54:39 | INFO | unimol.core.trainer | Saving checkpoint to ./tmp_save_demo/save_InfoMax_Run/checkpoint35.pt
2026-04-16 23:54:39 | INFO | unimol.core.trainer | Finished saving checkpoint to ./tmp_save_demo/save_InfoMax_Run/checkpoint35.pt
2026-04-16 23:54:39 | INFO | unimol.core.checkpoint_utils | Saved checkpoint ./tmp_save_demo/save_InfoMax_Run/checkpoint35.pt (epoch 35 @ 4785 updates, score 0.8775) (writing took 0.878264065948315 seconds)
2026-04-16 23:54:39 | INFO | unimol.core.checkpoint_utils | copy ./tmp_save_demo/save_InfoMax_Run/checkpoint35.pt to ./save_demo/save_InfoMax_Run/checkpoint35.pt
2026-04-16 23:54:39 | INFO | unicore_cli.train | end of epoch 35 (average epoch stats below)
2026-04-16 23:54:39 | INFO | train | epoch 035 | loss 0.063 | loss_in_house_lnp_B16F10_luc 0.034 | loss_in_house_lnp_DC24_luc 0.022 | ups 6.95 | bsz 15.9 | num_updates 4785 | lr 8.79394e-05 | gnorm 6.951 | clip 100 | loss_scale 128 | train_wall 15.64 | epoch_itr_sz 137 | gb_free 76 | wall 684
2026-04-16 23:54:39 | INFO | unimol.core.tasks.unicore_task | get EpochBatchIterator for epoch 36
2026-04-16 23:54:39 | INFO | unimol.core.trainer | begin training epoch 36
2026-04-16 23:54:39 | INFO | unicore_cli.train | Start iterating over samples
2026-04-16 23:54:41 | INFO | unimol.core.checkpoint_utils | copy ./tmp_save_demo/save_InfoMax_Run/checkpoint35.pt to ./save_demo/save_InfoMax_Run/checkpoint_last.pt
2026-04-16 23:54:41 | INFO | unimol.core.checkpoint_utils | removing temp file ./tmp_save_demo/save_InfoMax_Run/checkpoint35.pt ...
2026-04-16 23:54:41 | INFO | unimol.core.checkpoint_utils | removed ./save_demo/save_InfoMax_Run/checkpoint25.pt
2026-04-16 23:54:41 | INFO | unimol.core.checkpoint_utils | finished async ckp saving.
2026-04-16 23:54:42 | INFO | train_inner | epoch 036:     15 / 137 loss=0.063, loss_in_house_lnp_B16F10_luc=0.033, loss_in_house_lnp_DC24_luc=0.023, ups=6.68, bsz=15.9, num_updates=4800, lr=8.78816e-05, gnorm=7.249, clip=100, loss_scale=128, train_wall=11.19, gb_free=76, wall=687
2026-04-16 23:54:54 | INFO | train_inner | epoch 036:    115 / 137 loss=0.065, loss_in_house_lnp_B16F10_luc=0.034, loss_in_house_lnp_DC24_luc=0.023, ups=8.64, bsz=15.9, num_updates=4900, lr=8.74961e-05, gnorm=7.252, clip=99, loss_scale=128, train_wall=11.31, gb_free=76, wall=699
2026-04-16 23:54:56 | INFO | unimol.core.trainer | NOTE: gradient overflow detected, ignoring gradient, setting loss scale to: 128.0
2026-04-16 23:54:56 | INFO | unicore_cli.train | begin validation on "valid" subset
2026-04-16 23:54:56 | INFO | unimol.core.tasks.unicore_task | get EpochBatchIterator for epoch 1
reduce_metrics, task_name:  in_house_lnp_B16F10_luc
reduce_metrics, task_name:  in_house_lnp_DC24_luc
get_valid_stats stats:  OrderedDict([('loss', 0.061), ('loss_in_house_lnp_B16F10_luc', 0.034), ('loss_in_house_lnp_DC24_luc', 0.028), ('in_house_lnp_B16F10_luc_valid_spearmanr_coeff', 0.849), ('in_house_lnp_B16F10_luc_valid_spearmanr_p_val', 0.0), ('in_house_lnp_B16F10_luc_valid_pearsonr_coeff', 0.818), ('in_house_lnp_B16F10_luc_valid_pearsonr_p_val', 0.0), ('in_house_lnp_B16F10_luc_valid_mae', 2.146), ('in_house_lnp_B16F10_luc_valid_mse', 6.959), ('in_house_lnp_B16F10_luc_valid_agg_mae', 2.146), ('in_house_lnp_B16F10_luc_valid_agg_mse', 6.959), ('in_house_lnp_B16F10_luc_valid_contrastive_L', 0.38), ('in_house_lnp_B16F10_luc_valid_agg_rmse', 2.6379), ('in_house_lnp_DC24_luc_valid_spearmanr_coeff', 0.915), ('in_house_lnp_DC24_luc_valid_spearmanr_p_val', 0.0), ('in_house_lnp_DC24_luc_valid_pearsonr_coeff', 0.921), ('in_house_lnp_DC24_luc_valid_pearsonr_p_val', 0.0), ('in_house_lnp_DC24_luc_valid_mae', 3.209), ('in_house_lnp_DC24_luc_valid_mse', 13.497), ('in_house_lnp_DC24_luc_valid_agg_mae', 3.209), ('in_house_lnp_DC24_luc_valid_agg_mse', 13.497), ('in_house_lnp_DC24_luc_valid_contrastive_L', 0.284), ('in_house_lnp_DC24_luc_valid_agg_rmse', 3.6739), ('bsz', 312.0), ('num_updates', 4921)])
2026-04-16 23:54:58 | INFO | valid | epoch 036 | valid on 'valid' subset | loss 0.061 | loss_in_house_lnp_B16F10_luc 0.034 | loss_in_house_lnp_DC24_luc 0.028 | in_house_lnp_B16F10_luc_valid_spearmanr_coeff 0.849 | in_house_lnp_B16F10_luc_valid_spearmanr_p_val 0 | in_house_lnp_B16F10_luc_valid_pearsonr_coeff 0.818 | in_house_lnp_B16F10_luc_valid_pearsonr_p_val 0 | in_house_lnp_B16F10_luc_valid_mae 2.146 | in_house_lnp_B16F10_luc_valid_mse 6.959 | in_house_lnp_B16F10_luc_valid_agg_mae 2.146 | in_house_lnp_B16F10_luc_valid_agg_mse 6.959 | in_house_lnp_B16F10_luc_valid_contrastive_L 0.38 | in_house_lnp_B16F10_luc_valid_agg_rmse 2.6379 | in_house_lnp_DC24_luc_valid_spearmanr_coeff 0.915 | in_house_lnp_DC24_luc_valid_spearmanr_p_val 0 | in_house_lnp_DC24_luc_valid_pearsonr_coeff 0.921 | in_house_lnp_DC24_luc_valid_pearsonr_p_val 0 | in_house_lnp_DC24_luc_valid_mae 3.209 | in_house_lnp_DC24_luc_valid_mse 13.497 | in_house_lnp_DC24_luc_valid_agg_mae 3.209 | in_house_lnp_DC24_luc_valid_agg_mse 13.497 | in_house_lnp_DC24_luc_valid_contrastive_L 0.284 | in_house_lnp_DC24_luc_valid_agg_rmse 3.6739 | bsz 312 | num_updates 4921
validate stats:  OrderedDict([('loss', 0.061), ('loss_in_house_lnp_B16F10_luc', 0.034), ('loss_in_house_lnp_DC24_luc', 0.028), ('in_house_lnp_B16F10_luc_valid_spearmanr_coeff', 0.849), ('in_house_lnp_B16F10_luc_valid_spearmanr_p_val', 0.0), ('in_house_lnp_B16F10_luc_valid_pearsonr_coeff', 0.818), ('in_house_lnp_B16F10_luc_valid_pearsonr_p_val', 0.0), ('in_house_lnp_B16F10_luc_valid_mae', 2.146), ('in_house_lnp_B16F10_luc_valid_mse', 6.959), ('in_house_lnp_B16F10_luc_valid_agg_mae', 2.146), ('in_house_lnp_B16F10_luc_valid_agg_mse', 6.959), ('in_house_lnp_B16F10_luc_valid_contrastive_L', 0.38), ('in_house_lnp_B16F10_luc_valid_agg_rmse', 2.6379), ('in_house_lnp_DC24_luc_valid_spearmanr_coeff', 0.915), ('in_house_lnp_DC24_luc_valid_spearmanr_p_val', 0.0), ('in_house_lnp_DC24_luc_valid_pearsonr_coeff', 0.921), ('in_house_lnp_DC24_luc_valid_pearsonr_p_val', 0.0), ('in_house_lnp_DC24_luc_valid_mae', 3.209), ('in_house_lnp_DC24_luc_valid_mse', 13.497), ('in_house_lnp_DC24_luc_valid_agg_mae', 3.209), ('in_house_lnp_DC24_luc_valid_agg_mse', 13.497), ('in_house_lnp_DC24_luc_valid_contrastive_L', 0.284), ('in_house_lnp_DC24_luc_valid_agg_rmse', 3.6739), ('bsz', 312.0), ('num_updates', 4921)])
2026-04-16 23:54:58 | INFO | unicore_cli.train | averaging ['in_house_lnp_B16F10_luc_valid_spearmanr_coeff', 'in_house_lnp_DC24_luc_valid_spearmanr_coeff'] for valid_spearmanr_coeff
2026-04-16 23:54:58 | INFO | unimol.core.checkpoint_utils | Preparing to save checkpoint for epoch 36 @ 4921 updates
2026-04-16 23:54:58 | INFO | unimol.core.trainer | Saving checkpoint to ./tmp_save_demo/save_InfoMax_Run/checkpoint36.pt
2026-04-16 23:54:59 | INFO | unimol.core.trainer | Finished saving checkpoint to ./tmp_save_demo/save_InfoMax_Run/checkpoint36.pt
2026-04-16 23:54:59 | INFO | unimol.core.checkpoint_utils | Saved checkpoint ./tmp_save_demo/save_InfoMax_Run/checkpoint36.pt (epoch 36 @ 4921 updates, score 0.882) (writing took 0.8905105589656159 seconds)
2026-04-16 23:54:59 | INFO | unicore_cli.train | end of epoch 36 (average epoch stats below)
2026-04-16 23:54:59 | INFO | unimol.core.checkpoint_utils | copy ./tmp_save_demo/save_InfoMax_Run/checkpoint36.pt to ./save_demo/save_InfoMax_Run/checkpoint36.pt
2026-04-16 23:54:59 | INFO | train | epoch 036 | loss 0.063 | loss_in_house_lnp_B16F10_luc 0.033 | loss_in_house_lnp_DC24_luc 0.023 | ups 6.97 | bsz 15.9 | num_updates 4921 | lr 8.74152e-05 | gnorm 6.921 | clip 99.3 | loss_scale 128 | train_wall 15.54 | epoch_itr_sz 137 | gb_free 76 | wall 704
2026-04-16 23:54:59 | INFO | unimol.core.tasks.unicore_task | get EpochBatchIterator for epoch 37
2026-04-16 23:54:59 | INFO | unimol.core.trainer | begin training epoch 37
2026-04-16 23:54:59 | INFO | unicore_cli.train | Start iterating over samples
2026-04-16 23:55:00 | INFO | unimol.core.checkpoint_utils | copy ./tmp_save_demo/save_InfoMax_Run/checkpoint36.pt to ./save_demo/save_InfoMax_Run/checkpoint_best.pt
2026-04-16 23:55:01 | INFO | unimol.core.checkpoint_utils | copy ./tmp_save_demo/save_InfoMax_Run/checkpoint36.pt to ./save_demo/save_InfoMax_Run/checkpoint_last.pt
2026-04-16 23:55:01 | INFO | unimol.core.checkpoint_utils | removing temp file ./tmp_save_demo/save_InfoMax_Run/checkpoint36.pt ...
2026-04-16 23:55:01 | INFO | unimol.core.checkpoint_utils | removed ./save_demo/save_InfoMax_Run/checkpoint26.pt
2026-04-16 23:55:01 | INFO | unimol.core.checkpoint_utils | finished async ckp saving.
2026-04-16 23:55:09 | INFO | train_inner | epoch 037:     79 / 137 loss=0.062, loss_in_house_lnp_B16F10_luc=0.033, loss_in_house_lnp_DC24_luc=0.021, ups=6.45, bsz=15.9, num_updates=5000, lr=8.71107e-05, gnorm=6.903, clip=100, loss_scale=128, train_wall=11.55, gb_free=76, wall=714
2026-04-16 23:55:16 | INFO | unicore_cli.train | begin validation on "valid" subset
2026-04-16 23:55:16 | INFO | unimol.core.tasks.unicore_task | get EpochBatchIterator for epoch 1
reduce_metrics, task_name:  in_house_lnp_B16F10_luc
reduce_metrics, task_name:  in_house_lnp_DC24_luc
get_valid_stats stats:  OrderedDict([('loss', 0.064), ('loss_in_house_lnp_B16F10_luc', 0.038), ('loss_in_house_lnp_DC24_luc', 0.026), ('in_house_lnp_B16F10_luc_valid_spearmanr_coeff', 0.818), ('in_house_lnp_B16F10_luc_valid_spearmanr_p_val', 0.0), ('in_house_lnp_B16F10_luc_valid_pearsonr_coeff', 0.779), ('in_house_lnp_B16F10_luc_valid_pearsonr_p_val', 0.0), ('in_house_lnp_B16F10_luc_valid_mae', 1.635), ('in_house_lnp_B16F10_luc_valid_mse', 4.427), ('in_house_lnp_B16F10_luc_valid_agg_mae', 1.635), ('in_house_lnp_B16F10_luc_valid_agg_mse', 4.427), ('in_house_lnp_B16F10_luc_valid_contrastive_L', 0.412), ('in_house_lnp_B16F10_luc_valid_agg_rmse', 2.1041), ('in_house_lnp_DC24_luc_valid_spearmanr_coeff', 0.923), ('in_house_lnp_DC24_luc_valid_spearmanr_p_val', 0.0), ('in_house_lnp_DC24_luc_valid_pearsonr_coeff', 0.914), ('in_house_lnp_DC24_luc_valid_pearsonr_p_val', 0.0), ('in_house_lnp_DC24_luc_valid_mae', 2.957), ('in_house_lnp_DC24_luc_valid_mse', 12.223), ('in_house_lnp_DC24_luc_valid_agg_mae', 2.957), ('in_house_lnp_DC24_luc_valid_agg_mse', 12.223), ('in_house_lnp_DC24_luc_valid_contrastive_L', 0.265), ('in_house_lnp_DC24_luc_valid_agg_rmse', 3.4962), ('bsz', 312.0), ('num_updates', 5058)])
2026-04-16 23:55:18 | INFO | valid | epoch 037 | valid on 'valid' subset | loss 0.064 | loss_in_house_lnp_B16F10_luc 0.038 | loss_in_house_lnp_DC24_luc 0.026 | in_house_lnp_B16F10_luc_valid_spearmanr_coeff 0.818 | in_house_lnp_B16F10_luc_valid_spearmanr_p_val 0 | in_house_lnp_B16F10_luc_valid_pearsonr_coeff 0.779 | in_house_lnp_B16F10_luc_valid_pearsonr_p_val 0 | in_house_lnp_B16F10_luc_valid_mae 1.635 | in_house_lnp_B16F10_luc_valid_mse 4.427 | in_house_lnp_B16F10_luc_valid_agg_mae 1.635 | in_house_lnp_B16F10_luc_valid_agg_mse 4.427 | in_house_lnp_B16F10_luc_valid_contrastive_L 0.412 | in_house_lnp_B16F10_luc_valid_agg_rmse 2.1041 | in_house_lnp_DC24_luc_valid_spearmanr_coeff 0.923 | in_house_lnp_DC24_luc_valid_spearmanr_p_val 0 | in_house_lnp_DC24_luc_valid_pearsonr_coeff 0.914 | in_house_lnp_DC24_luc_valid_pearsonr_p_val 0 | in_house_lnp_DC24_luc_valid_mae 2.957 | in_house_lnp_DC24_luc_valid_mse 12.223 | in_house_lnp_DC24_luc_valid_agg_mae 2.957 | in_house_lnp_DC24_luc_valid_agg_mse 12.223 | in_house_lnp_DC24_luc_valid_contrastive_L 0.265 | in_house_lnp_DC24_luc_valid_agg_rmse 3.4962 | bsz 312 | num_updates 5058
validate stats:  OrderedDict([('loss', 0.064), ('loss_in_house_lnp_B16F10_luc', 0.038), ('loss_in_house_lnp_DC24_luc', 0.026), ('in_house_lnp_B16F10_luc_valid_spearmanr_coeff', 0.818), ('in_house_lnp_B16F10_luc_valid_spearmanr_p_val', 0.0), ('in_house_lnp_B16F10_luc_valid_pearsonr_coeff', 0.779), ('in_house_lnp_B16F10_luc_valid_pearsonr_p_val', 0.0), ('in_house_lnp_B16F10_luc_valid_mae', 1.635), ('in_house_lnp_B16F10_luc_valid_mse', 4.427), ('in_house_lnp_B16F10_luc_valid_agg_mae', 1.635), ('in_house_lnp_B16F10_luc_valid_agg_mse', 4.427), ('in_house_lnp_B16F10_luc_valid_contrastive_L', 0.412), ('in_house_lnp_B16F10_luc_valid_agg_rmse', 2.1041), ('in_house_lnp_DC24_luc_valid_spearmanr_coeff', 0.923), ('in_house_lnp_DC24_luc_valid_spearmanr_p_val', 0.0), ('in_house_lnp_DC24_luc_valid_pearsonr_coeff', 0.914), ('in_house_lnp_DC24_luc_valid_pearsonr_p_val', 0.0), ('in_house_lnp_DC24_luc_valid_mae', 2.957), ('in_house_lnp_DC24_luc_valid_mse', 12.223), ('in_house_lnp_DC24_luc_valid_agg_mae', 2.957), ('in_house_lnp_DC24_luc_valid_agg_mse', 12.223), ('in_house_lnp_DC24_luc_valid_contrastive_L', 0.265), ('in_house_lnp_DC24_luc_valid_agg_rmse', 3.4962), ('bsz', 312.0), ('num_updates', 5058)])
2026-04-16 23:55:18 | INFO | unicore_cli.train | averaging ['in_house_lnp_B16F10_luc_valid_spearmanr_coeff', 'in_house_lnp_DC24_luc_valid_spearmanr_coeff'] for valid_spearmanr_coeff
2026-04-16 23:55:18 | INFO | unimol.core.checkpoint_utils | Preparing to save checkpoint for epoch 37 @ 5058 updates
2026-04-16 23:55:18 | INFO | unimol.core.trainer | Saving checkpoint to ./tmp_save_demo/save_InfoMax_Run/checkpoint37.pt
2026-04-16 23:55:18 | INFO | unimol.core.trainer | Finished saving checkpoint to ./tmp_save_demo/save_InfoMax_Run/checkpoint37.pt
2026-04-16 23:55:18 | INFO | unimol.core.checkpoint_utils | Saved checkpoint ./tmp_save_demo/save_InfoMax_Run/checkpoint37.pt (epoch 37 @ 5058 updates, score 0.8705) (writing took 0.8558341650059447 seconds)
2026-04-16 23:55:18 | INFO | unimol.core.checkpoint_utils | copy ./tmp_save_demo/save_InfoMax_Run/checkpoint37.pt to ./save_demo/save_InfoMax_Run/checkpoint37.pt
2026-04-16 23:55:18 | INFO | unicore_cli.train | end of epoch 37 (average epoch stats below)
2026-04-16 23:55:18 | INFO | train | epoch 037 | loss 0.063 | loss_in_house_lnp_B16F10_luc 0.034 | loss_in_house_lnp_DC24_luc 0.022 | ups 7.03 | bsz 15.9 | num_updates 5058 | lr 8.68871e-05 | gnorm 7.28 | clip 100 | loss_scale 128 | train_wall 15.57 | epoch_itr_sz 137 | gb_free 76 | wall 723
2026-04-16 23:55:18 | INFO | unimol.core.tasks.unicore_task | get EpochBatchIterator for epoch 38
2026-04-16 23:55:18 | INFO | unimol.core.trainer | begin training epoch 38
2026-04-16 23:55:18 | INFO | unicore_cli.train | Start iterating over samples
2026-04-16 23:55:20 | INFO | unimol.core.checkpoint_utils | copy ./tmp_save_demo/save_InfoMax_Run/checkpoint37.pt to ./save_demo/save_InfoMax_Run/checkpoint_last.pt
2026-04-16 23:55:20 | INFO | unimol.core.checkpoint_utils | removing temp file ./tmp_save_demo/save_InfoMax_Run/checkpoint37.pt ...
2026-04-16 23:55:20 | INFO | unimol.core.checkpoint_utils | removed ./save_demo/save_InfoMax_Run/checkpoint27.pt
2026-04-16 23:55:20 | INFO | unimol.core.checkpoint_utils | finished async ckp saving.
2026-04-16 23:55:24 | INFO | unimol.core.trainer | NOTE: gradient overflow detected, ignoring gradient, setting loss scale to: 64.0
2026-04-16 23:55:25 | INFO | train_inner | epoch 038:     43 / 137 loss=0.063, loss_in_house_lnp_B16F10_luc=0.034, loss_in_house_lnp_DC24_luc=0.023, ups=6.44, bsz=16, num_updates=5100, lr=8.67253e-05, gnorm=7.724, clip=99, loss_scale=64, train_wall=11.63, gb_free=76, wall=730
2026-04-16 23:55:36 | INFO | unicore_cli.train | begin validation on "valid" subset
2026-04-16 23:55:36 | INFO | unimol.core.tasks.unicore_task | get EpochBatchIterator for epoch 1
reduce_metrics, task_name:  in_house_lnp_B16F10_luc
reduce_metrics, task_name:  in_house_lnp_DC24_luc
get_valid_stats stats:  OrderedDict([('loss', 0.059), ('loss_in_house_lnp_B16F10_luc', 0.034), ('loss_in_house_lnp_DC24_luc', 0.025), ('in_house_lnp_B16F10_luc_valid_spearmanr_coeff', 0.843), ('in_house_lnp_B16F10_luc_valid_spearmanr_p_val', 0.0), ('in_house_lnp_B16F10_luc_valid_pearsonr_coeff', 0.817), ('in_house_lnp_B16F10_luc_valid_pearsonr_p_val', 0.0), ('in_house_lnp_B16F10_luc_valid_mae', 1.779), ('in_house_lnp_B16F10_luc_valid_mse', 4.806), ('in_house_lnp_B16F10_luc_valid_agg_mae', 1.779), ('in_house_lnp_B16F10_luc_valid_agg_mse', 4.806), ('in_house_lnp_B16F10_luc_valid_contrastive_L', 0.38), ('in_house_lnp_B16F10_luc_valid_agg_rmse', 2.1923), ('in_house_lnp_DC24_luc_valid_spearmanr_coeff', 0.93), ('in_house_lnp_DC24_luc_valid_spearmanr_p_val', 0.0), ('in_house_lnp_DC24_luc_valid_pearsonr_coeff', 0.93), ('in_house_lnp_DC24_luc_valid_pearsonr_p_val', 0.0), ('in_house_lnp_DC24_luc_valid_mae', 3.272), ('in_house_lnp_DC24_luc_valid_mse', 13.83), ('in_house_lnp_DC24_luc_valid_agg_mae', 3.272), ('in_house_lnp_DC24_luc_valid_agg_mse', 13.83), ('in_house_lnp_DC24_luc_valid_contrastive_L', 0.254), ('in_house_lnp_DC24_luc_valid_agg_rmse', 3.7188), ('bsz', 312.0), ('num_updates', 5194)])
2026-04-16 23:55:38 | INFO | valid | epoch 038 | valid on 'valid' subset | loss 0.059 | loss_in_house_lnp_B16F10_luc 0.034 | loss_in_house_lnp_DC24_luc 0.025 | in_house_lnp_B16F10_luc_valid_spearmanr_coeff 0.843 | in_house_lnp_B16F10_luc_valid_spearmanr_p_val 0 | in_house_lnp_B16F10_luc_valid_pearsonr_coeff 0.817 | in_house_lnp_B16F10_luc_valid_pearsonr_p_val 0 | in_house_lnp_B16F10_luc_valid_mae 1.779 | in_house_lnp_B16F10_luc_valid_mse 4.806 | in_house_lnp_B16F10_luc_valid_agg_mae 1.779 | in_house_lnp_B16F10_luc_valid_agg_mse 4.806 | in_house_lnp_B16F10_luc_valid_contrastive_L 0.38 | in_house_lnp_B16F10_luc_valid_agg_rmse 2.1923 | in_house_lnp_DC24_luc_valid_spearmanr_coeff 0.93 | in_house_lnp_DC24_luc_valid_spearmanr_p_val 0 | in_house_lnp_DC24_luc_valid_pearsonr_coeff 0.93 | in_house_lnp_DC24_luc_valid_pearsonr_p_val 0 | in_house_lnp_DC24_luc_valid_mae 3.272 | in_house_lnp_DC24_luc_valid_mse 13.83 | in_house_lnp_DC24_luc_valid_agg_mae 3.272 | in_house_lnp_DC24_luc_valid_agg_mse 13.83 | in_house_lnp_DC24_luc_valid_contrastive_L 0.254 | in_house_lnp_DC24_luc_valid_agg_rmse 3.7188 | bsz 312 | num_updates 5194
validate stats:  OrderedDict([('loss', 0.059), ('loss_in_house_lnp_B16F10_luc', 0.034), ('loss_in_house_lnp_DC24_luc', 0.025), ('in_house_lnp_B16F10_luc_valid_spearmanr_coeff', 0.843), ('in_house_lnp_B16F10_luc_valid_spearmanr_p_val', 0.0), ('in_house_lnp_B16F10_luc_valid_pearsonr_coeff', 0.817), ('in_house_lnp_B16F10_luc_valid_pearsonr_p_val', 0.0), ('in_house_lnp_B16F10_luc_valid_mae', 1.779), ('in_house_lnp_B16F10_luc_valid_mse', 4.806), ('in_house_lnp_B16F10_luc_valid_agg_mae', 1.779), ('in_house_lnp_B16F10_luc_valid_agg_mse', 4.806), ('in_house_lnp_B16F10_luc_valid_contrastive_L', 0.38), ('in_house_lnp_B16F10_luc_valid_agg_rmse', 2.1923), ('in_house_lnp_DC24_luc_valid_spearmanr_coeff', 0.93), ('in_house_lnp_DC24_luc_valid_spearmanr_p_val', 0.0), ('in_house_lnp_DC24_luc_valid_pearsonr_coeff', 0.93), ('in_house_lnp_DC24_luc_valid_pearsonr_p_val', 0.0), ('in_house_lnp_DC24_luc_valid_mae', 3.272), ('in_house_lnp_DC24_luc_valid_mse', 13.83), ('in_house_lnp_DC24_luc_valid_agg_mae', 3.272), ('in_house_lnp_DC24_luc_valid_agg_mse', 13.83), ('in_house_lnp_DC24_luc_valid_contrastive_L', 0.254), ('in_house_lnp_DC24_luc_valid_agg_rmse', 3.7188), ('bsz', 312.0), ('num_updates', 5194)])
2026-04-16 23:55:38 | INFO | unicore_cli.train | averaging ['in_house_lnp_B16F10_luc_valid_spearmanr_coeff', 'in_house_lnp_DC24_luc_valid_spearmanr_coeff'] for valid_spearmanr_coeff
2026-04-16 23:55:38 | INFO | unimol.core.checkpoint_utils | Preparing to save checkpoint for epoch 38 @ 5194 updates
2026-04-16 23:55:38 | INFO | unimol.core.trainer | Saving checkpoint to ./tmp_save_demo/save_InfoMax_Run/checkpoint38.pt
2026-04-16 23:55:38 | INFO | unimol.core.trainer | Finished saving checkpoint to ./tmp_save_demo/save_InfoMax_Run/checkpoint38.pt
2026-04-16 23:55:38 | INFO | unimol.core.checkpoint_utils | Saved checkpoint ./tmp_save_demo/save_InfoMax_Run/checkpoint38.pt (epoch 38 @ 5194 updates, score 0.8865000000000001) (writing took 0.826045249006711 seconds)
2026-04-16 23:55:38 | INFO | unicore_cli.train | end of epoch 38 (average epoch stats below)
2026-04-16 23:55:38 | INFO | unimol.core.checkpoint_utils | copy ./tmp_save_demo/save_InfoMax_Run/checkpoint38.pt to ./save_demo/save_InfoMax_Run/checkpoint38.pt
2026-04-16 23:55:38 | INFO | train | epoch 038 | loss 0.063 | loss_in_house_lnp_B16F10_luc 0.034 | loss_in_house_lnp_DC24_luc 0.022 | ups 6.78 | bsz 15.9 | num_updates 5194 | lr 8.63629e-05 | gnorm 8.528 | clip 99.3 | loss_scale 64 | train_wall 16.04 | epoch_itr_sz 137 | gb_free 76 | wall 743
2026-04-16 23:55:38 | INFO | unimol.core.tasks.unicore_task | get EpochBatchIterator for epoch 39
2026-04-16 23:55:39 | INFO | unimol.core.trainer | begin training epoch 39
2026-04-16 23:55:39 | INFO | unicore_cli.train | Start iterating over samples
2026-04-16 23:55:40 | INFO | unimol.core.checkpoint_utils | copy ./tmp_save_demo/save_InfoMax_Run/checkpoint38.pt to ./save_demo/save_InfoMax_Run/checkpoint_best.pt
2026-04-16 23:55:40 | INFO | train_inner | epoch 039:      6 / 137 loss=0.063, loss_in_house_lnp_B16F10_luc=0.034, loss_in_house_lnp_DC24_luc=0.022, ups=6.53, bsz=15.9, num_updates=5200, lr=8.63398e-05, gnorm=8.676, clip=100, loss_scale=64, train_wall=11.59, gb_free=76, wall=745
2026-04-16 23:55:40 | INFO | unimol.core.checkpoint_utils | copy ./tmp_save_demo/save_InfoMax_Run/checkpoint38.pt to ./save_demo/save_InfoMax_Run/checkpoint_last.pt
2026-04-16 23:55:41 | INFO | unimol.core.checkpoint_utils | removing temp file ./tmp_save_demo/save_InfoMax_Run/checkpoint38.pt ...
2026-04-16 23:55:41 | INFO | unimol.core.checkpoint_utils | removed ./save_demo/save_InfoMax_Run/checkpoint28.pt
2026-04-16 23:55:41 | INFO | unimol.core.checkpoint_utils | finished async ckp saving.
2026-04-16 23:55:52 | INFO | train_inner | epoch 039:    106 / 137 loss=0.06, loss_in_house_lnp_B16F10_luc=0.032, loss_in_house_lnp_DC24_luc=0.022, ups=8.66, bsz=15.9, num_updates=5300, lr=8.59544e-05, gnorm=7.419, clip=99, loss_scale=64, train_wall=11.28, gb_free=76, wall=757
2026-04-16 23:55:55 | INFO | unicore_cli.train | begin validation on "valid" subset
2026-04-16 23:55:55 | INFO | unimol.core.tasks.unicore_task | get EpochBatchIterator for epoch 1
reduce_metrics, task_name:  in_house_lnp_B16F10_luc
reduce_metrics, task_name:  in_house_lnp_DC24_luc
get_valid_stats stats:  OrderedDict([('loss', 0.06), ('loss_in_house_lnp_B16F10_luc', 0.035), ('loss_in_house_lnp_DC24_luc', 0.026), ('in_house_lnp_B16F10_luc_valid_spearmanr_coeff', 0.845), ('in_house_lnp_B16F10_luc_valid_spearmanr_p_val', 0.0), ('in_house_lnp_B16F10_luc_valid_pearsonr_coeff', 0.814), ('in_house_lnp_B16F10_luc_valid_pearsonr_p_val', 0.0), ('in_house_lnp_B16F10_luc_valid_mae', 1.887), ('in_house_lnp_B16F10_luc_valid_mse', 5.694), ('in_house_lnp_B16F10_luc_valid_agg_mae', 1.887), ('in_house_lnp_B16F10_luc_valid_agg_mse', 5.694), ('in_house_lnp_B16F10_luc_valid_contrastive_L', 0.38), ('in_house_lnp_B16F10_luc_valid_agg_rmse', 2.3862), ('in_house_lnp_DC24_luc_valid_spearmanr_coeff', 0.929), ('in_house_lnp_DC24_luc_valid_spearmanr_p_val', 0.0), ('in_house_lnp_DC24_luc_valid_pearsonr_coeff', 0.931), ('in_house_lnp_DC24_luc_valid_pearsonr_p_val', 0.0), ('in_house_lnp_DC24_luc_valid_mae', 3.159), ('in_house_lnp_DC24_luc_valid_mse', 13.261), ('in_house_lnp_DC24_luc_valid_agg_mae', 3.159), ('in_house_lnp_DC24_luc_valid_agg_mse', 13.261), ('in_house_lnp_DC24_luc_valid_contrastive_L', 0.256), ('in_house_lnp_DC24_luc_valid_agg_rmse', 3.6416), ('bsz', 312.0), ('num_updates', 5331)])
2026-04-16 23:55:57 | INFO | valid | epoch 039 | valid on 'valid' subset | loss 0.06 | loss_in_house_lnp_B16F10_luc 0.035 | loss_in_house_lnp_DC24_luc 0.026 | in_house_lnp_B16F10_luc_valid_spearmanr_coeff 0.845 | in_house_lnp_B16F10_luc_valid_spearmanr_p_val 0 | in_house_lnp_B16F10_luc_valid_pearsonr_coeff 0.814 | in_house_lnp_B16F10_luc_valid_pearsonr_p_val 0 | in_house_lnp_B16F10_luc_valid_mae 1.887 | in_house_lnp_B16F10_luc_valid_mse 5.694 | in_house_lnp_B16F10_luc_valid_agg_mae 1.887 | in_house_lnp_B16F10_luc_valid_agg_mse 5.694 | in_house_lnp_B16F10_luc_valid_contrastive_L 0.38 | in_house_lnp_B16F10_luc_valid_agg_rmse 2.3862 | in_house_lnp_DC24_luc_valid_spearmanr_coeff 0.929 | in_house_lnp_DC24_luc_valid_spearmanr_p_val 0 | in_house_lnp_DC24_luc_valid_pearsonr_coeff 0.931 | in_house_lnp_DC24_luc_valid_pearsonr_p_val 0 | in_house_lnp_DC24_luc_valid_mae 3.159 | in_house_lnp_DC24_luc_valid_mse 13.261 | in_house_lnp_DC24_luc_valid_agg_mae 3.159 | in_house_lnp_DC24_luc_valid_agg_mse 13.261 | in_house_lnp_DC24_luc_valid_contrastive_L 0.256 | in_house_lnp_DC24_luc_valid_agg_rmse 3.6416 | bsz 312 | num_updates 5331
validate stats:  OrderedDict([('loss', 0.06), ('loss_in_house_lnp_B16F10_luc', 0.035), ('loss_in_house_lnp_DC24_luc', 0.026), ('in_house_lnp_B16F10_luc_valid_spearmanr_coeff', 0.845), ('in_house_lnp_B16F10_luc_valid_spearmanr_p_val', 0.0), ('in_house_lnp_B16F10_luc_valid_pearsonr_coeff', 0.814), ('in_house_lnp_B16F10_luc_valid_pearsonr_p_val', 0.0), ('in_house_lnp_B16F10_luc_valid_mae', 1.887), ('in_house_lnp_B16F10_luc_valid_mse', 5.694), ('in_house_lnp_B16F10_luc_valid_agg_mae', 1.887), ('in_house_lnp_B16F10_luc_valid_agg_mse', 5.694), ('in_house_lnp_B16F10_luc_valid_contrastive_L', 0.38), ('in_house_lnp_B16F10_luc_valid_agg_rmse', 2.3862), ('in_house_lnp_DC24_luc_valid_spearmanr_coeff', 0.929), ('in_house_lnp_DC24_luc_valid_spearmanr_p_val', 0.0), ('in_house_lnp_DC24_luc_valid_pearsonr_coeff', 0.931), ('in_house_lnp_DC24_luc_valid_pearsonr_p_val', 0.0), ('in_house_lnp_DC24_luc_valid_mae', 3.159), ('in_house_lnp_DC24_luc_valid_mse', 13.261), ('in_house_lnp_DC24_luc_valid_agg_mae', 3.159), ('in_house_lnp_DC24_luc_valid_agg_mse', 13.261), ('in_house_lnp_DC24_luc_valid_contrastive_L', 0.256), ('in_house_lnp_DC24_luc_valid_agg_rmse', 3.6416), ('bsz', 312.0), ('num_updates', 5331)])
2026-04-16 23:55:57 | INFO | unicore_cli.train | averaging ['in_house_lnp_B16F10_luc_valid_spearmanr_coeff', 'in_house_lnp_DC24_luc_valid_spearmanr_coeff'] for valid_spearmanr_coeff
2026-04-16 23:55:57 | INFO | unimol.core.checkpoint_utils | Preparing to save checkpoint for epoch 39 @ 5331 updates
2026-04-16 23:55:57 | INFO | unimol.core.trainer | Saving checkpoint to ./tmp_save_demo/save_InfoMax_Run/checkpoint39.pt
2026-04-16 23:55:58 | INFO | unimol.core.trainer | Finished saving checkpoint to ./tmp_save_demo/save_InfoMax_Run/checkpoint39.pt
2026-04-16 23:55:58 | INFO | unimol.core.checkpoint_utils | Saved checkpoint ./tmp_save_demo/save_InfoMax_Run/checkpoint39.pt (epoch 39 @ 5331 updates, score 0.887) (writing took 0.9006517770467326 seconds)
2026-04-16 23:55:58 | INFO | unicore_cli.train | end of epoch 39 (average epoch stats below)
2026-04-16 23:55:58 | INFO | unimol.core.checkpoint_utils | copy ./tmp_save_demo/save_InfoMax_Run/checkpoint39.pt to ./save_demo/save_InfoMax_Run/checkpoint39.pt
2026-04-16 23:55:58 | INFO | train | epoch 039 | loss 0.062 | loss_in_house_lnp_B16F10_luc 0.033 | loss_in_house_lnp_DC24_luc 0.022 | ups 7.17 | bsz 15.9 | num_updates 5331 | lr 8.58349e-05 | gnorm 7.723 | clip 99.3 | loss_scale 64 | train_wall 15.36 | epoch_itr_sz 137 | gb_free 76 | wall 762
2026-04-16 23:55:58 | INFO | unimol.core.tasks.unicore_task | get EpochBatchIterator for epoch 40
2026-04-16 23:55:58 | INFO | unimol.core.trainer | begin training epoch 40
2026-04-16 23:55:58 | INFO | unicore_cli.train | Start iterating over samples
2026-04-16 23:55:59 | INFO | unimol.core.checkpoint_utils | copy ./tmp_save_demo/save_InfoMax_Run/checkpoint39.pt to ./save_demo/save_InfoMax_Run/checkpoint_best.pt
2026-04-16 23:55:59 | INFO | unimol.core.checkpoint_utils | copy ./tmp_save_demo/save_InfoMax_Run/checkpoint39.pt to ./save_demo/save_InfoMax_Run/checkpoint_last.pt
2026-04-16 23:56:00 | INFO | unimol.core.checkpoint_utils | removing temp file ./tmp_save_demo/save_InfoMax_Run/checkpoint39.pt ...
2026-04-16 23:56:00 | INFO | unimol.core.checkpoint_utils | removed ./save_demo/save_InfoMax_Run/checkpoint29.pt
2026-04-16 23:56:00 | INFO | unimol.core.checkpoint_utils | finished async ckp saving.
2026-04-16 23:56:07 | INFO | train_inner | epoch 040:     69 / 137 loss=0.063, loss_in_house_lnp_B16F10_luc=0.033, loss_in_house_lnp_DC24_luc=0.023, ups=6.68, bsz=15.9, num_updates=5400, lr=8.55689e-05, gnorm=8.238, clip=100, loss_scale=128, train_wall=11.27, gb_free=76, wall=772
2026-04-16 23:56:14 | INFO | unicore_cli.train | begin validation on "valid" subset
2026-04-16 23:56:14 | INFO | unimol.core.tasks.unicore_task | get EpochBatchIterator for epoch 1
reduce_metrics, task_name:  in_house_lnp_B16F10_luc
reduce_metrics, task_name:  in_house_lnp_DC24_luc
get_valid_stats stats:  OrderedDict([('loss', 0.062), ('loss_in_house_lnp_B16F10_luc', 0.036), ('loss_in_house_lnp_DC24_luc', 0.026), ('in_house_lnp_B16F10_luc_valid_spearmanr_coeff', 0.831), ('in_house_lnp_B16F10_luc_valid_spearmanr_p_val', 0.0), ('in_house_lnp_B16F10_luc_valid_pearsonr_coeff', 0.788), ('in_house_lnp_B16F10_luc_valid_pearsonr_p_val', 0.0), ('in_house_lnp_B16F10_luc_valid_mae', 1.77), ('in_house_lnp_B16F10_luc_valid_mse', 5.187), ('in_house_lnp_B16F10_luc_valid_agg_mae', 1.77), ('in_house_lnp_B16F10_luc_valid_agg_mse', 5.187), ('in_house_lnp_B16F10_luc_valid_contrastive_L', 0.4), ('in_house_lnp_B16F10_luc_valid_agg_rmse', 2.2774), ('in_house_lnp_DC24_luc_valid_spearmanr_coeff', 0.927), ('in_house_lnp_DC24_luc_valid_spearmanr_p_val', 0.0), ('in_house_lnp_DC24_luc_valid_pearsonr_coeff', 0.923), ('in_house_lnp_DC24_luc_valid_pearsonr_p_val', 0.0), ('in_house_lnp_DC24_luc_valid_mae', 2.933), ('in_house_lnp_DC24_luc_valid_mse', 12.0), ('in_house_lnp_DC24_luc_valid_agg_mae', 2.933), ('in_house_lnp_DC24_luc_valid_agg_mse', 12.0), ('in_house_lnp_DC24_luc_valid_contrastive_L', 0.257), ('in_house_lnp_DC24_luc_valid_agg_rmse', 3.4642), ('bsz', 312.0), ('num_updates', 5468)])
2026-04-16 23:56:16 | INFO | valid | epoch 040 | valid on 'valid' subset | loss 0.062 | loss_in_house_lnp_B16F10_luc 0.036 | loss_in_house_lnp_DC24_luc 0.026 | in_house_lnp_B16F10_luc_valid_spearmanr_coeff 0.831 | in_house_lnp_B16F10_luc_valid_spearmanr_p_val 0 | in_house_lnp_B16F10_luc_valid_pearsonr_coeff 0.788 | in_house_lnp_B16F10_luc_valid_pearsonr_p_val 0 | in_house_lnp_B16F10_luc_valid_mae 1.77 | in_house_lnp_B16F10_luc_valid_mse 5.187 | in_house_lnp_B16F10_luc_valid_agg_mae 1.77 | in_house_lnp_B16F10_luc_valid_agg_mse 5.187 | in_house_lnp_B16F10_luc_valid_contrastive_L 0.4 | in_house_lnp_B16F10_luc_valid_agg_rmse 2.2774 | in_house_lnp_DC24_luc_valid_spearmanr_coeff 0.927 | in_house_lnp_DC24_luc_valid_spearmanr_p_val 0 | in_house_lnp_DC24_luc_valid_pearsonr_coeff 0.923 | in_house_lnp_DC24_luc_valid_pearsonr_p_val 0 | in_house_lnp_DC24_luc_valid_mae 2.933 | in_house_lnp_DC24_luc_valid_mse 12 | in_house_lnp_DC24_luc_valid_agg_mae 2.933 | in_house_lnp_DC24_luc_valid_agg_mse 12 | in_house_lnp_DC24_luc_valid_contrastive_L 0.257 | in_house_lnp_DC24_luc_valid_agg_rmse 3.4642 | bsz 312 | num_updates 5468
validate stats:  OrderedDict([('loss', 0.062), ('loss_in_house_lnp_B16F10_luc', 0.036), ('loss_in_house_lnp_DC24_luc', 0.026), ('in_house_lnp_B16F10_luc_valid_spearmanr_coeff', 0.831), ('in_house_lnp_B16F10_luc_valid_spearmanr_p_val', 0.0), ('in_house_lnp_B16F10_luc_valid_pearsonr_coeff', 0.788), ('in_house_lnp_B16F10_luc_valid_pearsonr_p_val', 0.0), ('in_house_lnp_B16F10_luc_valid_mae', 1.77), ('in_house_lnp_B16F10_luc_valid_mse', 5.187), ('in_house_lnp_B16F10_luc_valid_agg_mae', 1.77), ('in_house_lnp_B16F10_luc_valid_agg_mse', 5.187), ('in_house_lnp_B16F10_luc_valid_contrastive_L', 0.4), ('in_house_lnp_B16F10_luc_valid_agg_rmse', 2.2774), ('in_house_lnp_DC24_luc_valid_spearmanr_coeff', 0.927), ('in_house_lnp_DC24_luc_valid_spearmanr_p_val', 0.0), ('in_house_lnp_DC24_luc_valid_pearsonr_coeff', 0.923), ('in_house_lnp_DC24_luc_valid_pearsonr_p_val', 0.0), ('in_house_lnp_DC24_luc_valid_mae', 2.933), ('in_house_lnp_DC24_luc_valid_mse', 12.0), ('in_house_lnp_DC24_luc_valid_agg_mae', 2.933), ('in_house_lnp_DC24_luc_valid_agg_mse', 12.0), ('in_house_lnp_DC24_luc_valid_contrastive_L', 0.257), ('in_house_lnp_DC24_luc_valid_agg_rmse', 3.4642), ('bsz', 312.0), ('num_updates', 5468)])
2026-04-16 23:56:16 | INFO | unicore_cli.train | averaging ['in_house_lnp_B16F10_luc_valid_spearmanr_coeff', 'in_house_lnp_DC24_luc_valid_spearmanr_coeff'] for valid_spearmanr_coeff
2026-04-16 23:56:16 | INFO | unimol.core.checkpoint_utils | Preparing to save checkpoint for epoch 40 @ 5468 updates
2026-04-16 23:56:16 | INFO | unimol.core.trainer | Saving checkpoint to ./tmp_save_demo/save_InfoMax_Run/checkpoint40.pt
2026-04-16 23:56:17 | INFO | unimol.core.trainer | Finished saving checkpoint to ./tmp_save_demo/save_InfoMax_Run/checkpoint40.pt
2026-04-16 23:56:17 | INFO | unimol.core.checkpoint_utils | Saved checkpoint ./tmp_save_demo/save_InfoMax_Run/checkpoint40.pt (epoch 40 @ 5468 updates, score 0.879) (writing took 0.892856314079836 seconds)
2026-04-16 23:56:17 | INFO | unicore_cli.train | end of epoch 40 (average epoch stats below)
2026-04-16 23:56:17 | INFO | unimol.core.checkpoint_utils | copy ./tmp_save_demo/save_InfoMax_Run/checkpoint40.pt to ./save_demo/save_InfoMax_Run/checkpoint40.pt
2026-04-16 23:56:17 | INFO | train | epoch 040 | loss 0.063 | loss_in_house_lnp_B16F10_luc 0.033 | loss_in_house_lnp_DC24_luc 0.023 | ups 7.11 | bsz 15.9 | num_updates 5468 | lr 8.53068e-05 | gnorm 7.357 | clip 100 | loss_scale 128 | train_wall 15.39 | epoch_itr_sz 137 | gb_free 76 | wall 782
2026-04-16 23:56:17 | INFO | unimol.core.tasks.unicore_task | get EpochBatchIterator for epoch 41
2026-04-16 23:56:17 | INFO | unimol.core.trainer | begin training epoch 41
2026-04-16 23:56:17 | INFO | unicore_cli.train | Start iterating over samples
2026-04-16 23:56:18 | INFO | unimol.core.checkpoint_utils | copy ./tmp_save_demo/save_InfoMax_Run/checkpoint40.pt to ./save_demo/save_InfoMax_Run/checkpoint_last.pt
2026-04-16 23:56:19 | INFO | unimol.core.checkpoint_utils | removing temp file ./tmp_save_demo/save_InfoMax_Run/checkpoint40.pt ...
2026-04-16 23:56:19 | INFO | unimol.core.checkpoint_utils | removed ./save_demo/save_InfoMax_Run/checkpoint30.pt
2026-04-16 23:56:19 | INFO | unimol.core.checkpoint_utils | finished async ckp saving.
2026-04-16 23:56:22 | INFO | train_inner | epoch 041:     32 / 137 loss=0.065, loss_in_house_lnp_B16F10_luc=0.035, loss_in_house_lnp_DC24_luc=0.023, ups=6.57, bsz=16, num_updates=5500, lr=8.51835e-05, gnorm=6.665, clip=100, loss_scale=128, train_wall=11.29, gb_free=76, wall=787
2026-04-16 23:56:33 | INFO | train_inner | epoch 041:    132 / 137 loss=0.06, loss_in_house_lnp_B16F10_luc=0.032, loss_in_house_lnp_DC24_luc=0.021, ups=8.76, bsz=15.9, num_updates=5600, lr=8.4798e-05, gnorm=7.068, clip=98, loss_scale=256, train_wall=11.16, gb_free=76, wall=798
2026-04-16 23:56:34 | INFO | unicore_cli.train | begin validation on "valid" subset
2026-04-16 23:56:34 | INFO | unimol.core.tasks.unicore_task | get EpochBatchIterator for epoch 1
reduce_metrics, task_name:  in_house_lnp_B16F10_luc
reduce_metrics, task_name:  in_house_lnp_DC24_luc
get_valid_stats stats:  OrderedDict([('loss', 0.063), ('loss_in_house_lnp_B16F10_luc', 0.036), ('loss_in_house_lnp_DC24_luc', 0.027), ('in_house_lnp_B16F10_luc_valid_spearmanr_coeff', 0.818), ('in_house_lnp_B16F10_luc_valid_spearmanr_p_val', 0.0), ('in_house_lnp_B16F10_luc_valid_pearsonr_coeff', 0.787), ('in_house_lnp_B16F10_luc_valid_pearsonr_p_val', 0.0), ('in_house_lnp_B16F10_luc_valid_mae', 2.096), ('in_house_lnp_B16F10_luc_valid_mse', 6.754), ('in_house_lnp_B16F10_luc_valid_agg_mae', 2.096), ('in_house_lnp_B16F10_luc_valid_agg_mse', 6.754), ('in_house_lnp_B16F10_luc_valid_contrastive_L', 0.415), ('in_house_lnp_B16F10_luc_valid_agg_rmse', 2.5989), ('in_house_lnp_DC24_luc_valid_spearmanr_coeff', 0.922), ('in_house_lnp_DC24_luc_valid_spearmanr_p_val', 0.0), ('in_house_lnp_DC24_luc_valid_pearsonr_coeff', 0.919), ('in_house_lnp_DC24_luc_valid_pearsonr_p_val', 0.0), ('in_house_lnp_DC24_luc_valid_mae', 3.1), ('in_house_lnp_DC24_luc_valid_mse', 12.99), ('in_house_lnp_DC24_luc_valid_agg_mae', 3.1), ('in_house_lnp_DC24_luc_valid_agg_mse', 12.99), ('in_house_lnp_DC24_luc_valid_contrastive_L', 0.272), ('in_house_lnp_DC24_luc_valid_agg_rmse', 3.6041), ('bsz', 312.0), ('num_updates', 5605)])
2026-04-16 23:56:36 | INFO | valid | epoch 041 | valid on 'valid' subset | loss 0.063 | loss_in_house_lnp_B16F10_luc 0.036 | loss_in_house_lnp_DC24_luc 0.027 | in_house_lnp_B16F10_luc_valid_spearmanr_coeff 0.818 | in_house_lnp_B16F10_luc_valid_spearmanr_p_val 0 | in_house_lnp_B16F10_luc_valid_pearsonr_coeff 0.787 | in_house_lnp_B16F10_luc_valid_pearsonr_p_val 0 | in_house_lnp_B16F10_luc_valid_mae 2.096 | in_house_lnp_B16F10_luc_valid_mse 6.754 | in_house_lnp_B16F10_luc_valid_agg_mae 2.096 | in_house_lnp_B16F10_luc_valid_agg_mse 6.754 | in_house_lnp_B16F10_luc_valid_contrastive_L 0.415 | in_house_lnp_B16F10_luc_valid_agg_rmse 2.5989 | in_house_lnp_DC24_luc_valid_spearmanr_coeff 0.922 | in_house_lnp_DC24_luc_valid_spearmanr_p_val 0 | in_house_lnp_DC24_luc_valid_pearsonr_coeff 0.919 | in_house_lnp_DC24_luc_valid_pearsonr_p_val 0 | in_house_lnp_DC24_luc_valid_mae 3.1 | in_house_lnp_DC24_luc_valid_mse 12.99 | in_house_lnp_DC24_luc_valid_agg_mae 3.1 | in_house_lnp_DC24_luc_valid_agg_mse 12.99 | in_house_lnp_DC24_luc_valid_contrastive_L 0.272 | in_house_lnp_DC24_luc_valid_agg_rmse 3.6041 | bsz 312 | num_updates 5605
validate stats:  OrderedDict([('loss', 0.063), ('loss_in_house_lnp_B16F10_luc', 0.036), ('loss_in_house_lnp_DC24_luc', 0.027), ('in_house_lnp_B16F10_luc_valid_spearmanr_coeff', 0.818), ('in_house_lnp_B16F10_luc_valid_spearmanr_p_val', 0.0), ('in_house_lnp_B16F10_luc_valid_pearsonr_coeff', 0.787), ('in_house_lnp_B16F10_luc_valid_pearsonr_p_val', 0.0), ('in_house_lnp_B16F10_luc_valid_mae', 2.096), ('in_house_lnp_B16F10_luc_valid_mse', 6.754), ('in_house_lnp_B16F10_luc_valid_agg_mae', 2.096), ('in_house_lnp_B16F10_luc_valid_agg_mse', 6.754), ('in_house_lnp_B16F10_luc_valid_contrastive_L', 0.415), ('in_house_lnp_B16F10_luc_valid_agg_rmse', 2.5989), ('in_house_lnp_DC24_luc_valid_spearmanr_coeff', 0.922), ('in_house_lnp_DC24_luc_valid_spearmanr_p_val', 0.0), ('in_house_lnp_DC24_luc_valid_pearsonr_coeff', 0.919), ('in_house_lnp_DC24_luc_valid_pearsonr_p_val', 0.0), ('in_house_lnp_DC24_luc_valid_mae', 3.1), ('in_house_lnp_DC24_luc_valid_mse', 12.99), ('in_house_lnp_DC24_luc_valid_agg_mae', 3.1), ('in_house_lnp_DC24_luc_valid_agg_mse', 12.99), ('in_house_lnp_DC24_luc_valid_contrastive_L', 0.272), ('in_house_lnp_DC24_luc_valid_agg_rmse', 3.6041), ('bsz', 312.0), ('num_updates', 5605)])
2026-04-16 23:56:36 | INFO | unicore_cli.train | averaging ['in_house_lnp_B16F10_luc_valid_spearmanr_coeff', 'in_house_lnp_DC24_luc_valid_spearmanr_coeff'] for valid_spearmanr_coeff
2026-04-16 23:56:36 | INFO | unimol.core.checkpoint_utils | Preparing to save checkpoint for epoch 41 @ 5605 updates
2026-04-16 23:56:36 | INFO | unimol.core.trainer | Saving checkpoint to ./tmp_save_demo/save_InfoMax_Run/checkpoint41.pt
2026-04-16 23:56:36 | INFO | unimol.core.trainer | Finished saving checkpoint to ./tmp_save_demo/save_InfoMax_Run/checkpoint41.pt
2026-04-16 23:56:36 | INFO | unimol.core.checkpoint_utils | Saved checkpoint ./tmp_save_demo/save_InfoMax_Run/checkpoint41.pt (epoch 41 @ 5605 updates, score 0.87) (writing took 0.9407632370712236 seconds)
2026-04-16 23:56:36 | INFO | unimol.core.checkpoint_utils | copy ./tmp_save_demo/save_InfoMax_Run/checkpoint41.pt to ./save_demo/save_InfoMax_Run/checkpoint41.pt
2026-04-16 23:56:36 | INFO | unicore_cli.train | end of epoch 41 (average epoch stats below)
2026-04-16 23:56:36 | INFO | train | epoch 041 | loss 0.061 | loss_in_house_lnp_B16F10_luc 0.033 | loss_in_house_lnp_DC24_luc 0.021 | ups 6.99 | bsz 15.9 | num_updates 5605 | lr 8.47788e-05 | gnorm 6.855 | clip 98.5 | loss_scale 256 | train_wall 15.57 | epoch_itr_sz 137 | gb_free 76.1 | wall 801
2026-04-16 23:56:36 | INFO | unimol.core.tasks.unicore_task | get EpochBatchIterator for epoch 42
2026-04-16 23:56:36 | INFO | unimol.core.trainer | begin training epoch 42
2026-04-16 23:56:36 | INFO | unicore_cli.train | Start iterating over samples
2026-04-16 23:56:38 | INFO | unimol.core.trainer | NOTE: gradient overflow detected, ignoring gradient, setting loss scale to: 128.0
2026-04-16 23:56:38 | INFO | unimol.core.checkpoint_utils | copy ./tmp_save_demo/save_InfoMax_Run/checkpoint41.pt to ./save_demo/save_InfoMax_Run/checkpoint_last.pt
2026-04-16 23:56:39 | INFO | unimol.core.checkpoint_utils | removing temp file ./tmp_save_demo/save_InfoMax_Run/checkpoint41.pt ...
2026-04-16 23:56:39 | INFO | unimol.core.checkpoint_utils | removed ./save_demo/save_InfoMax_Run/checkpoint31.pt
2026-04-16 23:56:39 | INFO | unimol.core.checkpoint_utils | finished async ckp saving.
2026-04-16 23:56:49 | INFO | train_inner | epoch 042:     96 / 137 loss=0.06, loss_in_house_lnp_B16F10_luc=0.032, loss_in_house_lnp_DC24_luc=0.021, ups=6.51, bsz=16, num_updates=5700, lr=8.44126e-05, gnorm=7.24, clip=100, loss_scale=128, train_wall=11.57, gb_free=76, wall=814
2026-04-16 23:56:53 | INFO | unicore_cli.train | begin validation on "valid" subset
2026-04-16 23:56:53 | INFO | unimol.core.tasks.unicore_task | get EpochBatchIterator for epoch 1
reduce_metrics, task_name:  in_house_lnp_B16F10_luc
reduce_metrics, task_name:  in_house_lnp_DC24_luc
get_valid_stats stats:  OrderedDict([('loss', 0.059), ('loss_in_house_lnp_B16F10_luc', 0.034), ('loss_in_house_lnp_DC24_luc', 0.025), ('in_house_lnp_B16F10_luc_valid_spearmanr_coeff', 0.848), ('in_house_lnp_B16F10_luc_valid_spearmanr_p_val', 0.0), ('in_house_lnp_B16F10_luc_valid_pearsonr_coeff', 0.823), ('in_house_lnp_B16F10_luc_valid_pearsonr_p_val', 0.0), ('in_house_lnp_B16F10_luc_valid_mae', 2.191), ('in_house_lnp_B16F10_luc_valid_mse', 7.213), ('in_house_lnp_B16F10_luc_valid_agg_mae', 2.191), ('in_house_lnp_B16F10_luc_valid_agg_mse', 7.213), ('in_house_lnp_B16F10_luc_valid_contrastive_L', 0.384), ('in_house_lnp_B16F10_luc_valid_agg_rmse', 2.6858), ('in_house_lnp_DC24_luc_valid_spearmanr_coeff', 0.933), ('in_house_lnp_DC24_luc_valid_spearmanr_p_val', 0.0), ('in_house_lnp_DC24_luc_valid_pearsonr_coeff', 0.928), ('in_house_lnp_DC24_luc_valid_pearsonr_p_val', 0.0), ('in_house_lnp_DC24_luc_valid_mae', 3.179), ('in_house_lnp_DC24_luc_valid_mse', 13.318), ('in_house_lnp_DC24_luc_valid_agg_mae', 3.179), ('in_house_lnp_DC24_luc_valid_agg_mse', 13.318), ('in_house_lnp_DC24_luc_valid_contrastive_L', 0.253), ('in_house_lnp_DC24_luc_valid_agg_rmse', 3.6494), ('bsz', 312.0), ('num_updates', 5741)])
2026-04-16 23:56:55 | INFO | valid | epoch 042 | valid on 'valid' subset | loss 0.059 | loss_in_house_lnp_B16F10_luc 0.034 | loss_in_house_lnp_DC24_luc 0.025 | in_house_lnp_B16F10_luc_valid_spearmanr_coeff 0.848 | in_house_lnp_B16F10_luc_valid_spearmanr_p_val 0 | in_house_lnp_B16F10_luc_valid_pearsonr_coeff 0.823 | in_house_lnp_B16F10_luc_valid_pearsonr_p_val 0 | in_house_lnp_B16F10_luc_valid_mae 2.191 | in_house_lnp_B16F10_luc_valid_mse 7.213 | in_house_lnp_B16F10_luc_valid_agg_mae 2.191 | in_house_lnp_B16F10_luc_valid_agg_mse 7.213 | in_house_lnp_B16F10_luc_valid_contrastive_L 0.384 | in_house_lnp_B16F10_luc_valid_agg_rmse 2.6858 | in_house_lnp_DC24_luc_valid_spearmanr_coeff 0.933 | in_house_lnp_DC24_luc_valid_spearmanr_p_val 0 | in_house_lnp_DC24_luc_valid_pearsonr_coeff 0.928 | in_house_lnp_DC24_luc_valid_pearsonr_p_val 0 | in_house_lnp_DC24_luc_valid_mae 3.179 | in_house_lnp_DC24_luc_valid_mse 13.318 | in_house_lnp_DC24_luc_valid_agg_mae 3.179 | in_house_lnp_DC24_luc_valid_agg_mse 13.318 | in_house_lnp_DC24_luc_valid_contrastive_L 0.253 | in_house_lnp_DC24_luc_valid_agg_rmse 3.6494 | bsz 312 | num_updates 5741
validate stats:  OrderedDict([('loss', 0.059), ('loss_in_house_lnp_B16F10_luc', 0.034), ('loss_in_house_lnp_DC24_luc', 0.025), ('in_house_lnp_B16F10_luc_valid_spearmanr_coeff', 0.848), ('in_house_lnp_B16F10_luc_valid_spearmanr_p_val', 0.0), ('in_house_lnp_B16F10_luc_valid_pearsonr_coeff', 0.823), ('in_house_lnp_B16F10_luc_valid_pearsonr_p_val', 0.0), ('in_house_lnp_B16F10_luc_valid_mae', 2.191), ('in_house_lnp_B16F10_luc_valid_mse', 7.213), ('in_house_lnp_B16F10_luc_valid_agg_mae', 2.191), ('in_house_lnp_B16F10_luc_valid_agg_mse', 7.213), ('in_house_lnp_B16F10_luc_valid_contrastive_L', 0.384), ('in_house_lnp_B16F10_luc_valid_agg_rmse', 2.6858), ('in_house_lnp_DC24_luc_valid_spearmanr_coeff', 0.933), ('in_house_lnp_DC24_luc_valid_spearmanr_p_val', 0.0), ('in_house_lnp_DC24_luc_valid_pearsonr_coeff', 0.928), ('in_house_lnp_DC24_luc_valid_pearsonr_p_val', 0.0), ('in_house_lnp_DC24_luc_valid_mae', 3.179), ('in_house_lnp_DC24_luc_valid_mse', 13.318), ('in_house_lnp_DC24_luc_valid_agg_mae', 3.179), ('in_house_lnp_DC24_luc_valid_agg_mse', 13.318), ('in_house_lnp_DC24_luc_valid_contrastive_L', 0.253), ('in_house_lnp_DC24_luc_valid_agg_rmse', 3.6494), ('bsz', 312.0), ('num_updates', 5741)])
2026-04-16 23:56:55 | INFO | unicore_cli.train | averaging ['in_house_lnp_B16F10_luc_valid_spearmanr_coeff', 'in_house_lnp_DC24_luc_valid_spearmanr_coeff'] for valid_spearmanr_coeff
2026-04-16 23:56:55 | INFO | unimol.core.checkpoint_utils | Preparing to save checkpoint for epoch 42 @ 5741 updates
2026-04-16 23:56:55 | INFO | unimol.core.trainer | Saving checkpoint to ./tmp_save_demo/save_InfoMax_Run/checkpoint42.pt
2026-04-16 23:56:56 | INFO | unimol.core.trainer | Finished saving checkpoint to ./tmp_save_demo/save_InfoMax_Run/checkpoint42.pt
2026-04-16 23:56:56 | INFO | unimol.core.checkpoint_utils | Saved checkpoint ./tmp_save_demo/save_InfoMax_Run/checkpoint42.pt (epoch 42 @ 5741 updates, score 0.8905000000000001) (writing took 0.9378128190292045 seconds)
2026-04-16 23:56:56 | INFO | unimol.core.checkpoint_utils | copy ./tmp_save_demo/save_InfoMax_Run/checkpoint42.pt to ./save_demo/save_InfoMax_Run/checkpoint42.pt
2026-04-16 23:56:56 | INFO | unicore_cli.train | end of epoch 42 (average epoch stats below)
2026-04-16 23:56:56 | INFO | train | epoch 042 | loss 0.06 | loss_in_house_lnp_B16F10_luc 0.032 | loss_in_house_lnp_DC24_luc 0.022 | ups 7.04 | bsz 15.9 | num_updates 5741 | lr 8.42545e-05 | gnorm 7.398 | clip 100 | loss_scale 128 | train_wall 15.45 | epoch_itr_sz 137 | gb_free 76 | wall 821
2026-04-16 23:56:56 | INFO | unimol.core.tasks.unicore_task | get EpochBatchIterator for epoch 43
2026-04-16 23:56:56 | INFO | unimol.core.trainer | begin training epoch 43
2026-04-16 23:56:56 | INFO | unicore_cli.train | Start iterating over samples
2026-04-16 23:56:57 | INFO | unimol.core.checkpoint_utils | copy ./tmp_save_demo/save_InfoMax_Run/checkpoint42.pt to ./save_demo/save_InfoMax_Run/checkpoint_best.pt
2026-04-16 23:56:58 | INFO | unimol.core.checkpoint_utils | copy ./tmp_save_demo/save_InfoMax_Run/checkpoint42.pt to ./save_demo/save_InfoMax_Run/checkpoint_last.pt
2026-04-16 23:56:58 | INFO | unimol.core.checkpoint_utils | removing temp file ./tmp_save_demo/save_InfoMax_Run/checkpoint42.pt ...
2026-04-16 23:56:58 | INFO | unimol.core.checkpoint_utils | removed ./save_demo/save_InfoMax_Run/checkpoint32.pt
2026-04-16 23:56:58 | INFO | unimol.core.checkpoint_utils | finished async ckp saving.
2026-04-16 23:57:01 | INFO | unimol.core.trainer | NOTE: gradient overflow detected, ignoring gradient, setting loss scale to: 64.0
2026-04-16 23:57:04 | INFO | train_inner | epoch 043:     60 / 137 loss=0.062, loss_in_house_lnp_B16F10_luc=0.032, loss_in_house_lnp_DC24_luc=0.022, ups=6.55, bsz=15.8, num_updates=5800, lr=8.40271e-05, gnorm=7.999, clip=100, loss_scale=64, train_wall=11.3, gb_free=76, wall=829
2026-04-16 23:57:13 | INFO | unicore_cli.train | begin validation on "valid" subset
2026-04-16 23:57:13 | INFO | unimol.core.tasks.unicore_task | get EpochBatchIterator for epoch 1
reduce_metrics, task_name:  in_house_lnp_B16F10_luc
reduce_metrics, task_name:  in_house_lnp_DC24_luc
get_valid_stats stats:  OrderedDict([('loss', 0.059), ('loss_in_house_lnp_B16F10_luc', 0.035), ('loss_in_house_lnp_DC24_luc', 0.024), ('in_house_lnp_B16F10_luc_valid_spearmanr_coeff', 0.854), ('in_house_lnp_B16F10_luc_valid_spearmanr_p_val', 0.0), ('in_house_lnp_B16F10_luc_valid_pearsonr_coeff', 0.814), ('in_house_lnp_B16F10_luc_valid_pearsonr_p_val', 0.0), ('in_house_lnp_B16F10_luc_valid_mae', 2.081), ('in_house_lnp_B16F10_luc_valid_mse', 6.669), ('in_house_lnp_B16F10_luc_valid_agg_mae', 2.081), ('in_house_lnp_B16F10_luc_valid_agg_mse', 6.669), ('in_house_lnp_B16F10_luc_valid_contrastive_L', 0.383), ('in_house_lnp_B16F10_luc_valid_agg_rmse', 2.5825), ('in_house_lnp_DC24_luc_valid_spearmanr_coeff', 0.937), ('in_house_lnp_DC24_luc_valid_spearmanr_p_val', 0.0), ('in_house_lnp_DC24_luc_valid_pearsonr_coeff', 0.927), ('in_house_lnp_DC24_luc_valid_pearsonr_p_val', 0.0), ('in_house_lnp_DC24_luc_valid_mae', 3.16), ('in_house_lnp_DC24_luc_valid_mse', 13.306), ('in_house_lnp_DC24_luc_valid_agg_mae', 3.16), ('in_house_lnp_DC24_luc_valid_agg_mse', 13.306), ('in_house_lnp_DC24_luc_valid_contrastive_L', 0.245), ('in_house_lnp_DC24_luc_valid_agg_rmse', 3.6477), ('bsz', 312.0), ('num_updates', 5877)])
2026-04-16 23:57:14 | INFO | valid | epoch 043 | valid on 'valid' subset | loss 0.059 | loss_in_house_lnp_B16F10_luc 0.035 | loss_in_house_lnp_DC24_luc 0.024 | in_house_lnp_B16F10_luc_valid_spearmanr_coeff 0.854 | in_house_lnp_B16F10_luc_valid_spearmanr_p_val 0 | in_house_lnp_B16F10_luc_valid_pearsonr_coeff 0.814 | in_house_lnp_B16F10_luc_valid_pearsonr_p_val 0 | in_house_lnp_B16F10_luc_valid_mae 2.081 | in_house_lnp_B16F10_luc_valid_mse 6.669 | in_house_lnp_B16F10_luc_valid_agg_mae 2.081 | in_house_lnp_B16F10_luc_valid_agg_mse 6.669 | in_house_lnp_B16F10_luc_valid_contrastive_L 0.383 | in_house_lnp_B16F10_luc_valid_agg_rmse 2.5825 | in_house_lnp_DC24_luc_valid_spearmanr_coeff 0.937 | in_house_lnp_DC24_luc_valid_spearmanr_p_val 0 | in_house_lnp_DC24_luc_valid_pearsonr_coeff 0.927 | in_house_lnp_DC24_luc_valid_pearsonr_p_val 0 | in_house_lnp_DC24_luc_valid_mae 3.16 | in_house_lnp_DC24_luc_valid_mse 13.306 | in_house_lnp_DC24_luc_valid_agg_mae 3.16 | in_house_lnp_DC24_luc_valid_agg_mse 13.306 | in_house_lnp_DC24_luc_valid_contrastive_L 0.245 | in_house_lnp_DC24_luc_valid_agg_rmse 3.6477 | bsz 312 | num_updates 5877
validate stats:  OrderedDict([('loss', 0.059), ('loss_in_house_lnp_B16F10_luc', 0.035), ('loss_in_house_lnp_DC24_luc', 0.024), ('in_house_lnp_B16F10_luc_valid_spearmanr_coeff', 0.854), ('in_house_lnp_B16F10_luc_valid_spearmanr_p_val', 0.0), ('in_house_lnp_B16F10_luc_valid_pearsonr_coeff', 0.814), ('in_house_lnp_B16F10_luc_valid_pearsonr_p_val', 0.0), ('in_house_lnp_B16F10_luc_valid_mae', 2.081), ('in_house_lnp_B16F10_luc_valid_mse', 6.669), ('in_house_lnp_B16F10_luc_valid_agg_mae', 2.081), ('in_house_lnp_B16F10_luc_valid_agg_mse', 6.669), ('in_house_lnp_B16F10_luc_valid_contrastive_L', 0.383), ('in_house_lnp_B16F10_luc_valid_agg_rmse', 2.5825), ('in_house_lnp_DC24_luc_valid_spearmanr_coeff', 0.937), ('in_house_lnp_DC24_luc_valid_spearmanr_p_val', 0.0), ('in_house_lnp_DC24_luc_valid_pearsonr_coeff', 0.927), ('in_house_lnp_DC24_luc_valid_pearsonr_p_val', 0.0), ('in_house_lnp_DC24_luc_valid_mae', 3.16), ('in_house_lnp_DC24_luc_valid_mse', 13.306), ('in_house_lnp_DC24_luc_valid_agg_mae', 3.16), ('in_house_lnp_DC24_luc_valid_agg_mse', 13.306), ('in_house_lnp_DC24_luc_valid_contrastive_L', 0.245), ('in_house_lnp_DC24_luc_valid_agg_rmse', 3.6477), ('bsz', 312.0), ('num_updates', 5877)])
2026-04-16 23:57:14 | INFO | unicore_cli.train | averaging ['in_house_lnp_B16F10_luc_valid_spearmanr_coeff', 'in_house_lnp_DC24_luc_valid_spearmanr_coeff'] for valid_spearmanr_coeff
2026-04-16 23:57:14 | INFO | unimol.core.checkpoint_utils | Preparing to save checkpoint for epoch 43 @ 5877 updates
2026-04-16 23:57:14 | INFO | unimol.core.trainer | Saving checkpoint to ./tmp_save_demo/save_InfoMax_Run/checkpoint43.pt
2026-04-16 23:57:15 | INFO | unimol.core.trainer | Finished saving checkpoint to ./tmp_save_demo/save_InfoMax_Run/checkpoint43.pt
2026-04-16 23:57:15 | INFO | unimol.core.checkpoint_utils | Saved checkpoint ./tmp_save_demo/save_InfoMax_Run/checkpoint43.pt (epoch 43 @ 5877 updates, score 0.8955) (writing took 0.8883737559663132 seconds)
2026-04-16 23:57:15 | INFO | unimol.core.checkpoint_utils | copy ./tmp_save_demo/save_InfoMax_Run/checkpoint43.pt to ./save_demo/save_InfoMax_Run/checkpoint43.pt
2026-04-16 23:57:15 | INFO | unicore_cli.train | end of epoch 43 (average epoch stats below)
2026-04-16 23:57:15 | INFO | train | epoch 043 | loss 0.06 | loss_in_house_lnp_B16F10_luc 0.032 | loss_in_house_lnp_DC24_luc 0.021 | ups 6.98 | bsz 15.9 | num_updates 5877 | lr 8.37303e-05 | gnorm 7.368 | clip 100 | loss_scale 64 | train_wall 15.46 | epoch_itr_sz 137 | gb_free 76 | wall 840
2026-04-16 23:57:15 | INFO | unimol.core.tasks.unicore_task | get EpochBatchIterator for epoch 44
2026-04-16 23:57:15 | INFO | unimol.core.trainer | begin training epoch 44
2026-04-16 23:57:15 | INFO | unicore_cli.train | Start iterating over samples
2026-04-16 23:57:17 | INFO | unimol.core.checkpoint_utils | copy ./tmp_save_demo/save_InfoMax_Run/checkpoint43.pt to ./save_demo/save_InfoMax_Run/checkpoint_best.pt
2026-04-16 23:57:17 | INFO | unimol.core.checkpoint_utils | copy ./tmp_save_demo/save_InfoMax_Run/checkpoint43.pt to ./save_demo/save_InfoMax_Run/checkpoint_last.pt
2026-04-16 23:57:18 | INFO | unimol.core.checkpoint_utils | removing temp file ./tmp_save_demo/save_InfoMax_Run/checkpoint43.pt ...
2026-04-16 23:57:18 | INFO | unimol.core.checkpoint_utils | removed ./save_demo/save_InfoMax_Run/checkpoint33.pt
2026-04-16 23:57:18 | INFO | unimol.core.checkpoint_utils | finished async ckp saving.
2026-04-16 23:57:19 | INFO | train_inner | epoch 044:     23 / 137 loss=0.058, loss_in_house_lnp_B16F10_luc=0.031, loss_in_house_lnp_DC24_luc=0.021, ups=6.59, bsz=16, num_updates=5900, lr=8.36417e-05, gnorm=6.695, clip=100, loss_scale=64, train_wall=11.46, gb_free=76, wall=844
2026-04-16 23:57:31 | INFO | train_inner | epoch 044:    123 / 137 loss=0.062, loss_in_house_lnp_B16F10_luc=0.034, loss_in_house_lnp_DC24_luc=0.021, ups=8.77, bsz=15.9, num_updates=6000, lr=8.32562e-05, gnorm=8.034, clip=99, loss_scale=64, train_wall=11.16, gb_free=76.1, wall=856
2026-04-16 23:57:32 | INFO | unicore_cli.train | begin validation on "valid" subset
2026-04-16 23:57:32 | INFO | unimol.core.tasks.unicore_task | get EpochBatchIterator for epoch 1
reduce_metrics, task_name:  in_house_lnp_B16F10_luc
reduce_metrics, task_name:  in_house_lnp_DC24_luc
get_valid_stats stats:  OrderedDict([('loss', 0.057), ('loss_in_house_lnp_B16F10_luc', 0.032), ('loss_in_house_lnp_DC24_luc', 0.025), ('in_house_lnp_B16F10_luc_valid_spearmanr_coeff', 0.855), ('in_house_lnp_B16F10_luc_valid_spearmanr_p_val', 0.0), ('in_house_lnp_B16F10_luc_valid_pearsonr_coeff', 0.827), ('in_house_lnp_B16F10_luc_valid_pearsonr_p_val', 0.0), ('in_house_lnp_B16F10_luc_valid_mae', 2.046), ('in_house_lnp_B16F10_luc_valid_mse', 6.239), ('in_house_lnp_B16F10_luc_valid_agg_mae', 2.046), ('in_house_lnp_B16F10_luc_valid_agg_mse', 6.239), ('in_house_lnp_B16F10_luc_valid_contrastive_L', 0.37), ('in_house_lnp_B16F10_luc_valid_agg_rmse', 2.4978), ('in_house_lnp_DC24_luc_valid_spearmanr_coeff', 0.935), ('in_house_lnp_DC24_luc_valid_spearmanr_p_val', 0.0), ('in_house_lnp_DC24_luc_valid_pearsonr_coeff', 0.931), ('in_house_lnp_DC24_luc_valid_pearsonr_p_val', 0.0), ('in_house_lnp_DC24_luc_valid_mae', 3.286), ('in_house_lnp_DC24_luc_valid_mse', 14.396), ('in_house_lnp_DC24_luc_valid_agg_mae', 3.286), ('in_house_lnp_DC24_luc_valid_agg_mse', 14.396), ('in_house_lnp_DC24_luc_valid_contrastive_L', 0.248), ('in_house_lnp_DC24_luc_valid_agg_rmse', 3.7942), ('bsz', 312.0), ('num_updates', 6014)])
2026-04-16 23:57:34 | INFO | valid | epoch 044 | valid on 'valid' subset | loss 0.057 | loss_in_house_lnp_B16F10_luc 0.032 | loss_in_house_lnp_DC24_luc 0.025 | in_house_lnp_B16F10_luc_valid_spearmanr_coeff 0.855 | in_house_lnp_B16F10_luc_valid_spearmanr_p_val 0 | in_house_lnp_B16F10_luc_valid_pearsonr_coeff 0.827 | in_house_lnp_B16F10_luc_valid_pearsonr_p_val 0 | in_house_lnp_B16F10_luc_valid_mae 2.046 | in_house_lnp_B16F10_luc_valid_mse 6.239 | in_house_lnp_B16F10_luc_valid_agg_mae 2.046 | in_house_lnp_B16F10_luc_valid_agg_mse 6.239 | in_house_lnp_B16F10_luc_valid_contrastive_L 0.37 | in_house_lnp_B16F10_luc_valid_agg_rmse 2.4978 | in_house_lnp_DC24_luc_valid_spearmanr_coeff 0.935 | in_house_lnp_DC24_luc_valid_spearmanr_p_val 0 | in_house_lnp_DC24_luc_valid_pearsonr_coeff 0.931 | in_house_lnp_DC24_luc_valid_pearsonr_p_val 0 | in_house_lnp_DC24_luc_valid_mae 3.286 | in_house_lnp_DC24_luc_valid_mse 14.396 | in_house_lnp_DC24_luc_valid_agg_mae 3.286 | in_house_lnp_DC24_luc_valid_agg_mse 14.396 | in_house_lnp_DC24_luc_valid_contrastive_L 0.248 | in_house_lnp_DC24_luc_valid_agg_rmse 3.7942 | bsz 312 | num_updates 6014
validate stats:  OrderedDict([('loss', 0.057), ('loss_in_house_lnp_B16F10_luc', 0.032), ('loss_in_house_lnp_DC24_luc', 0.025), ('in_house_lnp_B16F10_luc_valid_spearmanr_coeff', 0.855), ('in_house_lnp_B16F10_luc_valid_spearmanr_p_val', 0.0), ('in_house_lnp_B16F10_luc_valid_pearsonr_coeff', 0.827), ('in_house_lnp_B16F10_luc_valid_pearsonr_p_val', 0.0), ('in_house_lnp_B16F10_luc_valid_mae', 2.046), ('in_house_lnp_B16F10_luc_valid_mse', 6.239), ('in_house_lnp_B16F10_luc_valid_agg_mae', 2.046), ('in_house_lnp_B16F10_luc_valid_agg_mse', 6.239), ('in_house_lnp_B16F10_luc_valid_contrastive_L', 0.37), ('in_house_lnp_B16F10_luc_valid_agg_rmse', 2.4978), ('in_house_lnp_DC24_luc_valid_spearmanr_coeff', 0.935), ('in_house_lnp_DC24_luc_valid_spearmanr_p_val', 0.0), ('in_house_lnp_DC24_luc_valid_pearsonr_coeff', 0.931), ('in_house_lnp_DC24_luc_valid_pearsonr_p_val', 0.0), ('in_house_lnp_DC24_luc_valid_mae', 3.286), ('in_house_lnp_DC24_luc_valid_mse', 14.396), ('in_house_lnp_DC24_luc_valid_agg_mae', 3.286), ('in_house_lnp_DC24_luc_valid_agg_mse', 14.396), ('in_house_lnp_DC24_luc_valid_contrastive_L', 0.248), ('in_house_lnp_DC24_luc_valid_agg_rmse', 3.7942), ('bsz', 312.0), ('num_updates', 6014)])
2026-04-16 23:57:34 | INFO | unicore_cli.train | averaging ['in_house_lnp_B16F10_luc_valid_spearmanr_coeff', 'in_house_lnp_DC24_luc_valid_spearmanr_coeff'] for valid_spearmanr_coeff
2026-04-16 23:57:34 | INFO | unimol.core.checkpoint_utils | Preparing to save checkpoint for epoch 44 @ 6014 updates
2026-04-16 23:57:34 | INFO | unimol.core.trainer | Saving checkpoint to ./tmp_save_demo/save_InfoMax_Run/checkpoint44.pt
2026-04-16 23:57:35 | INFO | unimol.core.trainer | Finished saving checkpoint to ./tmp_save_demo/save_InfoMax_Run/checkpoint44.pt
2026-04-16 23:57:35 | INFO | unimol.core.checkpoint_utils | Saved checkpoint ./tmp_save_demo/save_InfoMax_Run/checkpoint44.pt (epoch 44 @ 6014 updates, score 0.895) (writing took 0.9055443829856813 seconds)
2026-04-16 23:57:35 | INFO | unimol.core.checkpoint_utils | copy ./tmp_save_demo/save_InfoMax_Run/checkpoint44.pt to ./save_demo/save_InfoMax_Run/checkpoint44.pt
2026-04-16 23:57:35 | INFO | unicore_cli.train | end of epoch 44 (average epoch stats below)
2026-04-16 23:57:35 | INFO | train | epoch 044 | loss 0.06 | loss_in_house_lnp_B16F10_luc 0.033 | loss_in_house_lnp_DC24_luc 0.021 | ups 7.01 | bsz 15.9 | num_updates 6014 | lr 8.32023e-05 | gnorm 7.817 | clip 99.3 | loss_scale 64 | train_wall 15.5 | epoch_itr_sz 137 | gb_free 76 | wall 860
2026-04-16 23:57:35 | INFO | unimol.core.tasks.unicore_task | get EpochBatchIterator for epoch 45
2026-04-16 23:57:35 | INFO | unimol.core.trainer | begin training epoch 45
2026-04-16 23:57:35 | INFO | unicore_cli.train | Start iterating over samples
2026-04-16 23:57:36 | INFO | unimol.core.checkpoint_utils | copy ./tmp_save_demo/save_InfoMax_Run/checkpoint44.pt to ./save_demo/save_InfoMax_Run/checkpoint_last.pt
2026-04-16 23:57:37 | INFO | unimol.core.checkpoint_utils | removing temp file ./tmp_save_demo/save_InfoMax_Run/checkpoint44.pt ...
2026-04-16 23:57:37 | INFO | unimol.core.checkpoint_utils | removed ./save_demo/save_InfoMax_Run/checkpoint34.pt
2026-04-16 23:57:37 | INFO | unimol.core.checkpoint_utils | finished async ckp saving.
2026-04-16 23:57:47 | INFO | train_inner | epoch 045:     86 / 137 loss=0.058, loss_in_house_lnp_B16F10_luc=0.031, loss_in_house_lnp_DC24_luc=0.02, ups=6.3, bsz=16, num_updates=6100, lr=8.28708e-05, gnorm=6.823, clip=100, loss_scale=128, train_wall=11.78, gb_free=76, wall=871
2026-04-16 23:57:53 | INFO | unicore_cli.train | begin validation on "valid" subset
2026-04-16 23:57:53 | INFO | unimol.core.tasks.unicore_task | get EpochBatchIterator for epoch 1
reduce_metrics, task_name:  in_house_lnp_B16F10_luc
reduce_metrics, task_name:  in_house_lnp_DC24_luc
get_valid_stats stats:  OrderedDict([('loss', 0.06), ('loss_in_house_lnp_B16F10_luc', 0.034), ('loss_in_house_lnp_DC24_luc', 0.026), ('in_house_lnp_B16F10_luc_valid_spearmanr_coeff', 0.842), ('in_house_lnp_B16F10_luc_valid_spearmanr_p_val', 0.0), ('in_house_lnp_B16F10_luc_valid_pearsonr_coeff', 0.8), ('in_house_lnp_B16F10_luc_valid_pearsonr_p_val', 0.0), ('in_house_lnp_B16F10_luc_valid_mae', 1.799), ('in_house_lnp_B16F10_luc_valid_mse', 5.397), ('in_house_lnp_B16F10_luc_valid_agg_mae', 1.799), ('in_house_lnp_B16F10_luc_valid_agg_mse', 5.397), ('in_house_lnp_B16F10_luc_valid_contrastive_L', 0.387), ('in_house_lnp_B16F10_luc_valid_agg_rmse', 2.3232), ('in_house_lnp_DC24_luc_valid_spearmanr_coeff', 0.93), ('in_house_lnp_DC24_luc_valid_spearmanr_p_val', 0.0), ('in_house_lnp_DC24_luc_valid_pearsonr_coeff', 0.919), ('in_house_lnp_DC24_luc_valid_pearsonr_p_val', 0.0), ('in_house_lnp_DC24_luc_valid_mae', 3.149), ('in_house_lnp_DC24_luc_valid_mse', 13.562), ('in_house_lnp_DC24_luc_valid_agg_mae', 3.149), ('in_house_lnp_DC24_luc_valid_agg_mse', 13.562), ('in_house_lnp_DC24_luc_valid_contrastive_L', 0.258), ('in_house_lnp_DC24_luc_valid_agg_rmse', 3.6827), ('bsz', 312.0), ('num_updates', 6151)])
2026-04-16 23:57:54 | INFO | valid | epoch 045 | valid on 'valid' subset | loss 0.06 | loss_in_house_lnp_B16F10_luc 0.034 | loss_in_house_lnp_DC24_luc 0.026 | in_house_lnp_B16F10_luc_valid_spearmanr_coeff 0.842 | in_house_lnp_B16F10_luc_valid_spearmanr_p_val 0 | in_house_lnp_B16F10_luc_valid_pearsonr_coeff 0.8 | in_house_lnp_B16F10_luc_valid_pearsonr_p_val 0 | in_house_lnp_B16F10_luc_valid_mae 1.799 | in_house_lnp_B16F10_luc_valid_mse 5.397 | in_house_lnp_B16F10_luc_valid_agg_mae 1.799 | in_house_lnp_B16F10_luc_valid_agg_mse 5.397 | in_house_lnp_B16F10_luc_valid_contrastive_L 0.387 | in_house_lnp_B16F10_luc_valid_agg_rmse 2.3232 | in_house_lnp_DC24_luc_valid_spearmanr_coeff 0.93 | in_house_lnp_DC24_luc_valid_spearmanr_p_val 0 | in_house_lnp_DC24_luc_valid_pearsonr_coeff 0.919 | in_house_lnp_DC24_luc_valid_pearsonr_p_val 0 | in_house_lnp_DC24_luc_valid_mae 3.149 | in_house_lnp_DC24_luc_valid_mse 13.562 | in_house_lnp_DC24_luc_valid_agg_mae 3.149 | in_house_lnp_DC24_luc_valid_agg_mse 13.562 | in_house_lnp_DC24_luc_valid_contrastive_L 0.258 | in_house_lnp_DC24_luc_valid_agg_rmse 3.6827 | bsz 312 | num_updates 6151
validate stats:  OrderedDict([('loss', 0.06), ('loss_in_house_lnp_B16F10_luc', 0.034), ('loss_in_house_lnp_DC24_luc', 0.026), ('in_house_lnp_B16F10_luc_valid_spearmanr_coeff', 0.842), ('in_house_lnp_B16F10_luc_valid_spearmanr_p_val', 0.0), ('in_house_lnp_B16F10_luc_valid_pearsonr_coeff', 0.8), ('in_house_lnp_B16F10_luc_valid_pearsonr_p_val', 0.0), ('in_house_lnp_B16F10_luc_valid_mae', 1.799), ('in_house_lnp_B16F10_luc_valid_mse', 5.397), ('in_house_lnp_B16F10_luc_valid_agg_mae', 1.799), ('in_house_lnp_B16F10_luc_valid_agg_mse', 5.397), ('in_house_lnp_B16F10_luc_valid_contrastive_L', 0.387), ('in_house_lnp_B16F10_luc_valid_agg_rmse', 2.3232), ('in_house_lnp_DC24_luc_valid_spearmanr_coeff', 0.93), ('in_house_lnp_DC24_luc_valid_spearmanr_p_val', 0.0), ('in_house_lnp_DC24_luc_valid_pearsonr_coeff', 0.919), ('in_house_lnp_DC24_luc_valid_pearsonr_p_val', 0.0), ('in_house_lnp_DC24_luc_valid_mae', 3.149), ('in_house_lnp_DC24_luc_valid_mse', 13.562), ('in_house_lnp_DC24_luc_valid_agg_mae', 3.149), ('in_house_lnp_DC24_luc_valid_agg_mse', 13.562), ('in_house_lnp_DC24_luc_valid_contrastive_L', 0.258), ('in_house_lnp_DC24_luc_valid_agg_rmse', 3.6827), ('bsz', 312.0), ('num_updates', 6151)])
2026-04-16 23:57:54 | INFO | unicore_cli.train | averaging ['in_house_lnp_B16F10_luc_valid_spearmanr_coeff', 'in_house_lnp_DC24_luc_valid_spearmanr_coeff'] for valid_spearmanr_coeff
2026-04-16 23:57:54 | INFO | unimol.core.checkpoint_utils | Preparing to save checkpoint for epoch 45 @ 6151 updates
2026-04-16 23:57:54 | INFO | unimol.core.trainer | Saving checkpoint to ./tmp_save_demo/save_InfoMax_Run/checkpoint45.pt
2026-04-16 23:57:55 | INFO | unimol.core.trainer | Finished saving checkpoint to ./tmp_save_demo/save_InfoMax_Run/checkpoint45.pt
2026-04-16 23:57:55 | INFO | unimol.core.checkpoint_utils | Saved checkpoint ./tmp_save_demo/save_InfoMax_Run/checkpoint45.pt (epoch 45 @ 6151 updates, score 0.886) (writing took 0.9039120170054957 seconds)
2026-04-16 23:57:55 | INFO | unicore_cli.train | end of epoch 45 (average epoch stats below)
2026-04-16 23:57:55 | INFO | unimol.core.checkpoint_utils | copy ./tmp_save_demo/save_InfoMax_Run/checkpoint45.pt to ./save_demo/save_InfoMax_Run/checkpoint45.pt
2026-04-16 23:57:55 | INFO | train | epoch 045 | loss 0.06 | loss_in_house_lnp_B16F10_luc 0.032 | loss_in_house_lnp_DC24_luc 0.021 | ups 6.72 | bsz 15.9 | num_updates 6151 | lr 8.26742e-05 | gnorm 6.729 | clip 100 | loss_scale 128 | train_wall 16.18 | epoch_itr_sz 137 | gb_free 76 | wall 880
2026-04-16 23:57:55 | INFO | unimol.core.tasks.unicore_task | get EpochBatchIterator for epoch 46
2026-04-16 23:57:55 | INFO | unimol.core.trainer | begin training epoch 46
2026-04-16 23:57:55 | INFO | unicore_cli.train | Start iterating over samples
2026-04-16 23:57:56 | INFO | unimol.core.checkpoint_utils | copy ./tmp_save_demo/save_InfoMax_Run/checkpoint45.pt to ./save_demo/save_InfoMax_Run/checkpoint_last.pt
2026-04-16 23:57:57 | INFO | unimol.core.checkpoint_utils | removing temp file ./tmp_save_demo/save_InfoMax_Run/checkpoint45.pt ...
2026-04-16 23:57:57 | INFO | unimol.core.checkpoint_utils | removed ./save_demo/save_InfoMax_Run/checkpoint35.pt
2026-04-16 23:57:57 | INFO | unimol.core.checkpoint_utils | finished async ckp saving.
2026-04-16 23:58:02 | INFO | train_inner | epoch 046:     49 / 137 loss=0.06, loss_in_house_lnp_B16F10_luc=0.033, loss_in_house_lnp_DC24_luc=0.021, ups=6.33, bsz=15.9, num_updates=6200, lr=8.24854e-05, gnorm=6.122, clip=100, loss_scale=128, train_wall=11.55, gb_free=76, wall=887
2026-04-16 23:58:05 | INFO | unimol.core.trainer | NOTE: gradient overflow detected, ignoring gradient, setting loss scale to: 64.0
2026-04-16 23:58:12 | INFO | unicore_cli.train | begin validation on "valid" subset
2026-04-16 23:58:12 | INFO | unimol.core.tasks.unicore_task | get EpochBatchIterator for epoch 1
reduce_metrics, task_name:  in_house_lnp_B16F10_luc
reduce_metrics, task_name:  in_house_lnp_DC24_luc
get_valid_stats stats:  OrderedDict([('loss', 0.059), ('loss_in_house_lnp_B16F10_luc', 0.034), ('loss_in_house_lnp_DC24_luc', 0.025), ('in_house_lnp_B16F10_luc_valid_spearmanr_coeff', 0.853), ('in_house_lnp_B16F10_luc_valid_spearmanr_p_val', 0.0), ('in_house_lnp_B16F10_luc_valid_pearsonr_coeff', 0.831), ('in_house_lnp_B16F10_luc_valid_pearsonr_p_val', 0.0), ('in_house_lnp_B16F10_luc_valid_mae', 2.323), ('in_house_lnp_B16F10_luc_valid_mse', 8.033), ('in_house_lnp_B16F10_luc_valid_agg_mae', 2.323), ('in_house_lnp_B16F10_luc_valid_agg_mse', 8.033), ('in_house_lnp_B16F10_luc_valid_contrastive_L', 0.376), ('in_house_lnp_B16F10_luc_valid_agg_rmse', 2.8343), ('in_house_lnp_DC24_luc_valid_spearmanr_coeff', 0.933), ('in_house_lnp_DC24_luc_valid_spearmanr_p_val', 0.0), ('in_house_lnp_DC24_luc_valid_pearsonr_coeff', 0.933), ('in_house_lnp_DC24_luc_valid_pearsonr_p_val', 0.0), ('in_house_lnp_DC24_luc_valid_mae', 3.285), ('in_house_lnp_DC24_luc_valid_mse', 14.261), ('in_house_lnp_DC24_luc_valid_agg_mae', 3.285), ('in_house_lnp_DC24_luc_valid_agg_mse', 14.261), ('in_house_lnp_DC24_luc_valid_contrastive_L', 0.253), ('in_house_lnp_DC24_luc_valid_agg_rmse', 3.7763), ('bsz', 312.0), ('num_updates', 6287)])
2026-04-16 23:58:14 | INFO | valid | epoch 046 | valid on 'valid' subset | loss 0.059 | loss_in_house_lnp_B16F10_luc 0.034 | loss_in_house_lnp_DC24_luc 0.025 | in_house_lnp_B16F10_luc_valid_spearmanr_coeff 0.853 | in_house_lnp_B16F10_luc_valid_spearmanr_p_val 0 | in_house_lnp_B16F10_luc_valid_pearsonr_coeff 0.831 | in_house_lnp_B16F10_luc_valid_pearsonr_p_val 0 | in_house_lnp_B16F10_luc_valid_mae 2.323 | in_house_lnp_B16F10_luc_valid_mse 8.033 | in_house_lnp_B16F10_luc_valid_agg_mae 2.323 | in_house_lnp_B16F10_luc_valid_agg_mse 8.033 | in_house_lnp_B16F10_luc_valid_contrastive_L 0.376 | in_house_lnp_B16F10_luc_valid_agg_rmse 2.8343 | in_house_lnp_DC24_luc_valid_spearmanr_coeff 0.933 | in_house_lnp_DC24_luc_valid_spearmanr_p_val 0 | in_house_lnp_DC24_luc_valid_pearsonr_coeff 0.933 | in_house_lnp_DC24_luc_valid_pearsonr_p_val 0 | in_house_lnp_DC24_luc_valid_mae 3.285 | in_house_lnp_DC24_luc_valid_mse 14.261 | in_house_lnp_DC24_luc_valid_agg_mae 3.285 | in_house_lnp_DC24_luc_valid_agg_mse 14.261 | in_house_lnp_DC24_luc_valid_contrastive_L 0.253 | in_house_lnp_DC24_luc_valid_agg_rmse 3.7763 | bsz 312 | num_updates 6287
validate stats:  OrderedDict([('loss', 0.059), ('loss_in_house_lnp_B16F10_luc', 0.034), ('loss_in_house_lnp_DC24_luc', 0.025), ('in_house_lnp_B16F10_luc_valid_spearmanr_coeff', 0.853), ('in_house_lnp_B16F10_luc_valid_spearmanr_p_val', 0.0), ('in_house_lnp_B16F10_luc_valid_pearsonr_coeff', 0.831), ('in_house_lnp_B16F10_luc_valid_pearsonr_p_val', 0.0), ('in_house_lnp_B16F10_luc_valid_mae', 2.323), ('in_house_lnp_B16F10_luc_valid_mse', 8.033), ('in_house_lnp_B16F10_luc_valid_agg_mae', 2.323), ('in_house_lnp_B16F10_luc_valid_agg_mse', 8.033), ('in_house_lnp_B16F10_luc_valid_contrastive_L', 0.376), ('in_house_lnp_B16F10_luc_valid_agg_rmse', 2.8343), ('in_house_lnp_DC24_luc_valid_spearmanr_coeff', 0.933), ('in_house_lnp_DC24_luc_valid_spearmanr_p_val', 0.0), ('in_house_lnp_DC24_luc_valid_pearsonr_coeff', 0.933), ('in_house_lnp_DC24_luc_valid_pearsonr_p_val', 0.0), ('in_house_lnp_DC24_luc_valid_mae', 3.285), ('in_house_lnp_DC24_luc_valid_mse', 14.261), ('in_house_lnp_DC24_luc_valid_agg_mae', 3.285), ('in_house_lnp_DC24_luc_valid_agg_mse', 14.261), ('in_house_lnp_DC24_luc_valid_contrastive_L', 0.253), ('in_house_lnp_DC24_luc_valid_agg_rmse', 3.7763), ('bsz', 312.0), ('num_updates', 6287)])
2026-04-16 23:58:14 | INFO | unicore_cli.train | averaging ['in_house_lnp_B16F10_luc_valid_spearmanr_coeff', 'in_house_lnp_DC24_luc_valid_spearmanr_coeff'] for valid_spearmanr_coeff
2026-04-16 23:58:14 | INFO | unimol.core.checkpoint_utils | Preparing to save checkpoint for epoch 46 @ 6287 updates
2026-04-16 23:58:14 | INFO | unimol.core.trainer | Saving checkpoint to ./tmp_save_demo/save_InfoMax_Run/checkpoint46.pt
2026-04-16 23:58:15 | INFO | unimol.core.trainer | Finished saving checkpoint to ./tmp_save_demo/save_InfoMax_Run/checkpoint46.pt
2026-04-16 23:58:15 | INFO | unimol.core.checkpoint_utils | Saved checkpoint ./tmp_save_demo/save_InfoMax_Run/checkpoint46.pt (epoch 46 @ 6287 updates, score 0.893) (writing took 0.8805188830010593 seconds)
2026-04-16 23:58:15 | INFO | unicore_cli.train | end of epoch 46 (average epoch stats below)
2026-04-16 23:58:15 | INFO | unimol.core.checkpoint_utils | copy ./tmp_save_demo/save_InfoMax_Run/checkpoint46.pt to ./save_demo/save_InfoMax_Run/checkpoint46.pt
2026-04-16 23:58:15 | INFO | train | epoch 046 | loss 0.06 | loss_in_house_lnp_B16F10_luc 0.032 | loss_in_house_lnp_DC24_luc 0.021 | ups 7.03 | bsz 15.9 | num_updates 6287 | lr 8.215e-05 | gnorm 6.183 | clip 100 | loss_scale 64 | train_wall 15.31 | epoch_itr_sz 137 | gb_free 76 | wall 899
2026-04-16 23:58:15 | INFO | unimol.core.tasks.unicore_task | get EpochBatchIterator for epoch 47
2026-04-16 23:58:15 | INFO | unimol.core.trainer | begin training epoch 47
2026-04-16 23:58:15 | INFO | unicore_cli.train | Start iterating over samples
2026-04-16 23:58:16 | INFO | unimol.core.checkpoint_utils | copy ./tmp_save_demo/save_InfoMax_Run/checkpoint46.pt to ./save_demo/save_InfoMax_Run/checkpoint_last.pt
2026-04-16 23:58:17 | INFO | unimol.core.checkpoint_utils | removing temp file ./tmp_save_demo/save_InfoMax_Run/checkpoint46.pt ...
2026-04-16 23:58:17 | INFO | unimol.core.checkpoint_utils | removed ./save_demo/save_InfoMax_Run/checkpoint36.pt
2026-04-16 23:58:17 | INFO | unimol.core.checkpoint_utils | finished async ckp saving.
2026-04-16 23:58:17 | INFO | train_inner | epoch 047:     13 / 137 loss=0.06, loss_in_house_lnp_B16F10_luc=0.032, loss_in_house_lnp_DC24_luc=0.021, ups=6.63, bsz=15.9, num_updates=6300, lr=8.20999e-05, gnorm=6.628, clip=100, loss_scale=64, train_wall=11.41, gb_free=76, wall=902
2026-04-16 23:58:29 | INFO | train_inner | epoch 047:    113 / 137 loss=0.059, loss_in_house_lnp_B16F10_luc=0.031, loss_in_house_lnp_DC24_luc=0.021, ups=8.77, bsz=15.9, num_updates=6400, lr=8.17145e-05, gnorm=5.7, clip=100, loss_scale=64, train_wall=11.17, gb_free=76, wall=914
2026-04-16 23:58:31 | INFO | unicore_cli.train | begin validation on "valid" subset
2026-04-16 23:58:31 | INFO | unimol.core.tasks.unicore_task | get EpochBatchIterator for epoch 1
reduce_metrics, task_name:  in_house_lnp_B16F10_luc
reduce_metrics, task_name:  in_house_lnp_DC24_luc
get_valid_stats stats:  OrderedDict([('loss', 0.058), ('loss_in_house_lnp_B16F10_luc', 0.034), ('loss_in_house_lnp_DC24_luc', 0.024), ('in_house_lnp_B16F10_luc_valid_spearmanr_coeff', 0.846), ('in_house_lnp_B16F10_luc_valid_spearmanr_p_val', 0.0), ('in_house_lnp_B16F10_luc_valid_pearsonr_coeff', 0.817), ('in_house_lnp_B16F10_luc_valid_pearsonr_p_val', 0.0), ('in_house_lnp_B16F10_luc_valid_mae', 2.059), ('in_house_lnp_B16F10_luc_valid_mse', 6.515), ('in_house_lnp_B16F10_luc_valid_agg_mae', 2.059), ('in_house_lnp_B16F10_luc_valid_agg_mse', 6.515), ('in_house_lnp_B16F10_luc_valid_contrastive_L', 0.383), ('in_house_lnp_B16F10_luc_valid_agg_rmse', 2.5525), ('in_house_lnp_DC24_luc_valid_spearmanr_coeff', 0.933), ('in_house_lnp_DC24_luc_valid_spearmanr_p_val', 0.0), ('in_house_lnp_DC24_luc_valid_pearsonr_coeff', 0.933), ('in_house_lnp_DC24_luc_valid_pearsonr_p_val', 0.0), ('in_house_lnp_DC24_luc_valid_mae', 3.405), ('in_house_lnp_DC24_luc_valid_mse', 14.957), ('in_house_lnp_DC24_luc_valid_agg_mae', 3.405), ('in_house_lnp_DC24_luc_valid_agg_mse', 14.957), ('in_house_lnp_DC24_luc_valid_contrastive_L', 0.25), ('in_house_lnp_DC24_luc_valid_agg_rmse', 3.8674), ('bsz', 312.0), ('num_updates', 6424)])
2026-04-16 23:58:33 | INFO | valid | epoch 047 | valid on 'valid' subset | loss 0.058 | loss_in_house_lnp_B16F10_luc 0.034 | loss_in_house_lnp_DC24_luc 0.024 | in_house_lnp_B16F10_luc_valid_spearmanr_coeff 0.846 | in_house_lnp_B16F10_luc_valid_spearmanr_p_val 0 | in_house_lnp_B16F10_luc_valid_pearsonr_coeff 0.817 | in_house_lnp_B16F10_luc_valid_pearsonr_p_val 0 | in_house_lnp_B16F10_luc_valid_mae 2.059 | in_house_lnp_B16F10_luc_valid_mse 6.515 | in_house_lnp_B16F10_luc_valid_agg_mae 2.059 | in_house_lnp_B16F10_luc_valid_agg_mse 6.515 | in_house_lnp_B16F10_luc_valid_contrastive_L 0.383 | in_house_lnp_B16F10_luc_valid_agg_rmse 2.5525 | in_house_lnp_DC24_luc_valid_spearmanr_coeff 0.933 | in_house_lnp_DC24_luc_valid_spearmanr_p_val 0 | in_house_lnp_DC24_luc_valid_pearsonr_coeff 0.933 | in_house_lnp_DC24_luc_valid_pearsonr_p_val 0 | in_house_lnp_DC24_luc_valid_mae 3.405 | in_house_lnp_DC24_luc_valid_mse 14.957 | in_house_lnp_DC24_luc_valid_agg_mae 3.405 | in_house_lnp_DC24_luc_valid_agg_mse 14.957 | in_house_lnp_DC24_luc_valid_contrastive_L 0.25 | in_house_lnp_DC24_luc_valid_agg_rmse 3.8674 | bsz 312 | num_updates 6424
validate stats:  OrderedDict([('loss', 0.058), ('loss_in_house_lnp_B16F10_luc', 0.034), ('loss_in_house_lnp_DC24_luc', 0.024), ('in_house_lnp_B16F10_luc_valid_spearmanr_coeff', 0.846), ('in_house_lnp_B16F10_luc_valid_spearmanr_p_val', 0.0), ('in_house_lnp_B16F10_luc_valid_pearsonr_coeff', 0.817), ('in_house_lnp_B16F10_luc_valid_pearsonr_p_val', 0.0), ('in_house_lnp_B16F10_luc_valid_mae', 2.059), ('in_house_lnp_B16F10_luc_valid_mse', 6.515), ('in_house_lnp_B16F10_luc_valid_agg_mae', 2.059), ('in_house_lnp_B16F10_luc_valid_agg_mse', 6.515), ('in_house_lnp_B16F10_luc_valid_contrastive_L', 0.383), ('in_house_lnp_B16F10_luc_valid_agg_rmse', 2.5525), ('in_house_lnp_DC24_luc_valid_spearmanr_coeff', 0.933), ('in_house_lnp_DC24_luc_valid_spearmanr_p_val', 0.0), ('in_house_lnp_DC24_luc_valid_pearsonr_coeff', 0.933), ('in_house_lnp_DC24_luc_valid_pearsonr_p_val', 0.0), ('in_house_lnp_DC24_luc_valid_mae', 3.405), ('in_house_lnp_DC24_luc_valid_mse', 14.957), ('in_house_lnp_DC24_luc_valid_agg_mae', 3.405), ('in_house_lnp_DC24_luc_valid_agg_mse', 14.957), ('in_house_lnp_DC24_luc_valid_contrastive_L', 0.25), ('in_house_lnp_DC24_luc_valid_agg_rmse', 3.8674), ('bsz', 312.0), ('num_updates', 6424)])
2026-04-16 23:58:33 | INFO | unicore_cli.train | averaging ['in_house_lnp_B16F10_luc_valid_spearmanr_coeff', 'in_house_lnp_DC24_luc_valid_spearmanr_coeff'] for valid_spearmanr_coeff
2026-04-16 23:58:33 | INFO | unimol.core.checkpoint_utils | Preparing to save checkpoint for epoch 47 @ 6424 updates
2026-04-16 23:58:33 | INFO | unimol.core.trainer | Saving checkpoint to ./tmp_save_demo/save_InfoMax_Run/checkpoint47.pt
2026-04-16 23:58:34 | INFO | unimol.core.trainer | Finished saving checkpoint to ./tmp_save_demo/save_InfoMax_Run/checkpoint47.pt
2026-04-16 23:58:34 | INFO | unimol.core.checkpoint_utils | Saved checkpoint ./tmp_save_demo/save_InfoMax_Run/checkpoint47.pt (epoch 47 @ 6424 updates, score 0.8895) (writing took 0.8743748719571158 seconds)
2026-04-16 23:58:34 | INFO | unicore_cli.train | end of epoch 47 (average epoch stats below)
2026-04-16 23:58:34 | INFO | unimol.core.checkpoint_utils | copy ./tmp_save_demo/save_InfoMax_Run/checkpoint47.pt to ./save_demo/save_InfoMax_Run/checkpoint47.pt
2026-04-16 23:58:34 | INFO | train | epoch 047 | loss 0.059 | loss_in_house_lnp_B16F10_luc 0.032 | loss_in_house_lnp_DC24_luc 0.021 | ups 7.04 | bsz 15.9 | num_updates 6424 | lr 8.1622e-05 | gnorm 6.064 | clip 100 | loss_scale 64 | train_wall 15.53 | epoch_itr_sz 137 | gb_free 76 | wall 919
2026-04-16 23:58:34 | INFO | unimol.core.tasks.unicore_task | get EpochBatchIterator for epoch 48
2026-04-16 23:58:34 | INFO | unimol.core.trainer | begin training epoch 48
2026-04-16 23:58:34 | INFO | unicore_cli.train | Start iterating over samples
2026-04-16 23:58:35 | INFO | unimol.core.checkpoint_utils | copy ./tmp_save_demo/save_InfoMax_Run/checkpoint47.pt to ./save_demo/save_InfoMax_Run/checkpoint_last.pt
2026-04-16 23:58:36 | INFO | unimol.core.checkpoint_utils | removing temp file ./tmp_save_demo/save_InfoMax_Run/checkpoint47.pt ...
2026-04-16 23:58:36 | INFO | unimol.core.checkpoint_utils | removed ./save_demo/save_InfoMax_Run/checkpoint37.pt
2026-04-16 23:58:36 | INFO | unimol.core.checkpoint_utils | finished async ckp saving.
2026-04-16 23:58:44 | INFO | train_inner | epoch 048:     76 / 137 loss=0.059, loss_in_house_lnp_B16F10_luc=0.032, loss_in_house_lnp_DC24_luc=0.02, ups=6.44, bsz=15.9, num_updates=6500, lr=8.1329e-05, gnorm=7.249, clip=100, loss_scale=128, train_wall=11.82, gb_free=76, wall=929
2026-04-16 23:58:51 | INFO | unimol.core.trainer | NOTE: gradient overflow detected, ignoring gradient, setting loss scale to: 64.0
2026-04-16 23:58:51 | INFO | unicore_cli.train | begin validation on "valid" subset
2026-04-16 23:58:51 | INFO | unimol.core.tasks.unicore_task | get EpochBatchIterator for epoch 1
reduce_metrics, task_name:  in_house_lnp_B16F10_luc
reduce_metrics, task_name:  in_house_lnp_DC24_luc
get_valid_stats stats:  OrderedDict([('loss', 0.057), ('loss_in_house_lnp_B16F10_luc', 0.033), ('loss_in_house_lnp_DC24_luc', 0.024), ('in_house_lnp_B16F10_luc_valid_spearmanr_coeff', 0.856), ('in_house_lnp_B16F10_luc_valid_spearmanr_p_val', 0.0), ('in_house_lnp_B16F10_luc_valid_pearsonr_coeff', 0.819), ('in_house_lnp_B16F10_luc_valid_pearsonr_p_val', 0.0), ('in_house_lnp_B16F10_luc_valid_mae', 2.087), ('in_house_lnp_B16F10_luc_valid_mse', 6.889), ('in_house_lnp_B16F10_luc_valid_agg_mae', 2.087), ('in_house_lnp_B16F10_luc_valid_agg_mse', 6.889), ('in_house_lnp_B16F10_luc_valid_contrastive_L', 0.372), ('in_house_lnp_B16F10_luc_valid_agg_rmse', 2.6247), ('in_house_lnp_DC24_luc_valid_spearmanr_coeff', 0.939), ('in_house_lnp_DC24_luc_valid_spearmanr_p_val', 0.0), ('in_house_lnp_DC24_luc_valid_pearsonr_coeff', 0.924), ('in_house_lnp_DC24_luc_valid_pearsonr_p_val', 0.0), ('in_house_lnp_DC24_luc_valid_mae', 3.408), ('in_house_lnp_DC24_luc_valid_mse', 15.261), ('in_house_lnp_DC24_luc_valid_agg_mae', 3.408), ('in_house_lnp_DC24_luc_valid_agg_mse', 15.261), ('in_house_lnp_DC24_luc_valid_contrastive_L', 0.246), ('in_house_lnp_DC24_luc_valid_agg_rmse', 3.9066), ('bsz', 312.0), ('num_updates', 6560)])
2026-04-16 23:58:53 | INFO | valid | epoch 048 | valid on 'valid' subset | loss 0.057 | loss_in_house_lnp_B16F10_luc 0.033 | loss_in_house_lnp_DC24_luc 0.024 | in_house_lnp_B16F10_luc_valid_spearmanr_coeff 0.856 | in_house_lnp_B16F10_luc_valid_spearmanr_p_val 0 | in_house_lnp_B16F10_luc_valid_pearsonr_coeff 0.819 | in_house_lnp_B16F10_luc_valid_pearsonr_p_val 0 | in_house_lnp_B16F10_luc_valid_mae 2.087 | in_house_lnp_B16F10_luc_valid_mse 6.889 | in_house_lnp_B16F10_luc_valid_agg_mae 2.087 | in_house_lnp_B16F10_luc_valid_agg_mse 6.889 | in_house_lnp_B16F10_luc_valid_contrastive_L 0.372 | in_house_lnp_B16F10_luc_valid_agg_rmse 2.6247 | in_house_lnp_DC24_luc_valid_spearmanr_coeff 0.939 | in_house_lnp_DC24_luc_valid_spearmanr_p_val 0 | in_house_lnp_DC24_luc_valid_pearsonr_coeff 0.924 | in_house_lnp_DC24_luc_valid_pearsonr_p_val 0 | in_house_lnp_DC24_luc_valid_mae 3.408 | in_house_lnp_DC24_luc_valid_mse 15.261 | in_house_lnp_DC24_luc_valid_agg_mae 3.408 | in_house_lnp_DC24_luc_valid_agg_mse 15.261 | in_house_lnp_DC24_luc_valid_contrastive_L 0.246 | in_house_lnp_DC24_luc_valid_agg_rmse 3.9066 | bsz 312 | num_updates 6560
validate stats:  OrderedDict([('loss', 0.057), ('loss_in_house_lnp_B16F10_luc', 0.033), ('loss_in_house_lnp_DC24_luc', 0.024), ('in_house_lnp_B16F10_luc_valid_spearmanr_coeff', 0.856), ('in_house_lnp_B16F10_luc_valid_spearmanr_p_val', 0.0), ('in_house_lnp_B16F10_luc_valid_pearsonr_coeff', 0.819), ('in_house_lnp_B16F10_luc_valid_pearsonr_p_val', 0.0), ('in_house_lnp_B16F10_luc_valid_mae', 2.087), ('in_house_lnp_B16F10_luc_valid_mse', 6.889), ('in_house_lnp_B16F10_luc_valid_agg_mae', 2.087), ('in_house_lnp_B16F10_luc_valid_agg_mse', 6.889), ('in_house_lnp_B16F10_luc_valid_contrastive_L', 0.372), ('in_house_lnp_B16F10_luc_valid_agg_rmse', 2.6247), ('in_house_lnp_DC24_luc_valid_spearmanr_coeff', 0.939), ('in_house_lnp_DC24_luc_valid_spearmanr_p_val', 0.0), ('in_house_lnp_DC24_luc_valid_pearsonr_coeff', 0.924), ('in_house_lnp_DC24_luc_valid_pearsonr_p_val', 0.0), ('in_house_lnp_DC24_luc_valid_mae', 3.408), ('in_house_lnp_DC24_luc_valid_mse', 15.261), ('in_house_lnp_DC24_luc_valid_agg_mae', 3.408), ('in_house_lnp_DC24_luc_valid_agg_mse', 15.261), ('in_house_lnp_DC24_luc_valid_contrastive_L', 0.246), ('in_house_lnp_DC24_luc_valid_agg_rmse', 3.9066), ('bsz', 312.0), ('num_updates', 6560)])
2026-04-16 23:58:53 | INFO | unicore_cli.train | averaging ['in_house_lnp_B16F10_luc_valid_spearmanr_coeff', 'in_house_lnp_DC24_luc_valid_spearmanr_coeff'] for valid_spearmanr_coeff
2026-04-16 23:58:53 | INFO | unimol.core.checkpoint_utils | Preparing to save checkpoint for epoch 48 @ 6560 updates
2026-04-16 23:58:53 | INFO | unimol.core.trainer | Saving checkpoint to ./tmp_save_demo/save_InfoMax_Run/checkpoint48.pt
2026-04-16 23:58:54 | INFO | unimol.core.trainer | Finished saving checkpoint to ./tmp_save_demo/save_InfoMax_Run/checkpoint48.pt
2026-04-16 23:58:54 | INFO | unimol.core.checkpoint_utils | Saved checkpoint ./tmp_save_demo/save_InfoMax_Run/checkpoint48.pt (epoch 48 @ 6560 updates, score 0.8975) (writing took 0.8676849420880899 seconds)
2026-04-16 23:58:54 | INFO | unimol.core.checkpoint_utils | copy ./tmp_save_demo/save_InfoMax_Run/checkpoint48.pt to ./save_demo/save_InfoMax_Run/checkpoint48.pt
2026-04-16 23:58:54 | INFO | unicore_cli.train | end of epoch 48 (average epoch stats below)
2026-04-16 23:58:54 | INFO | train | epoch 048 | loss 0.058 | loss_in_house_lnp_B16F10_luc 0.031 | loss_in_house_lnp_DC24_luc 0.021 | ups 6.91 | bsz 15.9 | num_updates 6560 | lr 8.10977e-05 | gnorm 7.262 | clip 100 | loss_scale 64 | train_wall 16.05 | epoch_itr_sz 137 | gb_free 76 | wall 939
2026-04-16 23:58:54 | INFO | unimol.core.tasks.unicore_task | get EpochBatchIterator for epoch 49
2026-04-16 23:58:54 | INFO | unimol.core.trainer | begin training epoch 49
2026-04-16 23:58:54 | INFO | unicore_cli.train | Start iterating over samples
2026-04-16 23:58:55 | INFO | unimol.core.checkpoint_utils | copy ./tmp_save_demo/save_InfoMax_Run/checkpoint48.pt to ./save_demo/save_InfoMax_Run/checkpoint_best.pt
2026-04-16 23:58:56 | INFO | unimol.core.checkpoint_utils | copy ./tmp_save_demo/save_InfoMax_Run/checkpoint48.pt to ./save_demo/save_InfoMax_Run/checkpoint_last.pt
2026-04-16 23:58:56 | INFO | unimol.core.checkpoint_utils | removing temp file ./tmp_save_demo/save_InfoMax_Run/checkpoint48.pt ...
2026-04-16 23:58:56 | INFO | unimol.core.checkpoint_utils | removed ./save_demo/save_InfoMax_Run/checkpoint38.pt
2026-04-16 23:58:56 | INFO | unimol.core.checkpoint_utils | finished async ckp saving.
2026-04-16 23:59:00 | INFO | train_inner | epoch 049:     40 / 137 loss=0.059, loss_in_house_lnp_B16F10_luc=0.031, loss_in_house_lnp_DC24_luc=0.021, ups=6.53, bsz=16, num_updates=6600, lr=8.09436e-05, gnorm=7.862, clip=100, loss_scale=64, train_wall=11.83, gb_free=76, wall=945
2026-04-16 23:59:11 | INFO | unicore_cli.train | begin validation on "valid" subset
2026-04-16 23:59:11 | INFO | unimol.core.tasks.unicore_task | get EpochBatchIterator for epoch 1
reduce_metrics, task_name:  in_house_lnp_B16F10_luc
reduce_metrics, task_name:  in_house_lnp_DC24_luc
get_valid_stats stats:  OrderedDict([('loss', 0.058), ('loss_in_house_lnp_B16F10_luc', 0.035), ('loss_in_house_lnp_DC24_luc', 0.023), ('in_house_lnp_B16F10_luc_valid_spearmanr_coeff', 0.845), ('in_house_lnp_B16F10_luc_valid_spearmanr_p_val', 0.0), ('in_house_lnp_B16F10_luc_valid_pearsonr_coeff', 0.804), ('in_house_lnp_B16F10_luc_valid_pearsonr_p_val', 0.0), ('in_house_lnp_B16F10_luc_valid_mae', 2.102), ('in_house_lnp_B16F10_luc_valid_mse', 6.962), ('in_house_lnp_B16F10_luc_valid_agg_mae', 2.102), ('in_house_lnp_B16F10_luc_valid_agg_mse', 6.962), ('in_house_lnp_B16F10_luc_valid_contrastive_L', 0.392), ('in_house_lnp_B16F10_luc_valid_agg_rmse', 2.6385), ('in_house_lnp_DC24_luc_valid_spearmanr_coeff', 0.942), ('in_house_lnp_DC24_luc_valid_spearmanr_p_val', 0.0), ('in_house_lnp_DC24_luc_valid_pearsonr_coeff', 0.942), ('in_house_lnp_DC24_luc_valid_pearsonr_p_val', 0.0), ('in_house_lnp_DC24_luc_valid_mae', 3.699), ('in_house_lnp_DC24_luc_valid_mse', 17.624), ('in_house_lnp_DC24_luc_valid_agg_mae', 3.699), ('in_house_lnp_DC24_luc_valid_agg_mse', 17.624), ('in_house_lnp_DC24_luc_valid_contrastive_L', 0.238), ('in_house_lnp_DC24_luc_valid_agg_rmse', 4.1982), ('bsz', 312.0), ('num_updates', 6697)])
2026-04-16 23:59:12 | INFO | valid | epoch 049 | valid on 'valid' subset | loss 0.058 | loss_in_house_lnp_B16F10_luc 0.035 | loss_in_house_lnp_DC24_luc 0.023 | in_house_lnp_B16F10_luc_valid_spearmanr_coeff 0.845 | in_house_lnp_B16F10_luc_valid_spearmanr_p_val 0 | in_house_lnp_B16F10_luc_valid_pearsonr_coeff 0.804 | in_house_lnp_B16F10_luc_valid_pearsonr_p_val 0 | in_house_lnp_B16F10_luc_valid_mae 2.102 | in_house_lnp_B16F10_luc_valid_mse 6.962 | in_house_lnp_B16F10_luc_valid_agg_mae 2.102 | in_house_lnp_B16F10_luc_valid_agg_mse 6.962 | in_house_lnp_B16F10_luc_valid_contrastive_L 0.392 | in_house_lnp_B16F10_luc_valid_agg_rmse 2.6385 | in_house_lnp_DC24_luc_valid_spearmanr_coeff 0.942 | in_house_lnp_DC24_luc_valid_spearmanr_p_val 0 | in_house_lnp_DC24_luc_valid_pearsonr_coeff 0.942 | in_house_lnp_DC24_luc_valid_pearsonr_p_val 0 | in_house_lnp_DC24_luc_valid_mae 3.699 | in_house_lnp_DC24_luc_valid_mse 17.624 | in_house_lnp_DC24_luc_valid_agg_mae 3.699 | in_house_lnp_DC24_luc_valid_agg_mse 17.624 | in_house_lnp_DC24_luc_valid_contrastive_L 0.238 | in_house_lnp_DC24_luc_valid_agg_rmse 4.1982 | bsz 312 | num_updates 6697
validate stats:  OrderedDict([('loss', 0.058), ('loss_in_house_lnp_B16F10_luc', 0.035), ('loss_in_house_lnp_DC24_luc', 0.023), ('in_house_lnp_B16F10_luc_valid_spearmanr_coeff', 0.845), ('in_house_lnp_B16F10_luc_valid_spearmanr_p_val', 0.0), ('in_house_lnp_B16F10_luc_valid_pearsonr_coeff', 0.804), ('in_house_lnp_B16F10_luc_valid_pearsonr_p_val', 0.0), ('in_house_lnp_B16F10_luc_valid_mae', 2.102), ('in_house_lnp_B16F10_luc_valid_mse', 6.962), ('in_house_lnp_B16F10_luc_valid_agg_mae', 2.102), ('in_house_lnp_B16F10_luc_valid_agg_mse', 6.962), ('in_house_lnp_B16F10_luc_valid_contrastive_L', 0.392), ('in_house_lnp_B16F10_luc_valid_agg_rmse', 2.6385), ('in_house_lnp_DC24_luc_valid_spearmanr_coeff', 0.942), ('in_house_lnp_DC24_luc_valid_spearmanr_p_val', 0.0), ('in_house_lnp_DC24_luc_valid_pearsonr_coeff', 0.942), ('in_house_lnp_DC24_luc_valid_pearsonr_p_val', 0.0), ('in_house_lnp_DC24_luc_valid_mae', 3.699), ('in_house_lnp_DC24_luc_valid_mse', 17.624), ('in_house_lnp_DC24_luc_valid_agg_mae', 3.699), ('in_house_lnp_DC24_luc_valid_agg_mse', 17.624), ('in_house_lnp_DC24_luc_valid_contrastive_L', 0.238), ('in_house_lnp_DC24_luc_valid_agg_rmse', 4.1982), ('bsz', 312.0), ('num_updates', 6697)])
2026-04-16 23:59:12 | INFO | unicore_cli.train | averaging ['in_house_lnp_B16F10_luc_valid_spearmanr_coeff', 'in_house_lnp_DC24_luc_valid_spearmanr_coeff'] for valid_spearmanr_coeff
2026-04-16 23:59:12 | INFO | unimol.core.checkpoint_utils | Preparing to save checkpoint for epoch 49 @ 6697 updates
2026-04-16 23:59:12 | INFO | unimol.core.trainer | Saving checkpoint to ./tmp_save_demo/save_InfoMax_Run/checkpoint49.pt
2026-04-16 23:59:13 | INFO | unimol.core.trainer | Finished saving checkpoint to ./tmp_save_demo/save_InfoMax_Run/checkpoint49.pt
2026-04-16 23:59:13 | INFO | unimol.core.checkpoint_utils | Saved checkpoint ./tmp_save_demo/save_InfoMax_Run/checkpoint49.pt (epoch 49 @ 6697 updates, score 0.8935) (writing took 0.8839934780262411 seconds)
2026-04-16 23:59:13 | INFO | unimol.core.checkpoint_utils | copy ./tmp_save_demo/save_InfoMax_Run/checkpoint49.pt to ./save_demo/save_InfoMax_Run/checkpoint49.pt
2026-04-16 23:59:13 | INFO | unicore_cli.train | end of epoch 49 (average epoch stats below)
2026-04-16 23:59:13 | INFO | train | epoch 049 | loss 0.058 | loss_in_house_lnp_B16F10_luc 0.031 | loss_in_house_lnp_DC24_luc 0.02 | ups 7 | bsz 15.9 | num_updates 6697 | lr 8.05697e-05 | gnorm 7.847 | clip 100 | loss_scale 64 | train_wall 15.91 | epoch_itr_sz 137 | gb_free 76 | wall 958
2026-04-16 23:59:13 | INFO | unimol.core.tasks.unicore_task | get EpochBatchIterator for epoch 50
2026-04-16 23:59:13 | INFO | unimol.core.trainer | begin training epoch 50
2026-04-16 23:59:13 | INFO | unicore_cli.train | Start iterating over samples
2026-04-16 23:59:14 | INFO | unimol.core.checkpoint_utils | copy ./tmp_save_demo/save_InfoMax_Run/checkpoint49.pt to ./save_demo/save_InfoMax_Run/checkpoint_last.pt
2026-04-16 23:59:15 | INFO | unimol.core.checkpoint_utils | removing temp file ./tmp_save_demo/save_InfoMax_Run/checkpoint49.pt ...
2026-04-16 23:59:15 | INFO | unimol.core.checkpoint_utils | removed ./save_demo/save_InfoMax_Run/checkpoint39.pt
2026-04-16 23:59:15 | INFO | unimol.core.checkpoint_utils | finished async ckp saving.
2026-04-16 23:59:15 | INFO | train_inner | epoch 050:      3 / 137 loss=0.057, loss_in_house_lnp_B16F10_luc=0.03, loss_in_house_lnp_DC24_luc=0.02, ups=6.55, bsz=15.9, num_updates=6700, lr=8.05581e-05, gnorm=7.455, clip=100, loss_scale=64, train_wall=11.3, gb_free=76, wall=960
2026-04-16 23:59:26 | INFO | train_inner | epoch 050:    103 / 137 loss=0.057, loss_in_house_lnp_B16F10_luc=0.029, loss_in_house_lnp_DC24_luc=0.021, ups=8.74, bsz=16, num_updates=6800, lr=8.01727e-05, gnorm=8.041, clip=100, loss_scale=64, train_wall=11.19, gb_free=76, wall=971
2026-04-16 23:59:30 | INFO | unicore_cli.train | begin validation on "valid" subset
2026-04-16 23:59:30 | INFO | unimol.core.tasks.unicore_task | get EpochBatchIterator for epoch 1
reduce_metrics, task_name:  in_house_lnp_B16F10_luc
reduce_metrics, task_name:  in_house_lnp_DC24_luc
get_valid_stats stats:  OrderedDict([('loss', 0.062), ('loss_in_house_lnp_B16F10_luc', 0.037), ('loss_in_house_lnp_DC24_luc', 0.025), ('in_house_lnp_B16F10_luc_valid_spearmanr_coeff', 0.842), ('in_house_lnp_B16F10_luc_valid_spearmanr_p_val', 0.0), ('in_house_lnp_B16F10_luc_valid_pearsonr_coeff', 0.798), ('in_house_lnp_B16F10_luc_valid_pearsonr_p_val', 0.0), ('in_house_lnp_B16F10_luc_valid_mae', 2.033), ('in_house_lnp_B16F10_luc_valid_mse', 6.245), ('in_house_lnp_B16F10_luc_valid_agg_mae', 2.033), ('in_house_lnp_B16F10_luc_valid_agg_mse', 6.245), ('in_house_lnp_B16F10_luc_valid_contrastive_L', 0.399), ('in_house_lnp_B16F10_luc_valid_agg_rmse', 2.4991), ('in_house_lnp_DC24_luc_valid_spearmanr_coeff', 0.93), ('in_house_lnp_DC24_luc_valid_spearmanr_p_val', 0.0), ('in_house_lnp_DC24_luc_valid_pearsonr_coeff', 0.922), ('in_house_lnp_DC24_luc_valid_pearsonr_p_val', 0.0), ('in_house_lnp_DC24_luc_valid_mae', 3.422), ('in_house_lnp_DC24_luc_valid_mse', 15.687), ('in_house_lnp_DC24_luc_valid_agg_mae', 3.422), ('in_house_lnp_DC24_luc_valid_agg_mse', 15.687), ('in_house_lnp_DC24_luc_valid_contrastive_L', 0.261), ('in_house_lnp_DC24_luc_valid_agg_rmse', 3.9607), ('bsz', 312.0), ('num_updates', 6834)])
2026-04-16 23:59:32 | INFO | valid | epoch 050 | valid on 'valid' subset | loss 0.062 | loss_in_house_lnp_B16F10_luc 0.037 | loss_in_house_lnp_DC24_luc 0.025 | in_house_lnp_B16F10_luc_valid_spearmanr_coeff 0.842 | in_house_lnp_B16F10_luc_valid_spearmanr_p_val 0 | in_house_lnp_B16F10_luc_valid_pearsonr_coeff 0.798 | in_house_lnp_B16F10_luc_valid_pearsonr_p_val 0 | in_house_lnp_B16F10_luc_valid_mae 2.033 | in_house_lnp_B16F10_luc_valid_mse 6.245 | in_house_lnp_B16F10_luc_valid_agg_mae 2.033 | in_house_lnp_B16F10_luc_valid_agg_mse 6.245 | in_house_lnp_B16F10_luc_valid_contrastive_L 0.399 | in_house_lnp_B16F10_luc_valid_agg_rmse 2.4991 | in_house_lnp_DC24_luc_valid_spearmanr_coeff 0.93 | in_house_lnp_DC24_luc_valid_spearmanr_p_val 0 | in_house_lnp_DC24_luc_valid_pearsonr_coeff 0.922 | in_house_lnp_DC24_luc_valid_pearsonr_p_val 0 | in_house_lnp_DC24_luc_valid_mae 3.422 | in_house_lnp_DC24_luc_valid_mse 15.687 | in_house_lnp_DC24_luc_valid_agg_mae 3.422 | in_house_lnp_DC24_luc_valid_agg_mse 15.687 | in_house_lnp_DC24_luc_valid_contrastive_L 0.261 | in_house_lnp_DC24_luc_valid_agg_rmse 3.9607 | bsz 312 | num_updates 6834
validate stats:  OrderedDict([('loss', 0.062), ('loss_in_house_lnp_B16F10_luc', 0.037), ('loss_in_house_lnp_DC24_luc', 0.025), ('in_house_lnp_B16F10_luc_valid_spearmanr_coeff', 0.842), ('in_house_lnp_B16F10_luc_valid_spearmanr_p_val', 0.0), ('in_house_lnp_B16F10_luc_valid_pearsonr_coeff', 0.798), ('in_house_lnp_B16F10_luc_valid_pearsonr_p_val', 0.0), ('in_house_lnp_B16F10_luc_valid_mae', 2.033), ('in_house_lnp_B16F10_luc_valid_mse', 6.245), ('in_house_lnp_B16F10_luc_valid_agg_mae', 2.033), ('in_house_lnp_B16F10_luc_valid_agg_mse', 6.245), ('in_house_lnp_B16F10_luc_valid_contrastive_L', 0.399), ('in_house_lnp_B16F10_luc_valid_agg_rmse', 2.4991), ('in_house_lnp_DC24_luc_valid_spearmanr_coeff', 0.93), ('in_house_lnp_DC24_luc_valid_spearmanr_p_val', 0.0), ('in_house_lnp_DC24_luc_valid_pearsonr_coeff', 0.922), ('in_house_lnp_DC24_luc_valid_pearsonr_p_val', 0.0), ('in_house_lnp_DC24_luc_valid_mae', 3.422), ('in_house_lnp_DC24_luc_valid_mse', 15.687), ('in_house_lnp_DC24_luc_valid_agg_mae', 3.422), ('in_house_lnp_DC24_luc_valid_agg_mse', 15.687), ('in_house_lnp_DC24_luc_valid_contrastive_L', 0.261), ('in_house_lnp_DC24_luc_valid_agg_rmse', 3.9607), ('bsz', 312.0), ('num_updates', 6834)])
2026-04-16 23:59:32 | INFO | unicore_cli.train | averaging ['in_house_lnp_B16F10_luc_valid_spearmanr_coeff', 'in_house_lnp_DC24_luc_valid_spearmanr_coeff'] for valid_spearmanr_coeff
2026-04-16 23:59:32 | INFO | unimol.core.checkpoint_utils | Preparing to save checkpoint for epoch 50 @ 6834 updates
2026-04-16 23:59:32 | INFO | unimol.core.trainer | Saving checkpoint to ./tmp_save_demo/save_InfoMax_Run/checkpoint50.pt
2026-04-16 23:59:33 | INFO | unimol.core.trainer | Finished saving checkpoint to ./tmp_save_demo/save_InfoMax_Run/checkpoint50.pt
2026-04-16 23:59:33 | INFO | unimol.core.checkpoint_utils | Saved checkpoint ./tmp_save_demo/save_InfoMax_Run/checkpoint50.pt (epoch 50 @ 6834 updates, score 0.886) (writing took 0.9634448639117181 seconds)
2026-04-16 23:59:33 | INFO | unicore_cli.train | end of epoch 50 (average epoch stats below)
2026-04-16 23:59:33 | INFO | unimol.core.checkpoint_utils | copy ./tmp_save_demo/save_InfoMax_Run/checkpoint50.pt to ./save_demo/save_InfoMax_Run/checkpoint50.pt
2026-04-16 23:59:33 | INFO | train | epoch 050 | loss 0.058 | loss_in_house_lnp_B16F10_luc 0.03 | loss_in_house_lnp_DC24_luc 0.021 | ups 7.01 | bsz 15.9 | num_updates 6834 | lr 8.00416e-05 | gnorm 7.521 | clip 99.3 | loss_scale 128 | train_wall 15.29 | epoch_itr_sz 137 | gb_free 76 | wall 978
2026-04-16 23:59:33 | INFO | unimol.core.tasks.unicore_task | get EpochBatchIterator for epoch 51
2026-04-16 23:59:33 | INFO | unimol.core.trainer | begin training epoch 51
2026-04-16 23:59:33 | INFO | unicore_cli.train | Start iterating over samples
2026-04-16 23:59:34 | INFO | unimol.core.checkpoint_utils | copy ./tmp_save_demo/save_InfoMax_Run/checkpoint50.pt to ./save_demo/save_InfoMax_Run/checkpoint_last.pt
2026-04-16 23:59:35 | INFO | unimol.core.checkpoint_utils | removing temp file ./tmp_save_demo/save_InfoMax_Run/checkpoint50.pt ...
2026-04-16 23:59:35 | INFO | unimol.core.checkpoint_utils | removed ./save_demo/save_InfoMax_Run/checkpoint40.pt
2026-04-16 23:59:35 | INFO | unimol.core.checkpoint_utils | finished async ckp saving.
2026-04-16 23:59:42 | INFO | train_inner | epoch 051:     66 / 137 loss=0.058, loss_in_house_lnp_B16F10_luc=0.032, loss_in_house_lnp_DC24_luc=0.02, ups=6.47, bsz=15.8, num_updates=6900, lr=7.97872e-05, gnorm=7.232, clip=99, loss_scale=128, train_wall=11.39, gb_free=76, wall=987
2026-04-16 23:59:50 | INFO | unicore_cli.train | begin validation on "valid" subset
2026-04-16 23:59:50 | INFO | unimol.core.tasks.unicore_task | get EpochBatchIterator for epoch 1
reduce_metrics, task_name:  in_house_lnp_B16F10_luc
reduce_metrics, task_name:  in_house_lnp_DC24_luc
get_valid_stats stats:  OrderedDict([('loss', 0.06), ('loss_in_house_lnp_B16F10_luc', 0.035), ('loss_in_house_lnp_DC24_luc', 0.025), ('in_house_lnp_B16F10_luc_valid_spearmanr_coeff', 0.846), ('in_house_lnp_B16F10_luc_valid_spearmanr_p_val', 0.0), ('in_house_lnp_B16F10_luc_valid_pearsonr_coeff', 0.806), ('in_house_lnp_B16F10_luc_valid_pearsonr_p_val', 0.0), ('in_house_lnp_B16F10_luc_valid_mae', 1.999), ('in_house_lnp_B16F10_luc_valid_mse', 6.102), ('in_house_lnp_B16F10_luc_valid_agg_mae', 1.999), ('in_house_lnp_B16F10_luc_valid_agg_mse', 6.102), ('in_house_lnp_B16F10_luc_valid_contrastive_L', 0.389), ('in_house_lnp_B16F10_luc_valid_agg_rmse', 2.4702), ('in_house_lnp_DC24_luc_valid_spearmanr_coeff', 0.934), ('in_house_lnp_DC24_luc_valid_spearmanr_p_val', 0.0), ('in_house_lnp_DC24_luc_valid_pearsonr_coeff', 0.931), ('in_house_lnp_DC24_luc_valid_pearsonr_p_val', 0.0), ('in_house_lnp_DC24_luc_valid_mae', 3.441), ('in_house_lnp_DC24_luc_valid_mse', 15.904), ('in_house_lnp_DC24_luc_valid_agg_mae', 3.441), ('in_house_lnp_DC24_luc_valid_agg_mse', 15.904), ('in_house_lnp_DC24_luc_valid_contrastive_L', 0.254), ('in_house_lnp_DC24_luc_valid_agg_rmse', 3.988), ('bsz', 312.0), ('num_updates', 6971)])
2026-04-16 23:59:52 | INFO | valid | epoch 051 | valid on 'valid' subset | loss 0.06 | loss_in_house_lnp_B16F10_luc 0.035 | loss_in_house_lnp_DC24_luc 0.025 | in_house_lnp_B16F10_luc_valid_spearmanr_coeff 0.846 | in_house_lnp_B16F10_luc_valid_spearmanr_p_val 0 | in_house_lnp_B16F10_luc_valid_pearsonr_coeff 0.806 | in_house_lnp_B16F10_luc_valid_pearsonr_p_val 0 | in_house_lnp_B16F10_luc_valid_mae 1.999 | in_house_lnp_B16F10_luc_valid_mse 6.102 | in_house_lnp_B16F10_luc_valid_agg_mae 1.999 | in_house_lnp_B16F10_luc_valid_agg_mse 6.102 | in_house_lnp_B16F10_luc_valid_contrastive_L 0.389 | in_house_lnp_B16F10_luc_valid_agg_rmse 2.4702 | in_house_lnp_DC24_luc_valid_spearmanr_coeff 0.934 | in_house_lnp_DC24_luc_valid_spearmanr_p_val 0 | in_house_lnp_DC24_luc_valid_pearsonr_coeff 0.931 | in_house_lnp_DC24_luc_valid_pearsonr_p_val 0 | in_house_lnp_DC24_luc_valid_mae 3.441 | in_house_lnp_DC24_luc_valid_mse 15.904 | in_house_lnp_DC24_luc_valid_agg_mae 3.441 | in_house_lnp_DC24_luc_valid_agg_mse 15.904 | in_house_lnp_DC24_luc_valid_contrastive_L 0.254 | in_house_lnp_DC24_luc_valid_agg_rmse 3.988 | bsz 312 | num_updates 6971
validate stats:  OrderedDict([('loss', 0.06), ('loss_in_house_lnp_B16F10_luc', 0.035), ('loss_in_house_lnp_DC24_luc', 0.025), ('in_house_lnp_B16F10_luc_valid_spearmanr_coeff', 0.846), ('in_house_lnp_B16F10_luc_valid_spearmanr_p_val', 0.0), ('in_house_lnp_B16F10_luc_valid_pearsonr_coeff', 0.806), ('in_house_lnp_B16F10_luc_valid_pearsonr_p_val', 0.0), ('in_house_lnp_B16F10_luc_valid_mae', 1.999), ('in_house_lnp_B16F10_luc_valid_mse', 6.102), ('in_house_lnp_B16F10_luc_valid_agg_mae', 1.999), ('in_house_lnp_B16F10_luc_valid_agg_mse', 6.102), ('in_house_lnp_B16F10_luc_valid_contrastive_L', 0.389), ('in_house_lnp_B16F10_luc_valid_agg_rmse', 2.4702), ('in_house_lnp_DC24_luc_valid_spearmanr_coeff', 0.934), ('in_house_lnp_DC24_luc_valid_spearmanr_p_val', 0.0), ('in_house_lnp_DC24_luc_valid_pearsonr_coeff', 0.931), ('in_house_lnp_DC24_luc_valid_pearsonr_p_val', 0.0), ('in_house_lnp_DC24_luc_valid_mae', 3.441), ('in_house_lnp_DC24_luc_valid_mse', 15.904), ('in_house_lnp_DC24_luc_valid_agg_mae', 3.441), ('in_house_lnp_DC24_luc_valid_agg_mse', 15.904), ('in_house_lnp_DC24_luc_valid_contrastive_L', 0.254), ('in_house_lnp_DC24_luc_valid_agg_rmse', 3.988), ('bsz', 312.0), ('num_updates', 6971)])
2026-04-16 23:59:52 | INFO | unicore_cli.train | averaging ['in_house_lnp_B16F10_luc_valid_spearmanr_coeff', 'in_house_lnp_DC24_luc_valid_spearmanr_coeff'] for valid_spearmanr_coeff
2026-04-16 23:59:52 | INFO | unimol.core.checkpoint_utils | Preparing to save checkpoint for epoch 51 @ 6971 updates
2026-04-16 23:59:52 | INFO | unimol.core.trainer | Saving checkpoint to ./tmp_save_demo/save_InfoMax_Run/checkpoint51.pt
2026-04-16 23:59:53 | INFO | unimol.core.trainer | Finished saving checkpoint to ./tmp_save_demo/save_InfoMax_Run/checkpoint51.pt
2026-04-16 23:59:53 | INFO | unimol.core.checkpoint_utils | Saved checkpoint ./tmp_save_demo/save_InfoMax_Run/checkpoint51.pt (epoch 51 @ 6971 updates, score 0.89) (writing took 0.879843665054068 seconds)
2026-04-16 23:59:53 | INFO | unimol.core.checkpoint_utils | copy ./tmp_save_demo/save_InfoMax_Run/checkpoint51.pt to ./save_demo/save_InfoMax_Run/checkpoint51.pt
2026-04-16 23:59:53 | INFO | unicore_cli.train | end of epoch 51 (average epoch stats below)
2026-04-16 23:59:53 | INFO | train | epoch 051 | loss 0.058 | loss_in_house_lnp_B16F10_luc 0.031 | loss_in_house_lnp_DC24_luc 0.021 | ups 6.94 | bsz 15.9 | num_updates 6971 | lr 7.95136e-05 | gnorm 7.84 | clip 100 | loss_scale 128 | train_wall 15.55 | epoch_itr_sz 137 | gb_free 76 | wall 997
2026-04-16 23:59:53 | INFO | unimol.core.tasks.unicore_task | get EpochBatchIterator for epoch 52
2026-04-16 23:59:53 | INFO | unimol.core.trainer | begin training epoch 52
2026-04-16 23:59:53 | INFO | unicore_cli.train | Start iterating over samples
2026-04-16 23:59:54 | INFO | unimol.core.checkpoint_utils | copy ./tmp_save_demo/save_InfoMax_Run/checkpoint51.pt to ./save_demo/save_InfoMax_Run/checkpoint_last.pt
2026-04-16 23:59:54 | INFO | unimol.core.checkpoint_utils | removing temp file ./tmp_save_demo/save_InfoMax_Run/checkpoint51.pt ...
2026-04-16 23:59:54 | INFO | unimol.core.checkpoint_utils | removed ./save_demo/save_InfoMax_Run/checkpoint41.pt
2026-04-16 23:59:54 | INFO | unimol.core.checkpoint_utils | finished async ckp saving.
2026-04-16 23:59:57 | INFO | train_inner | epoch 052:     29 / 137 loss=0.059, loss_in_house_lnp_B16F10_luc=0.031, loss_in_house_lnp_DC24_luc=0.021, ups=6.56, bsz=16, num_updates=7000, lr=7.94018e-05, gnorm=7.746, clip=100, loss_scale=128, train_wall=11.23, gb_free=76, wall=1002
2026-04-17 00:00:09 | INFO | train_inner | epoch 052:    129 / 137 loss=0.056, loss_in_house_lnp_B16F10_luc=0.03, loss_in_house_lnp_DC24_luc=0.02, ups=8.53, bsz=15.9, num_updates=7100, lr=7.90163e-05, gnorm=7.168, clip=99, loss_scale=256, train_wall=11.44, gb_free=76, wall=1014
2026-04-17 00:00:10 | INFO | unicore_cli.train | begin validation on "valid" subset
2026-04-17 00:00:10 | INFO | unimol.core.tasks.unicore_task | get EpochBatchIterator for epoch 1
reduce_metrics, task_name:  in_house_lnp_B16F10_luc
reduce_metrics, task_name:  in_house_lnp_DC24_luc
get_valid_stats stats:  OrderedDict([('loss', 0.059), ('loss_in_house_lnp_B16F10_luc', 0.035), ('loss_in_house_lnp_DC24_luc', 0.024), ('in_house_lnp_B16F10_luc_valid_spearmanr_coeff', 0.844), ('in_house_lnp_B16F10_luc_valid_spearmanr_p_val', 0.0), ('in_house_lnp_B16F10_luc_valid_pearsonr_coeff', 0.807), ('in_house_lnp_B16F10_luc_valid_pearsonr_p_val', 0.0), ('in_house_lnp_B16F10_luc_valid_mae', 2.13), ('in_house_lnp_B16F10_luc_valid_mse', 6.958), ('in_house_lnp_B16F10_luc_valid_agg_mae', 2.13), ('in_house_lnp_B16F10_luc_valid_agg_mse', 6.958), ('in_house_lnp_B16F10_luc_valid_contrastive_L', 0.391), ('in_house_lnp_B16F10_luc_valid_agg_rmse', 2.6378), ('in_house_lnp_DC24_luc_valid_spearmanr_coeff', 0.94), ('in_house_lnp_DC24_luc_valid_spearmanr_p_val', 0.0), ('in_house_lnp_DC24_luc_valid_pearsonr_coeff', 0.937), ('in_house_lnp_DC24_luc_valid_pearsonr_p_val', 0.0), ('in_house_lnp_DC24_luc_valid_mae', 3.586), ('in_house_lnp_DC24_luc_valid_mse', 17.208), ('in_house_lnp_DC24_luc_valid_agg_mae', 3.586), ('in_house_lnp_DC24_luc_valid_agg_mse', 17.208), ('in_house_lnp_DC24_luc_valid_contrastive_L', 0.244), ('in_house_lnp_DC24_luc_valid_agg_rmse', 4.1482), ('bsz', 312.0), ('num_updates', 7108)])
2026-04-17 00:00:11 | INFO | valid | epoch 052 | valid on 'valid' subset | loss 0.059 | loss_in_house_lnp_B16F10_luc 0.035 | loss_in_house_lnp_DC24_luc 0.024 | in_house_lnp_B16F10_luc_valid_spearmanr_coeff 0.844 | in_house_lnp_B16F10_luc_valid_spearmanr_p_val 0 | in_house_lnp_B16F10_luc_valid_pearsonr_coeff 0.807 | in_house_lnp_B16F10_luc_valid_pearsonr_p_val 0 | in_house_lnp_B16F10_luc_valid_mae 2.13 | in_house_lnp_B16F10_luc_valid_mse 6.958 | in_house_lnp_B16F10_luc_valid_agg_mae 2.13 | in_house_lnp_B16F10_luc_valid_agg_mse 6.958 | in_house_lnp_B16F10_luc_valid_contrastive_L 0.391 | in_house_lnp_B16F10_luc_valid_agg_rmse 2.6378 | in_house_lnp_DC24_luc_valid_spearmanr_coeff 0.94 | in_house_lnp_DC24_luc_valid_spearmanr_p_val 0 | in_house_lnp_DC24_luc_valid_pearsonr_coeff 0.937 | in_house_lnp_DC24_luc_valid_pearsonr_p_val 0 | in_house_lnp_DC24_luc_valid_mae 3.586 | in_house_lnp_DC24_luc_valid_mse 17.208 | in_house_lnp_DC24_luc_valid_agg_mae 3.586 | in_house_lnp_DC24_luc_valid_agg_mse 17.208 | in_house_lnp_DC24_luc_valid_contrastive_L 0.244 | in_house_lnp_DC24_luc_valid_agg_rmse 4.1482 | bsz 312 | num_updates 7108
validate stats:  OrderedDict([('loss', 0.059), ('loss_in_house_lnp_B16F10_luc', 0.035), ('loss_in_house_lnp_DC24_luc', 0.024), ('in_house_lnp_B16F10_luc_valid_spearmanr_coeff', 0.844), ('in_house_lnp_B16F10_luc_valid_spearmanr_p_val', 0.0), ('in_house_lnp_B16F10_luc_valid_pearsonr_coeff', 0.807), ('in_house_lnp_B16F10_luc_valid_pearsonr_p_val', 0.0), ('in_house_lnp_B16F10_luc_valid_mae', 2.13), ('in_house_lnp_B16F10_luc_valid_mse', 6.958), ('in_house_lnp_B16F10_luc_valid_agg_mae', 2.13), ('in_house_lnp_B16F10_luc_valid_agg_mse', 6.958), ('in_house_lnp_B16F10_luc_valid_contrastive_L', 0.391), ('in_house_lnp_B16F10_luc_valid_agg_rmse', 2.6378), ('in_house_lnp_DC24_luc_valid_spearmanr_coeff', 0.94), ('in_house_lnp_DC24_luc_valid_spearmanr_p_val', 0.0), ('in_house_lnp_DC24_luc_valid_pearsonr_coeff', 0.937), ('in_house_lnp_DC24_luc_valid_pearsonr_p_val', 0.0), ('in_house_lnp_DC24_luc_valid_mae', 3.586), ('in_house_lnp_DC24_luc_valid_mse', 17.208), ('in_house_lnp_DC24_luc_valid_agg_mae', 3.586), ('in_house_lnp_DC24_luc_valid_agg_mse', 17.208), ('in_house_lnp_DC24_luc_valid_contrastive_L', 0.244), ('in_house_lnp_DC24_luc_valid_agg_rmse', 4.1482), ('bsz', 312.0), ('num_updates', 7108)])
2026-04-17 00:00:11 | INFO | unicore_cli.train | averaging ['in_house_lnp_B16F10_luc_valid_spearmanr_coeff', 'in_house_lnp_DC24_luc_valid_spearmanr_coeff'] for valid_spearmanr_coeff
2026-04-17 00:00:11 | INFO | unimol.core.checkpoint_utils | Preparing to save checkpoint for epoch 52 @ 7108 updates
2026-04-17 00:00:11 | INFO | unimol.core.trainer | Saving checkpoint to ./tmp_save_demo/save_InfoMax_Run/checkpoint52.pt
2026-04-17 00:00:12 | INFO | unimol.core.trainer | Finished saving checkpoint to ./tmp_save_demo/save_InfoMax_Run/checkpoint52.pt
2026-04-17 00:00:12 | INFO | unimol.core.checkpoint_utils | Saved checkpoint ./tmp_save_demo/save_InfoMax_Run/checkpoint52.pt (epoch 52 @ 7108 updates, score 0.8919999999999999) (writing took 0.9463439449900761 seconds)
2026-04-17 00:00:12 | INFO | unimol.core.checkpoint_utils | copy ./tmp_save_demo/save_InfoMax_Run/checkpoint52.pt to ./save_demo/save_InfoMax_Run/checkpoint52.pt
2026-04-17 00:00:12 | INFO | unicore_cli.train | end of epoch 52 (average epoch stats below)
2026-04-17 00:00:12 | INFO | train | epoch 052 | loss 0.056 | loss_in_house_lnp_B16F10_luc 0.031 | loss_in_house_lnp_DC24_luc 0.02 | ups 6.94 | bsz 15.9 | num_updates 7108 | lr 7.89855e-05 | gnorm 7.393 | clip 99.3 | loss_scale 256 | train_wall 15.66 | epoch_itr_sz 137 | gb_free 76 | wall 1017
2026-04-17 00:00:12 | INFO | unimol.core.tasks.unicore_task | get EpochBatchIterator for epoch 53
2026-04-17 00:00:12 | INFO | unimol.core.trainer | begin training epoch 53
2026-04-17 00:00:12 | INFO | unicore_cli.train | Start iterating over samples
2026-04-17 00:00:14 | INFO | unimol.core.trainer | NOTE: gradient overflow detected, ignoring gradient, setting loss scale to: 128.0
2026-04-17 00:00:14 | INFO | unimol.core.checkpoint_utils | copy ./tmp_save_demo/save_InfoMax_Run/checkpoint52.pt to ./save_demo/save_InfoMax_Run/checkpoint_last.pt
2026-04-17 00:00:14 | INFO | unimol.core.checkpoint_utils | removing temp file ./tmp_save_demo/save_InfoMax_Run/checkpoint52.pt ...
2026-04-17 00:00:14 | INFO | unimol.core.checkpoint_utils | removed ./save_demo/save_InfoMax_Run/checkpoint42.pt
2026-04-17 00:00:14 | INFO | unimol.core.checkpoint_utils | finished async ckp saving.
2026-04-17 00:00:24 | INFO | train_inner | epoch 053:     93 / 137 loss=0.054, loss_in_house_lnp_B16F10_luc=0.029, loss_in_house_lnp_DC24_luc=0.019, ups=6.5, bsz=15.9, num_updates=7200, lr=7.86309e-05, gnorm=7.012, clip=100, loss_scale=128, train_wall=11.29, gb_free=76, wall=1029
2026-04-17 00:00:29 | INFO | unicore_cli.train | begin validation on "valid" subset
2026-04-17 00:00:29 | INFO | unimol.core.tasks.unicore_task | get EpochBatchIterator for epoch 1
reduce_metrics, task_name:  in_house_lnp_B16F10_luc
reduce_metrics, task_name:  in_house_lnp_DC24_luc
get_valid_stats stats:  OrderedDict([('loss', 0.057), ('loss_in_house_lnp_B16F10_luc', 0.034), ('loss_in_house_lnp_DC24_luc', 0.023), ('in_house_lnp_B16F10_luc_valid_spearmanr_coeff', 0.853), ('in_house_lnp_B16F10_luc_valid_spearmanr_p_val', 0.0), ('in_house_lnp_B16F10_luc_valid_pearsonr_coeff', 0.821), ('in_house_lnp_B16F10_luc_valid_pearsonr_p_val', 0.0), ('in_house_lnp_B16F10_luc_valid_mae', 1.965), ('in_house_lnp_B16F10_luc_valid_mse', 5.943), ('in_house_lnp_B16F10_luc_valid_agg_mae', 1.965), ('in_house_lnp_B16F10_luc_valid_agg_mse', 5.943), ('in_house_lnp_B16F10_luc_valid_contrastive_L', 0.376), ('in_house_lnp_B16F10_luc_valid_agg_rmse', 2.4379), ('in_house_lnp_DC24_luc_valid_spearmanr_coeff', 0.942), ('in_house_lnp_DC24_luc_valid_spearmanr_p_val', 0.0), ('in_house_lnp_DC24_luc_valid_pearsonr_coeff', 0.942), ('in_house_lnp_DC24_luc_valid_pearsonr_p_val', 0.0), ('in_house_lnp_DC24_luc_valid_mae', 3.679), ('in_house_lnp_DC24_luc_valid_mse', 17.765), ('in_house_lnp_DC24_luc_valid_agg_mae', 3.679), ('in_house_lnp_DC24_luc_valid_agg_mse', 17.765), ('in_house_lnp_DC24_luc_valid_contrastive_L', 0.235), ('in_house_lnp_DC24_luc_valid_agg_rmse', 4.2149), ('bsz', 312.0), ('num_updates', 7244)])
2026-04-17 00:00:31 | INFO | valid | epoch 053 | valid on 'valid' subset | loss 0.057 | loss_in_house_lnp_B16F10_luc 0.034 | loss_in_house_lnp_DC24_luc 0.023 | in_house_lnp_B16F10_luc_valid_spearmanr_coeff 0.853 | in_house_lnp_B16F10_luc_valid_spearmanr_p_val 0 | in_house_lnp_B16F10_luc_valid_pearsonr_coeff 0.821 | in_house_lnp_B16F10_luc_valid_pearsonr_p_val 0 | in_house_lnp_B16F10_luc_valid_mae 1.965 | in_house_lnp_B16F10_luc_valid_mse 5.943 | in_house_lnp_B16F10_luc_valid_agg_mae 1.965 | in_house_lnp_B16F10_luc_valid_agg_mse 5.943 | in_house_lnp_B16F10_luc_valid_contrastive_L 0.376 | in_house_lnp_B16F10_luc_valid_agg_rmse 2.4379 | in_house_lnp_DC24_luc_valid_spearmanr_coeff 0.942 | in_house_lnp_DC24_luc_valid_spearmanr_p_val 0 | in_house_lnp_DC24_luc_valid_pearsonr_coeff 0.942 | in_house_lnp_DC24_luc_valid_pearsonr_p_val 0 | in_house_lnp_DC24_luc_valid_mae 3.679 | in_house_lnp_DC24_luc_valid_mse 17.765 | in_house_lnp_DC24_luc_valid_agg_mae 3.679 | in_house_lnp_DC24_luc_valid_agg_mse 17.765 | in_house_lnp_DC24_luc_valid_contrastive_L 0.235 | in_house_lnp_DC24_luc_valid_agg_rmse 4.2149 | bsz 312 | num_updates 7244
validate stats:  OrderedDict([('loss', 0.057), ('loss_in_house_lnp_B16F10_luc', 0.034), ('loss_in_house_lnp_DC24_luc', 0.023), ('in_house_lnp_B16F10_luc_valid_spearmanr_coeff', 0.853), ('in_house_lnp_B16F10_luc_valid_spearmanr_p_val', 0.0), ('in_house_lnp_B16F10_luc_valid_pearsonr_coeff', 0.821), ('in_house_lnp_B16F10_luc_valid_pearsonr_p_val', 0.0), ('in_house_lnp_B16F10_luc_valid_mae', 1.965), ('in_house_lnp_B16F10_luc_valid_mse', 5.943), ('in_house_lnp_B16F10_luc_valid_agg_mae', 1.965), ('in_house_lnp_B16F10_luc_valid_agg_mse', 5.943), ('in_house_lnp_B16F10_luc_valid_contrastive_L', 0.376), ('in_house_lnp_B16F10_luc_valid_agg_rmse', 2.4379), ('in_house_lnp_DC24_luc_valid_spearmanr_coeff', 0.942), ('in_house_lnp_DC24_luc_valid_spearmanr_p_val', 0.0), ('in_house_lnp_DC24_luc_valid_pearsonr_coeff', 0.942), ('in_house_lnp_DC24_luc_valid_pearsonr_p_val', 0.0), ('in_house_lnp_DC24_luc_valid_mae', 3.679), ('in_house_lnp_DC24_luc_valid_mse', 17.765), ('in_house_lnp_DC24_luc_valid_agg_mae', 3.679), ('in_house_lnp_DC24_luc_valid_agg_mse', 17.765), ('in_house_lnp_DC24_luc_valid_contrastive_L', 0.235), ('in_house_lnp_DC24_luc_valid_agg_rmse', 4.2149), ('bsz', 312.0), ('num_updates', 7244)])
2026-04-17 00:00:31 | INFO | unicore_cli.train | averaging ['in_house_lnp_B16F10_luc_valid_spearmanr_coeff', 'in_house_lnp_DC24_luc_valid_spearmanr_coeff'] for valid_spearmanr_coeff
2026-04-17 00:00:31 | INFO | unimol.core.checkpoint_utils | Preparing to save checkpoint for epoch 53 @ 7244 updates
2026-04-17 00:00:31 | INFO | unimol.core.trainer | Saving checkpoint to ./tmp_save_demo/save_InfoMax_Run/checkpoint53.pt
2026-04-17 00:00:32 | INFO | unimol.core.trainer | Finished saving checkpoint to ./tmp_save_demo/save_InfoMax_Run/checkpoint53.pt
2026-04-17 00:00:32 | INFO | unimol.core.checkpoint_utils | Saved checkpoint ./tmp_save_demo/save_InfoMax_Run/checkpoint53.pt (epoch 53 @ 7244 updates, score 0.8975) (writing took 0.92335075000301 seconds)
2026-04-17 00:00:32 | INFO | unimol.core.checkpoint_utils | copy ./tmp_save_demo/save_InfoMax_Run/checkpoint53.pt to ./save_demo/save_InfoMax_Run/checkpoint53.pt
2026-04-17 00:00:32 | INFO | unicore_cli.train | end of epoch 53 (average epoch stats below)
2026-04-17 00:00:32 | INFO | train | epoch 053 | loss 0.057 | loss_in_house_lnp_B16F10_luc 0.031 | loss_in_house_lnp_DC24_luc 0.02 | ups 6.98 | bsz 15.9 | num_updates 7244 | lr 7.84613e-05 | gnorm 7.242 | clip 100 | loss_scale 128 | train_wall 15.44 | epoch_itr_sz 137 | gb_free 76.1 | wall 1037
2026-04-17 00:00:32 | INFO | unimol.core.tasks.unicore_task | get EpochBatchIterator for epoch 54
2026-04-17 00:00:32 | INFO | unimol.core.trainer | begin training epoch 54
2026-04-17 00:00:32 | INFO | unicore_cli.train | Start iterating over samples
2026-04-17 00:00:33 | INFO | unimol.core.checkpoint_utils | copy ./tmp_save_demo/save_InfoMax_Run/checkpoint53.pt to ./save_demo/save_InfoMax_Run/checkpoint_best.pt
2026-04-17 00:00:34 | INFO | unimol.core.checkpoint_utils | copy ./tmp_save_demo/save_InfoMax_Run/checkpoint53.pt to ./save_demo/save_InfoMax_Run/checkpoint_last.pt
2026-04-17 00:00:35 | INFO | unimol.core.checkpoint_utils | removing temp file ./tmp_save_demo/save_InfoMax_Run/checkpoint53.pt ...
2026-04-17 00:00:35 | INFO | unimol.core.checkpoint_utils | removed ./save_demo/save_InfoMax_Run/checkpoint43.pt
2026-04-17 00:00:35 | INFO | unimol.core.checkpoint_utils | finished async ckp saving.
2026-04-17 00:00:40 | INFO | train_inner | epoch 054:     56 / 137 loss=0.059, loss_in_house_lnp_B16F10_luc=0.032, loss_in_house_lnp_DC24_luc=0.021, ups=6.48, bsz=15.9, num_updates=7300, lr=7.82455e-05, gnorm=8.217, clip=99, loss_scale=128, train_wall=11.68, gb_free=76, wall=1045
2026-04-17 00:00:49 | INFO | unicore_cli.train | begin validation on "valid" subset
2026-04-17 00:00:49 | INFO | unimol.core.tasks.unicore_task | get EpochBatchIterator for epoch 1
reduce_metrics, task_name:  in_house_lnp_B16F10_luc
reduce_metrics, task_name:  in_house_lnp_DC24_luc
get_valid_stats stats:  OrderedDict([('loss', 0.059), ('loss_in_house_lnp_B16F10_luc', 0.034), ('loss_in_house_lnp_DC24_luc', 0.025), ('in_house_lnp_B16F10_luc_valid_spearmanr_coeff', 0.855), ('in_house_lnp_B16F10_luc_valid_spearmanr_p_val', 0.0), ('in_house_lnp_B16F10_luc_valid_pearsonr_coeff', 0.813), ('in_house_lnp_B16F10_luc_valid_pearsonr_p_val', 0.0), ('in_house_lnp_B16F10_luc_valid_mae', 2.038), ('in_house_lnp_B16F10_luc_valid_mse', 6.377), ('in_house_lnp_B16F10_luc_valid_agg_mae', 2.038), ('in_house_lnp_B16F10_luc_valid_agg_mse', 6.377), ('in_house_lnp_B16F10_luc_valid_contrastive_L', 0.379), ('in_house_lnp_B16F10_luc_valid_agg_rmse', 2.5253), ('in_house_lnp_DC24_luc_valid_spearmanr_coeff', 0.936), ('in_house_lnp_DC24_luc_valid_spearmanr_p_val', 0.0), ('in_house_lnp_DC24_luc_valid_pearsonr_coeff', 0.92), ('in_house_lnp_DC24_luc_valid_pearsonr_p_val', 0.0), ('in_house_lnp_DC24_luc_valid_mae', 3.472), ('in_house_lnp_DC24_luc_valid_mse', 16.352), ('in_house_lnp_DC24_luc_valid_agg_mae', 3.472), ('in_house_lnp_DC24_luc_valid_agg_mse', 16.352), ('in_house_lnp_DC24_luc_valid_contrastive_L', 0.255), ('in_house_lnp_DC24_luc_valid_agg_rmse', 4.0438), ('bsz', 312.0), ('num_updates', 7381)])
2026-04-17 00:00:51 | INFO | valid | epoch 054 | valid on 'valid' subset | loss 0.059 | loss_in_house_lnp_B16F10_luc 0.034 | loss_in_house_lnp_DC24_luc 0.025 | in_house_lnp_B16F10_luc_valid_spearmanr_coeff 0.855 | in_house_lnp_B16F10_luc_valid_spearmanr_p_val 0 | in_house_lnp_B16F10_luc_valid_pearsonr_coeff 0.813 | in_house_lnp_B16F10_luc_valid_pearsonr_p_val 0 | in_house_lnp_B16F10_luc_valid_mae 2.038 | in_house_lnp_B16F10_luc_valid_mse 6.377 | in_house_lnp_B16F10_luc_valid_agg_mae 2.038 | in_house_lnp_B16F10_luc_valid_agg_mse 6.377 | in_house_lnp_B16F10_luc_valid_contrastive_L 0.379 | in_house_lnp_B16F10_luc_valid_agg_rmse 2.5253 | in_house_lnp_DC24_luc_valid_spearmanr_coeff 0.936 | in_house_lnp_DC24_luc_valid_spearmanr_p_val 0 | in_house_lnp_DC24_luc_valid_pearsonr_coeff 0.92 | in_house_lnp_DC24_luc_valid_pearsonr_p_val 0 | in_house_lnp_DC24_luc_valid_mae 3.472 | in_house_lnp_DC24_luc_valid_mse 16.352 | in_house_lnp_DC24_luc_valid_agg_mae 3.472 | in_house_lnp_DC24_luc_valid_agg_mse 16.352 | in_house_lnp_DC24_luc_valid_contrastive_L 0.255 | in_house_lnp_DC24_luc_valid_agg_rmse 4.0438 | bsz 312 | num_updates 7381
validate stats:  OrderedDict([('loss', 0.059), ('loss_in_house_lnp_B16F10_luc', 0.034), ('loss_in_house_lnp_DC24_luc', 0.025), ('in_house_lnp_B16F10_luc_valid_spearmanr_coeff', 0.855), ('in_house_lnp_B16F10_luc_valid_spearmanr_p_val', 0.0), ('in_house_lnp_B16F10_luc_valid_pearsonr_coeff', 0.813), ('in_house_lnp_B16F10_luc_valid_pearsonr_p_val', 0.0), ('in_house_lnp_B16F10_luc_valid_mae', 2.038), ('in_house_lnp_B16F10_luc_valid_mse', 6.377), ('in_house_lnp_B16F10_luc_valid_agg_mae', 2.038), ('in_house_lnp_B16F10_luc_valid_agg_mse', 6.377), ('in_house_lnp_B16F10_luc_valid_contrastive_L', 0.379), ('in_house_lnp_B16F10_luc_valid_agg_rmse', 2.5253), ('in_house_lnp_DC24_luc_valid_spearmanr_coeff', 0.936), ('in_house_lnp_DC24_luc_valid_spearmanr_p_val', 0.0), ('in_house_lnp_DC24_luc_valid_pearsonr_coeff', 0.92), ('in_house_lnp_DC24_luc_valid_pearsonr_p_val', 0.0), ('in_house_lnp_DC24_luc_valid_mae', 3.472), ('in_house_lnp_DC24_luc_valid_mse', 16.352), ('in_house_lnp_DC24_luc_valid_agg_mae', 3.472), ('in_house_lnp_DC24_luc_valid_agg_mse', 16.352), ('in_house_lnp_DC24_luc_valid_contrastive_L', 0.255), ('in_house_lnp_DC24_luc_valid_agg_rmse', 4.0438), ('bsz', 312.0), ('num_updates', 7381)])
2026-04-17 00:00:51 | INFO | unicore_cli.train | averaging ['in_house_lnp_B16F10_luc_valid_spearmanr_coeff', 'in_house_lnp_DC24_luc_valid_spearmanr_coeff'] for valid_spearmanr_coeff
2026-04-17 00:00:51 | INFO | unimol.core.checkpoint_utils | Preparing to save checkpoint for epoch 54 @ 7381 updates
2026-04-17 00:00:51 | INFO | unimol.core.trainer | Saving checkpoint to ./tmp_save_demo/save_InfoMax_Run/checkpoint54.pt
2026-04-17 00:00:52 | INFO | unimol.core.trainer | Finished saving checkpoint to ./tmp_save_demo/save_InfoMax_Run/checkpoint54.pt
2026-04-17 00:00:52 | INFO | unimol.core.checkpoint_utils | Saved checkpoint ./tmp_save_demo/save_InfoMax_Run/checkpoint54.pt (epoch 54 @ 7381 updates, score 0.8955) (writing took 0.8985932810464874 seconds)
2026-04-17 00:00:52 | INFO | unicore_cli.train | end of epoch 54 (average epoch stats below)
2026-04-17 00:00:52 | INFO | unimol.core.checkpoint_utils | copy ./tmp_save_demo/save_InfoMax_Run/checkpoint54.pt to ./save_demo/save_InfoMax_Run/checkpoint54.pt
2026-04-17 00:00:52 | INFO | train | epoch 054 | loss 0.055 | loss_in_house_lnp_B16F10_luc 0.03 | loss_in_house_lnp_DC24_luc 0.02 | ups 6.93 | bsz 15.9 | num_updates 7381 | lr 7.79332e-05 | gnorm 7.408 | clip 99.3 | loss_scale 256 | train_wall 15.92 | epoch_itr_sz 137 | gb_free 76 | wall 1056
2026-04-17 00:00:52 | INFO | unimol.core.tasks.unicore_task | get EpochBatchIterator for epoch 55
2026-04-17 00:00:52 | INFO | unimol.core.trainer | begin training epoch 55
2026-04-17 00:00:52 | INFO | unicore_cli.train | Start iterating over samples
2026-04-17 00:00:53 | INFO | unimol.core.checkpoint_utils | copy ./tmp_save_demo/save_InfoMax_Run/checkpoint54.pt to ./save_demo/save_InfoMax_Run/checkpoint_last.pt
2026-04-17 00:00:54 | INFO | unimol.core.checkpoint_utils | removing temp file ./tmp_save_demo/save_InfoMax_Run/checkpoint54.pt ...
2026-04-17 00:00:54 | INFO | unimol.core.checkpoint_utils | removed ./save_demo/save_InfoMax_Run/checkpoint44.pt
2026-04-17 00:00:54 | INFO | unimol.core.checkpoint_utils | finished async ckp saving.
2026-04-17 00:00:55 | INFO | unimol.core.trainer | NOTE: gradient overflow detected, ignoring gradient, setting loss scale to: 128.0
2026-04-17 00:00:55 | INFO | train_inner | epoch 055:     20 / 137 loss=0.054, loss_in_house_lnp_B16F10_luc=0.029, loss_in_house_lnp_DC24_luc=0.019, ups=6.45, bsz=16, num_updates=7400, lr=7.786e-05, gnorm=6.894, clip=100, loss_scale=128, train_wall=11.71, gb_free=76, wall=1060
2026-04-17 00:01:07 | INFO | train_inner | epoch 055:    120 / 137 loss=0.058, loss_in_house_lnp_B16F10_luc=0.032, loss_in_house_lnp_DC24_luc=0.02, ups=8.39, bsz=15.9, num_updates=7500, lr=7.74746e-05, gnorm=7.245, clip=100, loss_scale=128, train_wall=11.61, gb_free=76.1, wall=1072
2026-04-17 00:01:09 | INFO | unicore_cli.train | begin validation on "valid" subset
2026-04-17 00:01:09 | INFO | unimol.core.tasks.unicore_task | get EpochBatchIterator for epoch 1
reduce_metrics, task_name:  in_house_lnp_B16F10_luc
reduce_metrics, task_name:  in_house_lnp_DC24_luc
get_valid_stats stats:  OrderedDict([('loss', 0.06), ('loss_in_house_lnp_B16F10_luc', 0.035), ('loss_in_house_lnp_DC24_luc', 0.026), ('in_house_lnp_B16F10_luc_valid_spearmanr_coeff', 0.852), ('in_house_lnp_B16F10_luc_valid_spearmanr_p_val', 0.0), ('in_house_lnp_B16F10_luc_valid_pearsonr_coeff', 0.821), ('in_house_lnp_B16F10_luc_valid_pearsonr_p_val', 0.0), ('in_house_lnp_B16F10_luc_valid_mae', 2.298), ('in_house_lnp_B16F10_luc_valid_mse', 7.752), ('in_house_lnp_B16F10_luc_valid_agg_mae', 2.298), ('in_house_lnp_B16F10_luc_valid_agg_mse', 7.752), ('in_house_lnp_B16F10_luc_valid_contrastive_L', 0.39), ('in_house_lnp_B16F10_luc_valid_agg_rmse', 2.7842), ('in_house_lnp_DC24_luc_valid_spearmanr_coeff', 0.931), ('in_house_lnp_DC24_luc_valid_spearmanr_p_val', 0.0), ('in_house_lnp_DC24_luc_valid_pearsonr_coeff', 0.931), ('in_house_lnp_DC24_luc_valid_pearsonr_p_val', 0.0), ('in_house_lnp_DC24_luc_valid_mae', 3.578), ('in_house_lnp_DC24_luc_valid_mse', 17.351), ('in_house_lnp_DC24_luc_valid_agg_mae', 3.578), ('in_house_lnp_DC24_luc_valid_agg_mse', 17.351), ('in_house_lnp_DC24_luc_valid_contrastive_L', 0.26), ('in_house_lnp_DC24_luc_valid_agg_rmse', 4.1655), ('bsz', 312.0), ('num_updates', 7517)])
2026-04-17 00:01:11 | INFO | valid | epoch 055 | valid on 'valid' subset | loss 0.06 | loss_in_house_lnp_B16F10_luc 0.035 | loss_in_house_lnp_DC24_luc 0.026 | in_house_lnp_B16F10_luc_valid_spearmanr_coeff 0.852 | in_house_lnp_B16F10_luc_valid_spearmanr_p_val 0 | in_house_lnp_B16F10_luc_valid_pearsonr_coeff 0.821 | in_house_lnp_B16F10_luc_valid_pearsonr_p_val 0 | in_house_lnp_B16F10_luc_valid_mae 2.298 | in_house_lnp_B16F10_luc_valid_mse 7.752 | in_house_lnp_B16F10_luc_valid_agg_mae 2.298 | in_house_lnp_B16F10_luc_valid_agg_mse 7.752 | in_house_lnp_B16F10_luc_valid_contrastive_L 0.39 | in_house_lnp_B16F10_luc_valid_agg_rmse 2.7842 | in_house_lnp_DC24_luc_valid_spearmanr_coeff 0.931 | in_house_lnp_DC24_luc_valid_spearmanr_p_val 0 | in_house_lnp_DC24_luc_valid_pearsonr_coeff 0.931 | in_house_lnp_DC24_luc_valid_pearsonr_p_val 0 | in_house_lnp_DC24_luc_valid_mae 3.578 | in_house_lnp_DC24_luc_valid_mse 17.351 | in_house_lnp_DC24_luc_valid_agg_mae 3.578 | in_house_lnp_DC24_luc_valid_agg_mse 17.351 | in_house_lnp_DC24_luc_valid_contrastive_L 0.26 | in_house_lnp_DC24_luc_valid_agg_rmse 4.1655 | bsz 312 | num_updates 7517
validate stats:  OrderedDict([('loss', 0.06), ('loss_in_house_lnp_B16F10_luc', 0.035), ('loss_in_house_lnp_DC24_luc', 0.026), ('in_house_lnp_B16F10_luc_valid_spearmanr_coeff', 0.852), ('in_house_lnp_B16F10_luc_valid_spearmanr_p_val', 0.0), ('in_house_lnp_B16F10_luc_valid_pearsonr_coeff', 0.821), ('in_house_lnp_B16F10_luc_valid_pearsonr_p_val', 0.0), ('in_house_lnp_B16F10_luc_valid_mae', 2.298), ('in_house_lnp_B16F10_luc_valid_mse', 7.752), ('in_house_lnp_B16F10_luc_valid_agg_mae', 2.298), ('in_house_lnp_B16F10_luc_valid_agg_mse', 7.752), ('in_house_lnp_B16F10_luc_valid_contrastive_L', 0.39), ('in_house_lnp_B16F10_luc_valid_agg_rmse', 2.7842), ('in_house_lnp_DC24_luc_valid_spearmanr_coeff', 0.931), ('in_house_lnp_DC24_luc_valid_spearmanr_p_val', 0.0), ('in_house_lnp_DC24_luc_valid_pearsonr_coeff', 0.931), ('in_house_lnp_DC24_luc_valid_pearsonr_p_val', 0.0), ('in_house_lnp_DC24_luc_valid_mae', 3.578), ('in_house_lnp_DC24_luc_valid_mse', 17.351), ('in_house_lnp_DC24_luc_valid_agg_mae', 3.578), ('in_house_lnp_DC24_luc_valid_agg_mse', 17.351), ('in_house_lnp_DC24_luc_valid_contrastive_L', 0.26), ('in_house_lnp_DC24_luc_valid_agg_rmse', 4.1655), ('bsz', 312.0), ('num_updates', 7517)])
2026-04-17 00:01:11 | INFO | unicore_cli.train | averaging ['in_house_lnp_B16F10_luc_valid_spearmanr_coeff', 'in_house_lnp_DC24_luc_valid_spearmanr_coeff'] for valid_spearmanr_coeff
2026-04-17 00:01:11 | INFO | unimol.core.checkpoint_utils | Preparing to save checkpoint for epoch 55 @ 7517 updates
2026-04-17 00:01:11 | INFO | unimol.core.trainer | Saving checkpoint to ./tmp_save_demo/save_InfoMax_Run/checkpoint55.pt
2026-04-17 00:01:12 | INFO | unimol.core.trainer | Finished saving checkpoint to ./tmp_save_demo/save_InfoMax_Run/checkpoint55.pt
2026-04-17 00:01:12 | INFO | unimol.core.checkpoint_utils | Saved checkpoint ./tmp_save_demo/save_InfoMax_Run/checkpoint55.pt (epoch 55 @ 7517 updates, score 0.8915) (writing took 0.9504982649814337 seconds)
2026-04-17 00:01:12 | INFO | unimol.core.checkpoint_utils | copy ./tmp_save_demo/save_InfoMax_Run/checkpoint55.pt to ./save_demo/save_InfoMax_Run/checkpoint55.pt
2026-04-17 00:01:12 | INFO | unicore_cli.train | end of epoch 55 (average epoch stats below)
2026-04-17 00:01:12 | INFO | train | epoch 055 | loss 0.056 | loss_in_house_lnp_B16F10_luc 0.03 | loss_in_house_lnp_DC24_luc 0.02 | ups 6.74 | bsz 15.9 | num_updates 7517 | lr 7.7409e-05 | gnorm 6.789 | clip 100 | loss_scale 128 | train_wall 16.01 | epoch_itr_sz 137 | gb_free 76 | wall 1077
2026-04-17 00:01:12 | INFO | unimol.core.tasks.unicore_task | get EpochBatchIterator for epoch 56
2026-04-17 00:01:12 | INFO | unimol.core.trainer | begin training epoch 56
2026-04-17 00:01:12 | INFO | unicore_cli.train | Start iterating over samples
2026-04-17 00:01:13 | INFO | unimol.core.checkpoint_utils | copy ./tmp_save_demo/save_InfoMax_Run/checkpoint55.pt to ./save_demo/save_InfoMax_Run/checkpoint_last.pt
2026-04-17 00:01:14 | INFO | unimol.core.checkpoint_utils | removing temp file ./tmp_save_demo/save_InfoMax_Run/checkpoint55.pt ...
2026-04-17 00:01:14 | INFO | unimol.core.checkpoint_utils | removed ./save_demo/save_InfoMax_Run/checkpoint45.pt
2026-04-17 00:01:14 | INFO | unimol.core.checkpoint_utils | finished async ckp saving.
2026-04-17 00:01:23 | INFO | train_inner | epoch 056:     83 / 137 loss=0.052, loss_in_house_lnp_B16F10_luc=0.027, loss_in_house_lnp_DC24_luc=0.019, ups=6.34, bsz=16, num_updates=7600, lr=7.70891e-05, gnorm=6.679, clip=99, loss_scale=128, train_wall=11.73, gb_free=76.1, wall=1088
2026-04-17 00:01:29 | INFO | unicore_cli.train | begin validation on "valid" subset
2026-04-17 00:01:29 | INFO | unimol.core.tasks.unicore_task | get EpochBatchIterator for epoch 1
reduce_metrics, task_name:  in_house_lnp_B16F10_luc
reduce_metrics, task_name:  in_house_lnp_DC24_luc
get_valid_stats stats:  OrderedDict([('loss', 0.059), ('loss_in_house_lnp_B16F10_luc', 0.033), ('loss_in_house_lnp_DC24_luc', 0.026), ('in_house_lnp_B16F10_luc_valid_spearmanr_coeff', 0.858), ('in_house_lnp_B16F10_luc_valid_spearmanr_p_val', 0.0), ('in_house_lnp_B16F10_luc_valid_pearsonr_coeff', 0.819), ('in_house_lnp_B16F10_luc_valid_pearsonr_p_val', 0.0), ('in_house_lnp_B16F10_luc_valid_mae', 2.112), ('in_house_lnp_B16F10_luc_valid_mse', 7.144), ('in_house_lnp_B16F10_luc_valid_agg_mae', 2.112), ('in_house_lnp_B16F10_luc_valid_agg_mse', 7.144), ('in_house_lnp_B16F10_luc_valid_contrastive_L', 0.379), ('in_house_lnp_B16F10_luc_valid_agg_rmse', 2.6728), ('in_house_lnp_DC24_luc_valid_spearmanr_coeff', 0.935), ('in_house_lnp_DC24_luc_valid_spearmanr_p_val', 0.0), ('in_house_lnp_DC24_luc_valid_pearsonr_coeff', 0.937), ('in_house_lnp_DC24_luc_valid_pearsonr_p_val', 0.0), ('in_house_lnp_DC24_luc_valid_mae', 3.669), ('in_house_lnp_DC24_luc_valid_mse', 17.521), ('in_house_lnp_DC24_luc_valid_agg_mae', 3.669), ('in_house_lnp_DC24_luc_valid_agg_mse', 17.521), ('in_house_lnp_DC24_luc_valid_contrastive_L', 0.258), ('in_house_lnp_DC24_luc_valid_agg_rmse', 4.1858), ('bsz', 312.0), ('num_updates', 7654)])
2026-04-17 00:01:31 | INFO | valid | epoch 056 | valid on 'valid' subset | loss 0.059 | loss_in_house_lnp_B16F10_luc 0.033 | loss_in_house_lnp_DC24_luc 0.026 | in_house_lnp_B16F10_luc_valid_spearmanr_coeff 0.858 | in_house_lnp_B16F10_luc_valid_spearmanr_p_val 0 | in_house_lnp_B16F10_luc_valid_pearsonr_coeff 0.819 | in_house_lnp_B16F10_luc_valid_pearsonr_p_val 0 | in_house_lnp_B16F10_luc_valid_mae 2.112 | in_house_lnp_B16F10_luc_valid_mse 7.144 | in_house_lnp_B16F10_luc_valid_agg_mae 2.112 | in_house_lnp_B16F10_luc_valid_agg_mse 7.144 | in_house_lnp_B16F10_luc_valid_contrastive_L 0.379 | in_house_lnp_B16F10_luc_valid_agg_rmse 2.6728 | in_house_lnp_DC24_luc_valid_spearmanr_coeff 0.935 | in_house_lnp_DC24_luc_valid_spearmanr_p_val 0 | in_house_lnp_DC24_luc_valid_pearsonr_coeff 0.937 | in_house_lnp_DC24_luc_valid_pearsonr_p_val 0 | in_house_lnp_DC24_luc_valid_mae 3.669 | in_house_lnp_DC24_luc_valid_mse 17.521 | in_house_lnp_DC24_luc_valid_agg_mae 3.669 | in_house_lnp_DC24_luc_valid_agg_mse 17.521 | in_house_lnp_DC24_luc_valid_contrastive_L 0.258 | in_house_lnp_DC24_luc_valid_agg_rmse 4.1858 | bsz 312 | num_updates 7654
validate stats:  OrderedDict([('loss', 0.059), ('loss_in_house_lnp_B16F10_luc', 0.033), ('loss_in_house_lnp_DC24_luc', 0.026), ('in_house_lnp_B16F10_luc_valid_spearmanr_coeff', 0.858), ('in_house_lnp_B16F10_luc_valid_spearmanr_p_val', 0.0), ('in_house_lnp_B16F10_luc_valid_pearsonr_coeff', 0.819), ('in_house_lnp_B16F10_luc_valid_pearsonr_p_val', 0.0), ('in_house_lnp_B16F10_luc_valid_mae', 2.112), ('in_house_lnp_B16F10_luc_valid_mse', 7.144), ('in_house_lnp_B16F10_luc_valid_agg_mae', 2.112), ('in_house_lnp_B16F10_luc_valid_agg_mse', 7.144), ('in_house_lnp_B16F10_luc_valid_contrastive_L', 0.379), ('in_house_lnp_B16F10_luc_valid_agg_rmse', 2.6728), ('in_house_lnp_DC24_luc_valid_spearmanr_coeff', 0.935), ('in_house_lnp_DC24_luc_valid_spearmanr_p_val', 0.0), ('in_house_lnp_DC24_luc_valid_pearsonr_coeff', 0.937), ('in_house_lnp_DC24_luc_valid_pearsonr_p_val', 0.0), ('in_house_lnp_DC24_luc_valid_mae', 3.669), ('in_house_lnp_DC24_luc_valid_mse', 17.521), ('in_house_lnp_DC24_luc_valid_agg_mae', 3.669), ('in_house_lnp_DC24_luc_valid_agg_mse', 17.521), ('in_house_lnp_DC24_luc_valid_contrastive_L', 0.258), ('in_house_lnp_DC24_luc_valid_agg_rmse', 4.1858), ('bsz', 312.0), ('num_updates', 7654)])
2026-04-17 00:01:31 | INFO | unicore_cli.train | averaging ['in_house_lnp_B16F10_luc_valid_spearmanr_coeff', 'in_house_lnp_DC24_luc_valid_spearmanr_coeff'] for valid_spearmanr_coeff
2026-04-17 00:01:31 | INFO | unimol.core.checkpoint_utils | Preparing to save checkpoint for epoch 56 @ 7654 updates
2026-04-17 00:01:31 | INFO | unimol.core.trainer | Saving checkpoint to ./tmp_save_demo/save_InfoMax_Run/checkpoint56.pt
2026-04-17 00:01:32 | INFO | unimol.core.trainer | Finished saving checkpoint to ./tmp_save_demo/save_InfoMax_Run/checkpoint56.pt
2026-04-17 00:01:32 | INFO | unimol.core.checkpoint_utils | Saved checkpoint ./tmp_save_demo/save_InfoMax_Run/checkpoint56.pt (epoch 56 @ 7654 updates, score 0.8965000000000001) (writing took 0.9124379480490461 seconds)
2026-04-17 00:01:32 | INFO | unimol.core.checkpoint_utils | copy ./tmp_save_demo/save_InfoMax_Run/checkpoint56.pt to ./save_demo/save_InfoMax_Run/checkpoint56.pt
2026-04-17 00:01:32 | INFO | unicore_cli.train | end of epoch 56 (average epoch stats below)
2026-04-17 00:01:32 | INFO | train | epoch 056 | loss 0.055 | loss_in_house_lnp_B16F10_luc 0.03 | loss_in_house_lnp_DC24_luc 0.02 | ups 6.86 | bsz 15.9 | num_updates 7654 | lr 7.6881e-05 | gnorm 7.452 | clip 99.3 | loss_scale 256 | train_wall 15.89 | epoch_itr_sz 137 | gb_free 76 | wall 1097
2026-04-17 00:01:32 | INFO | unimol.core.tasks.unicore_task | get EpochBatchIterator for epoch 57
2026-04-17 00:01:32 | INFO | unimol.core.trainer | begin training epoch 57
2026-04-17 00:01:32 | INFO | unicore_cli.train | Start iterating over samples
2026-04-17 00:01:33 | INFO | unimol.core.checkpoint_utils | copy ./tmp_save_demo/save_InfoMax_Run/checkpoint56.pt to ./save_demo/save_InfoMax_Run/checkpoint_last.pt
2026-04-17 00:01:34 | INFO | unimol.core.checkpoint_utils | removing temp file ./tmp_save_demo/save_InfoMax_Run/checkpoint56.pt ...
2026-04-17 00:01:34 | INFO | unimol.core.checkpoint_utils | removed ./save_demo/save_InfoMax_Run/checkpoint46.pt
2026-04-17 00:01:34 | INFO | unimol.core.checkpoint_utils | finished async ckp saving.
2026-04-17 00:01:34 | INFO | unimol.core.trainer | NOTE: gradient overflow detected, ignoring gradient, setting loss scale to: 128.0
2026-04-17 00:01:39 | INFO | train_inner | epoch 057:     47 / 137 loss=0.058, loss_in_house_lnp_B16F10_luc=0.031, loss_in_house_lnp_DC24_luc=0.021, ups=6.29, bsz=15.9, num_updates=7700, lr=7.67037e-05, gnorm=8.009, clip=100, loss_scale=128, train_wall=11.82, gb_free=76, wall=1104
2026-04-17 00:01:49 | INFO | unicore_cli.train | begin validation on "valid" subset
2026-04-17 00:01:49 | INFO | unimol.core.tasks.unicore_task | get EpochBatchIterator for epoch 1
reduce_metrics, task_name:  in_house_lnp_B16F10_luc
reduce_metrics, task_name:  in_house_lnp_DC24_luc
get_valid_stats stats:  OrderedDict([('loss', 0.058), ('loss_in_house_lnp_B16F10_luc', 0.034), ('loss_in_house_lnp_DC24_luc', 0.024), ('in_house_lnp_B16F10_luc_valid_spearmanr_coeff', 0.849), ('in_house_lnp_B16F10_luc_valid_spearmanr_p_val', 0.0), ('in_house_lnp_B16F10_luc_valid_pearsonr_coeff', 0.816), ('in_house_lnp_B16F10_luc_valid_pearsonr_p_val', 0.0), ('in_house_lnp_B16F10_luc_valid_mae', 2.063), ('in_house_lnp_B16F10_luc_valid_mse', 6.398), ('in_house_lnp_B16F10_luc_valid_agg_mae', 2.063), ('in_house_lnp_B16F10_luc_valid_agg_mse', 6.398), ('in_house_lnp_B16F10_luc_valid_contrastive_L', 0.385), ('in_house_lnp_B16F10_luc_valid_agg_rmse', 2.5295), ('in_house_lnp_DC24_luc_valid_spearmanr_coeff', 0.94), ('in_house_lnp_DC24_luc_valid_spearmanr_p_val', 0.0), ('in_house_lnp_DC24_luc_valid_pearsonr_coeff', 0.931), ('in_house_lnp_DC24_luc_valid_pearsonr_p_val', 0.0), ('in_house_lnp_DC24_luc_valid_mae', 3.53), ('in_house_lnp_DC24_luc_valid_mse', 16.357), ('in_house_lnp_DC24_luc_valid_agg_mae', 3.53), ('in_house_lnp_DC24_luc_valid_agg_mse', 16.357), ('in_house_lnp_DC24_luc_valid_contrastive_L', 0.245), ('in_house_lnp_DC24_luc_valid_agg_rmse', 4.0444), ('bsz', 312.0), ('num_updates', 7790)])
2026-04-17 00:01:51 | INFO | valid | epoch 057 | valid on 'valid' subset | loss 0.058 | loss_in_house_lnp_B16F10_luc 0.034 | loss_in_house_lnp_DC24_luc 0.024 | in_house_lnp_B16F10_luc_valid_spearmanr_coeff 0.849 | in_house_lnp_B16F10_luc_valid_spearmanr_p_val 0 | in_house_lnp_B16F10_luc_valid_pearsonr_coeff 0.816 | in_house_lnp_B16F10_luc_valid_pearsonr_p_val 0 | in_house_lnp_B16F10_luc_valid_mae 2.063 | in_house_lnp_B16F10_luc_valid_mse 6.398 | in_house_lnp_B16F10_luc_valid_agg_mae 2.063 | in_house_lnp_B16F10_luc_valid_agg_mse 6.398 | in_house_lnp_B16F10_luc_valid_contrastive_L 0.385 | in_house_lnp_B16F10_luc_valid_agg_rmse 2.5295 | in_house_lnp_DC24_luc_valid_spearmanr_coeff 0.94 | in_house_lnp_DC24_luc_valid_spearmanr_p_val 0 | in_house_lnp_DC24_luc_valid_pearsonr_coeff 0.931 | in_house_lnp_DC24_luc_valid_pearsonr_p_val 0 | in_house_lnp_DC24_luc_valid_mae 3.53 | in_house_lnp_DC24_luc_valid_mse 16.357 | in_house_lnp_DC24_luc_valid_agg_mae 3.53 | in_house_lnp_DC24_luc_valid_agg_mse 16.357 | in_house_lnp_DC24_luc_valid_contrastive_L 0.245 | in_house_lnp_DC24_luc_valid_agg_rmse 4.0444 | bsz 312 | num_updates 7790
validate stats:  OrderedDict([('loss', 0.058), ('loss_in_house_lnp_B16F10_luc', 0.034), ('loss_in_house_lnp_DC24_luc', 0.024), ('in_house_lnp_B16F10_luc_valid_spearmanr_coeff', 0.849), ('in_house_lnp_B16F10_luc_valid_spearmanr_p_val', 0.0), ('in_house_lnp_B16F10_luc_valid_pearsonr_coeff', 0.816), ('in_house_lnp_B16F10_luc_valid_pearsonr_p_val', 0.0), ('in_house_lnp_B16F10_luc_valid_mae', 2.063), ('in_house_lnp_B16F10_luc_valid_mse', 6.398), ('in_house_lnp_B16F10_luc_valid_agg_mae', 2.063), ('in_house_lnp_B16F10_luc_valid_agg_mse', 6.398), ('in_house_lnp_B16F10_luc_valid_contrastive_L', 0.385), ('in_house_lnp_B16F10_luc_valid_agg_rmse', 2.5295), ('in_house_lnp_DC24_luc_valid_spearmanr_coeff', 0.94), ('in_house_lnp_DC24_luc_valid_spearmanr_p_val', 0.0), ('in_house_lnp_DC24_luc_valid_pearsonr_coeff', 0.931), ('in_house_lnp_DC24_luc_valid_pearsonr_p_val', 0.0), ('in_house_lnp_DC24_luc_valid_mae', 3.53), ('in_house_lnp_DC24_luc_valid_mse', 16.357), ('in_house_lnp_DC24_luc_valid_agg_mae', 3.53), ('in_house_lnp_DC24_luc_valid_agg_mse', 16.357), ('in_house_lnp_DC24_luc_valid_contrastive_L', 0.245), ('in_house_lnp_DC24_luc_valid_agg_rmse', 4.0444), ('bsz', 312.0), ('num_updates', 7790)])
2026-04-17 00:01:51 | INFO | unicore_cli.train | averaging ['in_house_lnp_B16F10_luc_valid_spearmanr_coeff', 'in_house_lnp_DC24_luc_valid_spearmanr_coeff'] for valid_spearmanr_coeff
2026-04-17 00:01:51 | INFO | unimol.core.checkpoint_utils | Preparing to save checkpoint for epoch 57 @ 7790 updates
2026-04-17 00:01:51 | INFO | unimol.core.trainer | Saving checkpoint to ./tmp_save_demo/save_InfoMax_Run/checkpoint57.pt
2026-04-17 00:01:52 | INFO | unimol.core.trainer | Finished saving checkpoint to ./tmp_save_demo/save_InfoMax_Run/checkpoint57.pt
2026-04-17 00:01:52 | INFO | unimol.core.checkpoint_utils | Saved checkpoint ./tmp_save_demo/save_InfoMax_Run/checkpoint57.pt (epoch 57 @ 7790 updates, score 0.8945) (writing took 0.8611052309861407 seconds)
2026-04-17 00:01:52 | INFO | unicore_cli.train | end of epoch 57 (average epoch stats below)
2026-04-17 00:01:52 | INFO | unimol.core.checkpoint_utils | copy ./tmp_save_demo/save_InfoMax_Run/checkpoint57.pt to ./save_demo/save_InfoMax_Run/checkpoint57.pt
2026-04-17 00:01:52 | INFO | train | epoch 057 | loss 0.055 | loss_in_house_lnp_B16F10_luc 0.03 | loss_in_house_lnp_DC24_luc 0.019 | ups 6.79 | bsz 15.9 | num_updates 7790 | lr 7.63568e-05 | gnorm 7.187 | clip 100 | loss_scale 128 | train_wall 15.91 | epoch_itr_sz 137 | gb_free 76.1 | wall 1117
2026-04-17 00:01:52 | INFO | unimol.core.tasks.unicore_task | get EpochBatchIterator for epoch 58
2026-04-17 00:01:52 | INFO | unimol.core.trainer | begin training epoch 58
2026-04-17 00:01:52 | INFO | unicore_cli.train | Start iterating over samples
2026-04-17 00:01:53 | INFO | unimol.core.checkpoint_utils | copy ./tmp_save_demo/save_InfoMax_Run/checkpoint57.pt to ./save_demo/save_InfoMax_Run/checkpoint_last.pt
2026-04-17 00:01:54 | INFO | unimol.core.checkpoint_utils | removing temp file ./tmp_save_demo/save_InfoMax_Run/checkpoint57.pt ...
2026-04-17 00:01:54 | INFO | unimol.core.checkpoint_utils | removed ./save_demo/save_InfoMax_Run/checkpoint47.pt
2026-04-17 00:01:54 | INFO | unimol.core.checkpoint_utils | finished async ckp saving.
2026-04-17 00:01:54 | INFO | train_inner | epoch 058:     10 / 137 loss=0.055, loss_in_house_lnp_B16F10_luc=0.03, loss_in_house_lnp_DC24_luc=0.019, ups=6.45, bsz=15.9, num_updates=7800, lr=7.63182e-05, gnorm=6.676, clip=100, loss_scale=128, train_wall=11.53, gb_free=76, wall=1119
2026-04-17 00:02:06 | INFO | train_inner | epoch 058:    110 / 137 loss=0.055, loss_in_house_lnp_B16F10_luc=0.03, loss_in_house_lnp_DC24_luc=0.02, ups=8.32, bsz=15.9, num_updates=7900, lr=7.59328e-05, gnorm=7.183, clip=97, loss_scale=128, train_wall=11.71, gb_free=76.1, wall=1131
2026-04-17 00:02:09 | INFO | unicore_cli.train | begin validation on "valid" subset
2026-04-17 00:02:09 | INFO | unimol.core.tasks.unicore_task | get EpochBatchIterator for epoch 1
reduce_metrics, task_name:  in_house_lnp_B16F10_luc
reduce_metrics, task_name:  in_house_lnp_DC24_luc
get_valid_stats stats:  OrderedDict([('loss', 0.057), ('loss_in_house_lnp_B16F10_luc', 0.033), ('loss_in_house_lnp_DC24_luc', 0.023), ('in_house_lnp_B16F10_luc_valid_spearmanr_coeff', 0.858), ('in_house_lnp_B16F10_luc_valid_spearmanr_p_val', 0.0), ('in_house_lnp_B16F10_luc_valid_pearsonr_coeff', 0.826), ('in_house_lnp_B16F10_luc_valid_pearsonr_p_val', 0.0), ('in_house_lnp_B16F10_luc_valid_mae', 2.243), ('in_house_lnp_B16F10_luc_valid_mse', 7.546), ('in_house_lnp_B16F10_luc_valid_agg_mae', 2.243), ('in_house_lnp_B16F10_luc_valid_agg_mse', 7.546), ('in_house_lnp_B16F10_luc_valid_contrastive_L', 0.38), ('in_house_lnp_B16F10_luc_valid_agg_rmse', 2.747), ('in_house_lnp_DC24_luc_valid_spearmanr_coeff', 0.942), ('in_house_lnp_DC24_luc_valid_spearmanr_p_val', 0.0), ('in_house_lnp_DC24_luc_valid_pearsonr_coeff', 0.933), ('in_house_lnp_DC24_luc_valid_pearsonr_p_val', 0.0), ('in_house_lnp_DC24_luc_valid_mae', 3.693), ('in_house_lnp_DC24_luc_valid_mse', 18.368), ('in_house_lnp_DC24_luc_valid_agg_mae', 3.693), ('in_house_lnp_DC24_luc_valid_agg_mse', 18.368), ('in_house_lnp_DC24_luc_valid_contrastive_L', 0.24), ('in_house_lnp_DC24_luc_valid_agg_rmse', 4.2858), ('bsz', 312.0), ('num_updates', 7927)])
2026-04-17 00:02:11 | INFO | valid | epoch 058 | valid on 'valid' subset | loss 0.057 | loss_in_house_lnp_B16F10_luc 0.033 | loss_in_house_lnp_DC24_luc 0.023 | in_house_lnp_B16F10_luc_valid_spearmanr_coeff 0.858 | in_house_lnp_B16F10_luc_valid_spearmanr_p_val 0 | in_house_lnp_B16F10_luc_valid_pearsonr_coeff 0.826 | in_house_lnp_B16F10_luc_valid_pearsonr_p_val 0 | in_house_lnp_B16F10_luc_valid_mae 2.243 | in_house_lnp_B16F10_luc_valid_mse 7.546 | in_house_lnp_B16F10_luc_valid_agg_mae 2.243 | in_house_lnp_B16F10_luc_valid_agg_mse 7.546 | in_house_lnp_B16F10_luc_valid_contrastive_L 0.38 | in_house_lnp_B16F10_luc_valid_agg_rmse 2.747 | in_house_lnp_DC24_luc_valid_spearmanr_coeff 0.942 | in_house_lnp_DC24_luc_valid_spearmanr_p_val 0 | in_house_lnp_DC24_luc_valid_pearsonr_coeff 0.933 | in_house_lnp_DC24_luc_valid_pearsonr_p_val 0 | in_house_lnp_DC24_luc_valid_mae 3.693 | in_house_lnp_DC24_luc_valid_mse 18.368 | in_house_lnp_DC24_luc_valid_agg_mae 3.693 | in_house_lnp_DC24_luc_valid_agg_mse 18.368 | in_house_lnp_DC24_luc_valid_contrastive_L 0.24 | in_house_lnp_DC24_luc_valid_agg_rmse 4.2858 | bsz 312 | num_updates 7927
validate stats:  OrderedDict([('loss', 0.057), ('loss_in_house_lnp_B16F10_luc', 0.033), ('loss_in_house_lnp_DC24_luc', 0.023), ('in_house_lnp_B16F10_luc_valid_spearmanr_coeff', 0.858), ('in_house_lnp_B16F10_luc_valid_spearmanr_p_val', 0.0), ('in_house_lnp_B16F10_luc_valid_pearsonr_coeff', 0.826), ('in_house_lnp_B16F10_luc_valid_pearsonr_p_val', 0.0), ('in_house_lnp_B16F10_luc_valid_mae', 2.243), ('in_house_lnp_B16F10_luc_valid_mse', 7.546), ('in_house_lnp_B16F10_luc_valid_agg_mae', 2.243), ('in_house_lnp_B16F10_luc_valid_agg_mse', 7.546), ('in_house_lnp_B16F10_luc_valid_contrastive_L', 0.38), ('in_house_lnp_B16F10_luc_valid_agg_rmse', 2.747), ('in_house_lnp_DC24_luc_valid_spearmanr_coeff', 0.942), ('in_house_lnp_DC24_luc_valid_spearmanr_p_val', 0.0), ('in_house_lnp_DC24_luc_valid_pearsonr_coeff', 0.933), ('in_house_lnp_DC24_luc_valid_pearsonr_p_val', 0.0), ('in_house_lnp_DC24_luc_valid_mae', 3.693), ('in_house_lnp_DC24_luc_valid_mse', 18.368), ('in_house_lnp_DC24_luc_valid_agg_mae', 3.693), ('in_house_lnp_DC24_luc_valid_agg_mse', 18.368), ('in_house_lnp_DC24_luc_valid_contrastive_L', 0.24), ('in_house_lnp_DC24_luc_valid_agg_rmse', 4.2858), ('bsz', 312.0), ('num_updates', 7927)])
2026-04-17 00:02:11 | INFO | unicore_cli.train | averaging ['in_house_lnp_B16F10_luc_valid_spearmanr_coeff', 'in_house_lnp_DC24_luc_valid_spearmanr_coeff'] for valid_spearmanr_coeff
2026-04-17 00:02:11 | INFO | unimol.core.checkpoint_utils | Preparing to save checkpoint for epoch 58 @ 7927 updates
2026-04-17 00:02:11 | INFO | unimol.core.trainer | Saving checkpoint to ./tmp_save_demo/save_InfoMax_Run/checkpoint58.pt
2026-04-17 00:02:12 | INFO | unimol.core.trainer | Finished saving checkpoint to ./tmp_save_demo/save_InfoMax_Run/checkpoint58.pt
2026-04-17 00:02:12 | INFO | unimol.core.checkpoint_utils | Saved checkpoint ./tmp_save_demo/save_InfoMax_Run/checkpoint58.pt (epoch 58 @ 7927 updates, score 0.8999999999999999) (writing took 0.8984738900326192 seconds)
2026-04-17 00:02:12 | INFO | unicore_cli.train | end of epoch 58 (average epoch stats below)
2026-04-17 00:02:12 | INFO | unimol.core.checkpoint_utils | copy ./tmp_save_demo/save_InfoMax_Run/checkpoint58.pt to ./save_demo/save_InfoMax_Run/checkpoint58.pt
2026-04-17 00:02:12 | INFO | train | epoch 058 | loss 0.054 | loss_in_house_lnp_B16F10_luc 0.029 | loss_in_house_lnp_DC24_luc 0.019 | ups 6.81 | bsz 15.9 | num_updates 7927 | lr 7.58287e-05 | gnorm 7.239 | clip 97.8 | loss_scale 256 | train_wall 16.06 | epoch_itr_sz 137 | gb_free 76 | wall 1137
2026-04-17 00:02:12 | INFO | unimol.core.tasks.unicore_task | get EpochBatchIterator for epoch 59
2026-04-17 00:02:12 | INFO | unimol.core.trainer | begin training epoch 59
2026-04-17 00:02:12 | INFO | unicore_cli.train | Start iterating over samples
2026-04-17 00:02:13 | INFO | unimol.core.checkpoint_utils | copy ./tmp_save_demo/save_InfoMax_Run/checkpoint58.pt to ./save_demo/save_InfoMax_Run/checkpoint_best.pt
2026-04-17 00:02:14 | INFO | unimol.core.checkpoint_utils | copy ./tmp_save_demo/save_InfoMax_Run/checkpoint58.pt to ./save_demo/save_InfoMax_Run/checkpoint_last.pt
2026-04-17 00:02:14 | INFO | unimol.core.checkpoint_utils | removing temp file ./tmp_save_demo/save_InfoMax_Run/checkpoint58.pt ...
2026-04-17 00:02:14 | INFO | unimol.core.checkpoint_utils | removed ./save_demo/save_InfoMax_Run/checkpoint48.pt
2026-04-17 00:02:14 | INFO | unimol.core.checkpoint_utils | finished async ckp saving.
2026-04-17 00:02:18 | INFO | unimol.core.trainer | NOTE: gradient overflow detected, ignoring gradient, setting loss scale to: 128.0
2026-04-17 00:02:22 | INFO | train_inner | epoch 059:     74 / 137 loss=0.053, loss_in_house_lnp_B16F10_luc=0.029, loss_in_house_lnp_DC24_luc=0.019, ups=6.38, bsz=16, num_updates=8000, lr=7.55473e-05, gnorm=6.807, clip=100, loss_scale=128, train_wall=11.83, gb_free=76, wall=1147
2026-04-17 00:02:29 | INFO | unicore_cli.train | begin validation on "valid" subset
2026-04-17 00:02:29 | INFO | unimol.core.tasks.unicore_task | get EpochBatchIterator for epoch 1
reduce_metrics, task_name:  in_house_lnp_B16F10_luc
reduce_metrics, task_name:  in_house_lnp_DC24_luc
get_valid_stats stats:  OrderedDict([('loss', 0.059), ('loss_in_house_lnp_B16F10_luc', 0.036), ('loss_in_house_lnp_DC24_luc', 0.023), ('in_house_lnp_B16F10_luc_valid_spearmanr_coeff', 0.84), ('in_house_lnp_B16F10_luc_valid_spearmanr_p_val', 0.0), ('in_house_lnp_B16F10_luc_valid_pearsonr_coeff', 0.806), ('in_house_lnp_B16F10_luc_valid_pearsonr_p_val', 0.0), ('in_house_lnp_B16F10_luc_valid_mae', 2.209), ('in_house_lnp_B16F10_luc_valid_mse', 7.349), ('in_house_lnp_B16F10_luc_valid_agg_mae', 2.209), ('in_house_lnp_B16F10_luc_valid_agg_mse', 7.349), ('in_house_lnp_B16F10_luc_valid_contrastive_L', 0.401), ('in_house_lnp_B16F10_luc_valid_agg_rmse', 2.7108), ('in_house_lnp_DC24_luc_valid_spearmanr_coeff', 0.943), ('in_house_lnp_DC24_luc_valid_spearmanr_p_val', 0.0), ('in_house_lnp_DC24_luc_valid_pearsonr_coeff', 0.932), ('in_house_lnp_DC24_luc_valid_pearsonr_p_val', 0.0), ('in_house_lnp_DC24_luc_valid_mae', 3.595), ('in_house_lnp_DC24_luc_valid_mse', 17.287), ('in_house_lnp_DC24_luc_valid_agg_mae', 3.595), ('in_house_lnp_DC24_luc_valid_agg_mse', 17.287), ('in_house_lnp_DC24_luc_valid_contrastive_L', 0.237), ('in_house_lnp_DC24_luc_valid_agg_rmse', 4.1577), ('bsz', 312.0), ('num_updates', 8063)])
2026-04-17 00:02:31 | INFO | valid | epoch 059 | valid on 'valid' subset | loss 0.059 | loss_in_house_lnp_B16F10_luc 0.036 | loss_in_house_lnp_DC24_luc 0.023 | in_house_lnp_B16F10_luc_valid_spearmanr_coeff 0.84 | in_house_lnp_B16F10_luc_valid_spearmanr_p_val 0 | in_house_lnp_B16F10_luc_valid_pearsonr_coeff 0.806 | in_house_lnp_B16F10_luc_valid_pearsonr_p_val 0 | in_house_lnp_B16F10_luc_valid_mae 2.209 | in_house_lnp_B16F10_luc_valid_mse 7.349 | in_house_lnp_B16F10_luc_valid_agg_mae 2.209 | in_house_lnp_B16F10_luc_valid_agg_mse 7.349 | in_house_lnp_B16F10_luc_valid_contrastive_L 0.401 | in_house_lnp_B16F10_luc_valid_agg_rmse 2.7108 | in_house_lnp_DC24_luc_valid_spearmanr_coeff 0.943 | in_house_lnp_DC24_luc_valid_spearmanr_p_val 0 | in_house_lnp_DC24_luc_valid_pearsonr_coeff 0.932 | in_house_lnp_DC24_luc_valid_pearsonr_p_val 0 | in_house_lnp_DC24_luc_valid_mae 3.595 | in_house_lnp_DC24_luc_valid_mse 17.287 | in_house_lnp_DC24_luc_valid_agg_mae 3.595 | in_house_lnp_DC24_luc_valid_agg_mse 17.287 | in_house_lnp_DC24_luc_valid_contrastive_L 0.237 | in_house_lnp_DC24_luc_valid_agg_rmse 4.1577 | bsz 312 | num_updates 8063
validate stats:  OrderedDict([('loss', 0.059), ('loss_in_house_lnp_B16F10_luc', 0.036), ('loss_in_house_lnp_DC24_luc', 0.023), ('in_house_lnp_B16F10_luc_valid_spearmanr_coeff', 0.84), ('in_house_lnp_B16F10_luc_valid_spearmanr_p_val', 0.0), ('in_house_lnp_B16F10_luc_valid_pearsonr_coeff', 0.806), ('in_house_lnp_B16F10_luc_valid_pearsonr_p_val', 0.0), ('in_house_lnp_B16F10_luc_valid_mae', 2.209), ('in_house_lnp_B16F10_luc_valid_mse', 7.349), ('in_house_lnp_B16F10_luc_valid_agg_mae', 2.209), ('in_house_lnp_B16F10_luc_valid_agg_mse', 7.349), ('in_house_lnp_B16F10_luc_valid_contrastive_L', 0.401), ('in_house_lnp_B16F10_luc_valid_agg_rmse', 2.7108), ('in_house_lnp_DC24_luc_valid_spearmanr_coeff', 0.943), ('in_house_lnp_DC24_luc_valid_spearmanr_p_val', 0.0), ('in_house_lnp_DC24_luc_valid_pearsonr_coeff', 0.932), ('in_house_lnp_DC24_luc_valid_pearsonr_p_val', 0.0), ('in_house_lnp_DC24_luc_valid_mae', 3.595), ('in_house_lnp_DC24_luc_valid_mse', 17.287), ('in_house_lnp_DC24_luc_valid_agg_mae', 3.595), ('in_house_lnp_DC24_luc_valid_agg_mse', 17.287), ('in_house_lnp_DC24_luc_valid_contrastive_L', 0.237), ('in_house_lnp_DC24_luc_valid_agg_rmse', 4.1577), ('bsz', 312.0), ('num_updates', 8063)])
2026-04-17 00:02:31 | INFO | unicore_cli.train | averaging ['in_house_lnp_B16F10_luc_valid_spearmanr_coeff', 'in_house_lnp_DC24_luc_valid_spearmanr_coeff'] for valid_spearmanr_coeff
2026-04-17 00:02:31 | INFO | unimol.core.checkpoint_utils | Preparing to save checkpoint for epoch 59 @ 8063 updates
2026-04-17 00:02:31 | INFO | unimol.core.trainer | Saving checkpoint to ./tmp_save_demo/save_InfoMax_Run/checkpoint59.pt
2026-04-17 00:02:32 | INFO | unimol.core.trainer | Finished saving checkpoint to ./tmp_save_demo/save_InfoMax_Run/checkpoint59.pt
2026-04-17 00:02:32 | INFO | unimol.core.checkpoint_utils | Saved checkpoint ./tmp_save_demo/save_InfoMax_Run/checkpoint59.pt (epoch 59 @ 8063 updates, score 0.8915) (writing took 0.9078159279888496 seconds)
2026-04-17 00:02:32 | INFO | unimol.core.checkpoint_utils | copy ./tmp_save_demo/save_InfoMax_Run/checkpoint59.pt to ./save_demo/save_InfoMax_Run/checkpoint59.pt
2026-04-17 00:02:32 | INFO | unicore_cli.train | end of epoch 59 (average epoch stats below)
2026-04-17 00:02:32 | INFO | train | epoch 059 | loss 0.056 | loss_in_house_lnp_B16F10_luc 0.03 | loss_in_house_lnp_DC24_luc 0.02 | ups 6.75 | bsz 15.9 | num_updates 8063 | lr 7.53045e-05 | gnorm 6.628 | clip 100 | loss_scale 128 | train_wall 16.04 | epoch_itr_sz 137 | gb_free 76 | wall 1157
2026-04-17 00:02:32 | INFO | unimol.core.tasks.unicore_task | get EpochBatchIterator for epoch 60
2026-04-17 00:02:32 | INFO | unimol.core.trainer | begin training epoch 60
2026-04-17 00:02:32 | INFO | unicore_cli.train | Start iterating over samples
2026-04-17 00:02:34 | INFO | unimol.core.checkpoint_utils | copy ./tmp_save_demo/save_InfoMax_Run/checkpoint59.pt to ./save_demo/save_InfoMax_Run/checkpoint_last.pt
2026-04-17 00:02:34 | INFO | unimol.core.checkpoint_utils | removing temp file ./tmp_save_demo/save_InfoMax_Run/checkpoint59.pt ...
2026-04-17 00:02:34 | INFO | unimol.core.checkpoint_utils | removed ./save_demo/save_InfoMax_Run/checkpoint49.pt
2026-04-17 00:02:34 | INFO | unimol.core.checkpoint_utils | finished async ckp saving.
2026-04-17 00:02:38 | INFO | train_inner | epoch 060:     37 / 137 loss=0.055, loss_in_house_lnp_B16F10_luc=0.03, loss_in_house_lnp_DC24_luc=0.02, ups=6.39, bsz=15.9, num_updates=8100, lr=7.51619e-05, gnorm=6.708, clip=100, loss_scale=128, train_wall=11.66, gb_free=76, wall=1163
2026-04-17 00:02:50 | INFO | train_inner | epoch 060:    137 / 137 loss=0.055, loss_in_house_lnp_B16F10_luc=0.03, loss_in_house_lnp_DC24_luc=0.019, ups=8.44, bsz=15.9, num_updates=8200, lr=7.47764e-05, gnorm=7.851, clip=100, loss_scale=128, train_wall=11.58, gb_free=76, wall=1174
2026-04-17 00:02:50 | INFO | unicore_cli.train | begin validation on "valid" subset
2026-04-17 00:02:50 | INFO | unimol.core.tasks.unicore_task | get EpochBatchIterator for epoch 1
reduce_metrics, task_name:  in_house_lnp_B16F10_luc
reduce_metrics, task_name:  in_house_lnp_DC24_luc
get_valid_stats stats:  OrderedDict([('loss', 0.056), ('loss_in_house_lnp_B16F10_luc', 0.033), ('loss_in_house_lnp_DC24_luc', 0.023), ('in_house_lnp_B16F10_luc_valid_spearmanr_coeff', 0.863), ('in_house_lnp_B16F10_luc_valid_spearmanr_p_val', 0.0), ('in_house_lnp_B16F10_luc_valid_pearsonr_coeff', 0.829), ('in_house_lnp_B16F10_luc_valid_pearsonr_p_val', 0.0), ('in_house_lnp_B16F10_luc_valid_mae', 2.129), ('in_house_lnp_B16F10_luc_valid_mse', 6.955), ('in_house_lnp_B16F10_luc_valid_agg_mae', 2.129), ('in_house_lnp_B16F10_luc_valid_agg_mse', 6.955), ('in_house_lnp_B16F10_luc_valid_contrastive_L', 0.366), ('in_house_lnp_B16F10_luc_valid_agg_rmse', 2.6372), ('in_house_lnp_DC24_luc_valid_spearmanr_coeff', 0.944), ('in_house_lnp_DC24_luc_valid_spearmanr_p_val', 0.0), ('in_house_lnp_DC24_luc_valid_pearsonr_coeff', 0.937), ('in_house_lnp_DC24_luc_valid_pearsonr_p_val', 0.0), ('in_house_lnp_DC24_luc_valid_mae', 3.579), ('in_house_lnp_DC24_luc_valid_mse', 17.194), ('in_house_lnp_DC24_luc_valid_agg_mae', 3.579), ('in_house_lnp_DC24_luc_valid_agg_mse', 17.194), ('in_house_lnp_DC24_luc_valid_contrastive_L', 0.236), ('in_house_lnp_DC24_luc_valid_agg_rmse', 4.1465), ('bsz', 312.0), ('num_updates', 8200)])
2026-04-17 00:02:51 | INFO | valid | epoch 060 | valid on 'valid' subset | loss 0.056 | loss_in_house_lnp_B16F10_luc 0.033 | loss_in_house_lnp_DC24_luc 0.023 | in_house_lnp_B16F10_luc_valid_spearmanr_coeff 0.863 | in_house_lnp_B16F10_luc_valid_spearmanr_p_val 0 | in_house_lnp_B16F10_luc_valid_pearsonr_coeff 0.829 | in_house_lnp_B16F10_luc_valid_pearsonr_p_val 0 | in_house_lnp_B16F10_luc_valid_mae 2.129 | in_house_lnp_B16F10_luc_valid_mse 6.955 | in_house_lnp_B16F10_luc_valid_agg_mae 2.129 | in_house_lnp_B16F10_luc_valid_agg_mse 6.955 | in_house_lnp_B16F10_luc_valid_contrastive_L 0.366 | in_house_lnp_B16F10_luc_valid_agg_rmse 2.6372 | in_house_lnp_DC24_luc_valid_spearmanr_coeff 0.944 | in_house_lnp_DC24_luc_valid_spearmanr_p_val 0 | in_house_lnp_DC24_luc_valid_pearsonr_coeff 0.937 | in_house_lnp_DC24_luc_valid_pearsonr_p_val 0 | in_house_lnp_DC24_luc_valid_mae 3.579 | in_house_lnp_DC24_luc_valid_mse 17.194 | in_house_lnp_DC24_luc_valid_agg_mae 3.579 | in_house_lnp_DC24_luc_valid_agg_mse 17.194 | in_house_lnp_DC24_luc_valid_contrastive_L 0.236 | in_house_lnp_DC24_luc_valid_agg_rmse 4.1465 | bsz 312 | num_updates 8200
validate stats:  OrderedDict([('loss', 0.056), ('loss_in_house_lnp_B16F10_luc', 0.033), ('loss_in_house_lnp_DC24_luc', 0.023), ('in_house_lnp_B16F10_luc_valid_spearmanr_coeff', 0.863), ('in_house_lnp_B16F10_luc_valid_spearmanr_p_val', 0.0), ('in_house_lnp_B16F10_luc_valid_pearsonr_coeff', 0.829), ('in_house_lnp_B16F10_luc_valid_pearsonr_p_val', 0.0), ('in_house_lnp_B16F10_luc_valid_mae', 2.129), ('in_house_lnp_B16F10_luc_valid_mse', 6.955), ('in_house_lnp_B16F10_luc_valid_agg_mae', 2.129), ('in_house_lnp_B16F10_luc_valid_agg_mse', 6.955), ('in_house_lnp_B16F10_luc_valid_contrastive_L', 0.366), ('in_house_lnp_B16F10_luc_valid_agg_rmse', 2.6372), ('in_house_lnp_DC24_luc_valid_spearmanr_coeff', 0.944), ('in_house_lnp_DC24_luc_valid_spearmanr_p_val', 0.0), ('in_house_lnp_DC24_luc_valid_pearsonr_coeff', 0.937), ('in_house_lnp_DC24_luc_valid_pearsonr_p_val', 0.0), ('in_house_lnp_DC24_luc_valid_mae', 3.579), ('in_house_lnp_DC24_luc_valid_mse', 17.194), ('in_house_lnp_DC24_luc_valid_agg_mae', 3.579), ('in_house_lnp_DC24_luc_valid_agg_mse', 17.194), ('in_house_lnp_DC24_luc_valid_contrastive_L', 0.236), ('in_house_lnp_DC24_luc_valid_agg_rmse', 4.1465), ('bsz', 312.0), ('num_updates', 8200)])
2026-04-17 00:02:51 | INFO | unicore_cli.train | averaging ['in_house_lnp_B16F10_luc_valid_spearmanr_coeff', 'in_house_lnp_DC24_luc_valid_spearmanr_coeff'] for valid_spearmanr_coeff
2026-04-17 00:02:51 | INFO | unimol.core.checkpoint_utils | Preparing to save checkpoint for epoch 60 @ 8200 updates
2026-04-17 00:02:51 | INFO | unimol.core.trainer | Saving checkpoint to ./tmp_save_demo/save_InfoMax_Run/checkpoint60.pt
2026-04-17 00:02:52 | INFO | unimol.core.trainer | Finished saving checkpoint to ./tmp_save_demo/save_InfoMax_Run/checkpoint60.pt
2026-04-17 00:02:52 | INFO | unimol.core.checkpoint_utils | Saved checkpoint ./tmp_save_demo/save_InfoMax_Run/checkpoint60.pt (epoch 60 @ 8200 updates, score 0.9035) (writing took 0.9729511979967356 seconds)
2026-04-17 00:02:52 | INFO | unimol.core.checkpoint_utils | copy ./tmp_save_demo/save_InfoMax_Run/checkpoint60.pt to ./save_demo/save_InfoMax_Run/checkpoint60.pt
2026-04-17 00:02:52 | INFO | unicore_cli.train | end of epoch 60 (average epoch stats below)
2026-04-17 00:02:52 | INFO | train | epoch 060 | loss 0.054 | loss_in_house_lnp_B16F10_luc 0.03 | loss_in_house_lnp_DC24_luc 0.019 | ups 6.8 | bsz 15.9 | num_updates 8200 | lr 7.47764e-05 | gnorm 7.533 | clip 100 | loss_scale 128 | train_wall 16.1 | epoch_itr_sz 137 | gb_free 76 | wall 1177
2026-04-17 00:02:52 | INFO | unimol.core.tasks.unicore_task | get EpochBatchIterator for epoch 61
2026-04-17 00:02:52 | INFO | unimol.core.trainer | begin training epoch 61
2026-04-17 00:02:52 | INFO | unicore_cli.train | Start iterating over samples
2026-04-17 00:02:54 | INFO | unimol.core.checkpoint_utils | copy ./tmp_save_demo/save_InfoMax_Run/checkpoint60.pt to ./save_demo/save_InfoMax_Run/checkpoint_best.pt
2026-04-17 00:02:55 | INFO | unimol.core.checkpoint_utils | copy ./tmp_save_demo/save_InfoMax_Run/checkpoint60.pt to ./save_demo/save_InfoMax_Run/checkpoint_last.pt
2026-04-17 00:02:55 | INFO | unimol.core.checkpoint_utils | removing temp file ./tmp_save_demo/save_InfoMax_Run/checkpoint60.pt ...
2026-04-17 00:02:55 | INFO | unimol.core.checkpoint_utils | removed ./save_demo/save_InfoMax_Run/checkpoint50.pt
2026-04-17 00:02:55 | INFO | unimol.core.checkpoint_utils | finished async ckp saving.
2026-04-17 00:02:58 | INFO | unimol.core.trainer | NOTE: gradient overflow detected, ignoring gradient, setting loss scale to: 128.0
2026-04-17 00:03:06 | INFO | train_inner | epoch 061:    101 / 137 loss=0.054, loss_in_house_lnp_B16F10_luc=0.029, loss_in_house_lnp_DC24_luc=0.019, ups=6.06, bsz=15.9, num_updates=8300, lr=7.4391e-05, gnorm=7.957, clip=99, loss_scale=128, train_wall=12.42, gb_free=76, wall=1191
2026-04-17 00:03:07 | INFO | unimol.core.trainer | NOTE: gradient overflow detected, ignoring gradient, setting loss scale to: 64.0
2026-04-17 00:03:10 | INFO | unicore_cli.train | begin validation on "valid" subset
2026-04-17 00:03:10 | INFO | unimol.core.tasks.unicore_task | get EpochBatchIterator for epoch 1
reduce_metrics, task_name:  in_house_lnp_B16F10_luc
reduce_metrics, task_name:  in_house_lnp_DC24_luc
get_valid_stats stats:  OrderedDict([('loss', 0.056), ('loss_in_house_lnp_B16F10_luc', 0.033), ('loss_in_house_lnp_DC24_luc', 0.023), ('in_house_lnp_B16F10_luc_valid_spearmanr_coeff', 0.862), ('in_house_lnp_B16F10_luc_valid_spearmanr_p_val', 0.0), ('in_house_lnp_B16F10_luc_valid_pearsonr_coeff', 0.836), ('in_house_lnp_B16F10_luc_valid_pearsonr_p_val', 0.0), ('in_house_lnp_B16F10_luc_valid_mae', 2.211), ('in_house_lnp_B16F10_luc_valid_mse', 7.154), ('in_house_lnp_B16F10_luc_valid_agg_mae', 2.211), ('in_house_lnp_B16F10_luc_valid_agg_mse', 7.154), ('in_house_lnp_B16F10_luc_valid_contrastive_L', 0.372), ('in_house_lnp_B16F10_luc_valid_agg_rmse', 2.6748), ('in_house_lnp_DC24_luc_valid_spearmanr_coeff', 0.944), ('in_house_lnp_DC24_luc_valid_spearmanr_p_val', 0.0), ('in_house_lnp_DC24_luc_valid_pearsonr_coeff', 0.935), ('in_house_lnp_DC24_luc_valid_pearsonr_p_val', 0.0), ('in_house_lnp_DC24_luc_valid_mae', 3.884), ('in_house_lnp_DC24_luc_valid_mse', 19.606), ('in_house_lnp_DC24_luc_valid_agg_mae', 3.884), ('in_house_lnp_DC24_luc_valid_agg_mse', 19.606), ('in_house_lnp_DC24_luc_valid_contrastive_L', 0.243), ('in_house_lnp_DC24_luc_valid_agg_rmse', 4.4279), ('bsz', 312.0), ('num_updates', 8335)])
2026-04-17 00:03:12 | INFO | valid | epoch 061 | valid on 'valid' subset | loss 0.056 | loss_in_house_lnp_B16F10_luc 0.033 | loss_in_house_lnp_DC24_luc 0.023 | in_house_lnp_B16F10_luc_valid_spearmanr_coeff 0.862 | in_house_lnp_B16F10_luc_valid_spearmanr_p_val 0 | in_house_lnp_B16F10_luc_valid_pearsonr_coeff 0.836 | in_house_lnp_B16F10_luc_valid_pearsonr_p_val 0 | in_house_lnp_B16F10_luc_valid_mae 2.211 | in_house_lnp_B16F10_luc_valid_mse 7.154 | in_house_lnp_B16F10_luc_valid_agg_mae 2.211 | in_house_lnp_B16F10_luc_valid_agg_mse 7.154 | in_house_lnp_B16F10_luc_valid_contrastive_L 0.372 | in_house_lnp_B16F10_luc_valid_agg_rmse 2.6748 | in_house_lnp_DC24_luc_valid_spearmanr_coeff 0.944 | in_house_lnp_DC24_luc_valid_spearmanr_p_val 0 | in_house_lnp_DC24_luc_valid_pearsonr_coeff 0.935 | in_house_lnp_DC24_luc_valid_pearsonr_p_val 0 | in_house_lnp_DC24_luc_valid_mae 3.884 | in_house_lnp_DC24_luc_valid_mse 19.606 | in_house_lnp_DC24_luc_valid_agg_mae 3.884 | in_house_lnp_DC24_luc_valid_agg_mse 19.606 | in_house_lnp_DC24_luc_valid_contrastive_L 0.243 | in_house_lnp_DC24_luc_valid_agg_rmse 4.4279 | bsz 312 | num_updates 8335
validate stats:  OrderedDict([('loss', 0.056), ('loss_in_house_lnp_B16F10_luc', 0.033), ('loss_in_house_lnp_DC24_luc', 0.023), ('in_house_lnp_B16F10_luc_valid_spearmanr_coeff', 0.862), ('in_house_lnp_B16F10_luc_valid_spearmanr_p_val', 0.0), ('in_house_lnp_B16F10_luc_valid_pearsonr_coeff', 0.836), ('in_house_lnp_B16F10_luc_valid_pearsonr_p_val', 0.0), ('in_house_lnp_B16F10_luc_valid_mae', 2.211), ('in_house_lnp_B16F10_luc_valid_mse', 7.154), ('in_house_lnp_B16F10_luc_valid_agg_mae', 2.211), ('in_house_lnp_B16F10_luc_valid_agg_mse', 7.154), ('in_house_lnp_B16F10_luc_valid_contrastive_L', 0.372), ('in_house_lnp_B16F10_luc_valid_agg_rmse', 2.6748), ('in_house_lnp_DC24_luc_valid_spearmanr_coeff', 0.944), ('in_house_lnp_DC24_luc_valid_spearmanr_p_val', 0.0), ('in_house_lnp_DC24_luc_valid_pearsonr_coeff', 0.935), ('in_house_lnp_DC24_luc_valid_pearsonr_p_val', 0.0), ('in_house_lnp_DC24_luc_valid_mae', 3.884), ('in_house_lnp_DC24_luc_valid_mse', 19.606), ('in_house_lnp_DC24_luc_valid_agg_mae', 3.884), ('in_house_lnp_DC24_luc_valid_agg_mse', 19.606), ('in_house_lnp_DC24_luc_valid_contrastive_L', 0.243), ('in_house_lnp_DC24_luc_valid_agg_rmse', 4.4279), ('bsz', 312.0), ('num_updates', 8335)])
2026-04-17 00:03:12 | INFO | unicore_cli.train | averaging ['in_house_lnp_B16F10_luc_valid_spearmanr_coeff', 'in_house_lnp_DC24_luc_valid_spearmanr_coeff'] for valid_spearmanr_coeff
2026-04-17 00:03:12 | INFO | unimol.core.checkpoint_utils | Preparing to save checkpoint for epoch 61 @ 8335 updates
2026-04-17 00:03:12 | INFO | unimol.core.trainer | Saving checkpoint to ./tmp_save_demo/save_InfoMax_Run/checkpoint61.pt
2026-04-17 00:03:13 | INFO | unimol.core.trainer | Finished saving checkpoint to ./tmp_save_demo/save_InfoMax_Run/checkpoint61.pt
2026-04-17 00:03:13 | INFO | unimol.core.checkpoint_utils | Saved checkpoint ./tmp_save_demo/save_InfoMax_Run/checkpoint61.pt (epoch 61 @ 8335 updates, score 0.903) (writing took 1.039842462982051 seconds)
2026-04-17 00:03:13 | INFO | unicore_cli.train | end of epoch 61 (average epoch stats below)
2026-04-17 00:03:13 | INFO | unimol.core.checkpoint_utils | copy ./tmp_save_demo/save_InfoMax_Run/checkpoint61.pt to ./save_demo/save_InfoMax_Run/checkpoint61.pt
2026-04-17 00:03:13 | INFO | train | epoch 061 | loss 0.054 | loss_in_house_lnp_B16F10_luc 0.029 | loss_in_house_lnp_DC24_luc 0.019 | ups 6.4 | bsz 15.9 | num_updates 8335 | lr 7.42561e-05 | gnorm 7.988 | clip 99.3 | loss_scale 64 | train_wall 16.69 | epoch_itr_sz 137 | gb_free 76 | wall 1198
2026-04-17 00:03:13 | INFO | unimol.core.tasks.unicore_task | get EpochBatchIterator for epoch 62
2026-04-17 00:03:13 | INFO | unimol.core.trainer | begin training epoch 62
2026-04-17 00:03:13 | INFO | unicore_cli.train | Start iterating over samples
2026-04-17 00:03:15 | INFO | unimol.core.checkpoint_utils | copy ./tmp_save_demo/save_InfoMax_Run/checkpoint61.pt to ./save_demo/save_InfoMax_Run/checkpoint_last.pt
2026-04-17 00:03:16 | INFO | unimol.core.checkpoint_utils | removing temp file ./tmp_save_demo/save_InfoMax_Run/checkpoint61.pt ...
2026-04-17 00:03:16 | INFO | unimol.core.checkpoint_utils | removed ./save_demo/save_InfoMax_Run/checkpoint51.pt
2026-04-17 00:03:16 | INFO | unimol.core.checkpoint_utils | finished async ckp saving.
2026-04-17 00:03:23 | INFO | train_inner | epoch 062:     65 / 137 loss=0.054, loss_in_house_lnp_B16F10_luc=0.029, loss_in_house_lnp_DC24_luc=0.018, ups=5.8, bsz=16, num_updates=8400, lr=7.40056e-05, gnorm=7.485, clip=100, loss_scale=64, train_wall=12.86, gb_free=76, wall=1208
2026-04-17 00:03:33 | INFO | unicore_cli.train | begin validation on "valid" subset
2026-04-17 00:03:33 | INFO | unimol.core.tasks.unicore_task | get EpochBatchIterator for epoch 1
reduce_metrics, task_name:  in_house_lnp_B16F10_luc
reduce_metrics, task_name:  in_house_lnp_DC24_luc
get_valid_stats stats:  OrderedDict([('loss', 0.059), ('loss_in_house_lnp_B16F10_luc', 0.034), ('loss_in_house_lnp_DC24_luc', 0.024), ('in_house_lnp_B16F10_luc_valid_spearmanr_coeff', 0.851), ('in_house_lnp_B16F10_luc_valid_spearmanr_p_val', 0.0), ('in_house_lnp_B16F10_luc_valid_pearsonr_coeff', 0.814), ('in_house_lnp_B16F10_luc_valid_pearsonr_p_val', 0.0), ('in_house_lnp_B16F10_luc_valid_mae', 2.038), ('in_house_lnp_B16F10_luc_valid_mse', 6.327), ('in_house_lnp_B16F10_luc_valid_agg_mae', 2.038), ('in_house_lnp_B16F10_luc_valid_agg_mse', 6.327), ('in_house_lnp_B16F10_luc_valid_contrastive_L', 0.382), ('in_house_lnp_B16F10_luc_valid_agg_rmse', 2.5154), ('in_house_lnp_DC24_luc_valid_spearmanr_coeff', 0.939), ('in_house_lnp_DC24_luc_valid_spearmanr_p_val', 0.0), ('in_house_lnp_DC24_luc_valid_pearsonr_coeff', 0.927), ('in_house_lnp_DC24_luc_valid_pearsonr_p_val', 0.0), ('in_house_lnp_DC24_luc_valid_mae', 3.432), ('in_house_lnp_DC24_luc_valid_mse', 16.486), ('in_house_lnp_DC24_luc_valid_agg_mae', 3.432), ('in_house_lnp_DC24_luc_valid_agg_mse', 16.486), ('in_house_lnp_DC24_luc_valid_contrastive_L', 0.246), ('in_house_lnp_DC24_luc_valid_agg_rmse', 4.0602), ('bsz', 312.0), ('num_updates', 8472)])
2026-04-17 00:03:34 | INFO | valid | epoch 062 | valid on 'valid' subset | loss 0.059 | loss_in_house_lnp_B16F10_luc 0.034 | loss_in_house_lnp_DC24_luc 0.024 | in_house_lnp_B16F10_luc_valid_spearmanr_coeff 0.851 | in_house_lnp_B16F10_luc_valid_spearmanr_p_val 0 | in_house_lnp_B16F10_luc_valid_pearsonr_coeff 0.814 | in_house_lnp_B16F10_luc_valid_pearsonr_p_val 0 | in_house_lnp_B16F10_luc_valid_mae 2.038 | in_house_lnp_B16F10_luc_valid_mse 6.327 | in_house_lnp_B16F10_luc_valid_agg_mae 2.038 | in_house_lnp_B16F10_luc_valid_agg_mse 6.327 | in_house_lnp_B16F10_luc_valid_contrastive_L 0.382 | in_house_lnp_B16F10_luc_valid_agg_rmse 2.5154 | in_house_lnp_DC24_luc_valid_spearmanr_coeff 0.939 | in_house_lnp_DC24_luc_valid_spearmanr_p_val 0 | in_house_lnp_DC24_luc_valid_pearsonr_coeff 0.927 | in_house_lnp_DC24_luc_valid_pearsonr_p_val 0 | in_house_lnp_DC24_luc_valid_mae 3.432 | in_house_lnp_DC24_luc_valid_mse 16.486 | in_house_lnp_DC24_luc_valid_agg_mae 3.432 | in_house_lnp_DC24_luc_valid_agg_mse 16.486 | in_house_lnp_DC24_luc_valid_contrastive_L 0.246 | in_house_lnp_DC24_luc_valid_agg_rmse 4.0602 | bsz 312 | num_updates 8472
validate stats:  OrderedDict([('loss', 0.059), ('loss_in_house_lnp_B16F10_luc', 0.034), ('loss_in_house_lnp_DC24_luc', 0.024), ('in_house_lnp_B16F10_luc_valid_spearmanr_coeff', 0.851), ('in_house_lnp_B16F10_luc_valid_spearmanr_p_val', 0.0), ('in_house_lnp_B16F10_luc_valid_pearsonr_coeff', 0.814), ('in_house_lnp_B16F10_luc_valid_pearsonr_p_val', 0.0), ('in_house_lnp_B16F10_luc_valid_mae', 2.038), ('in_house_lnp_B16F10_luc_valid_mse', 6.327), ('in_house_lnp_B16F10_luc_valid_agg_mae', 2.038), ('in_house_lnp_B16F10_luc_valid_agg_mse', 6.327), ('in_house_lnp_B16F10_luc_valid_contrastive_L', 0.382), ('in_house_lnp_B16F10_luc_valid_agg_rmse', 2.5154), ('in_house_lnp_DC24_luc_valid_spearmanr_coeff', 0.939), ('in_house_lnp_DC24_luc_valid_spearmanr_p_val', 0.0), ('in_house_lnp_DC24_luc_valid_pearsonr_coeff', 0.927), ('in_house_lnp_DC24_luc_valid_pearsonr_p_val', 0.0), ('in_house_lnp_DC24_luc_valid_mae', 3.432), ('in_house_lnp_DC24_luc_valid_mse', 16.486), ('in_house_lnp_DC24_luc_valid_agg_mae', 3.432), ('in_house_lnp_DC24_luc_valid_agg_mse', 16.486), ('in_house_lnp_DC24_luc_valid_contrastive_L', 0.246), ('in_house_lnp_DC24_luc_valid_agg_rmse', 4.0602), ('bsz', 312.0), ('num_updates', 8472)])
2026-04-17 00:03:34 | INFO | unicore_cli.train | averaging ['in_house_lnp_B16F10_luc_valid_spearmanr_coeff', 'in_house_lnp_DC24_luc_valid_spearmanr_coeff'] for valid_spearmanr_coeff
2026-04-17 00:03:34 | INFO | unimol.core.checkpoint_utils | Preparing to save checkpoint for epoch 62 @ 8472 updates
2026-04-17 00:03:34 | INFO | unimol.core.trainer | Saving checkpoint to ./tmp_save_demo/save_InfoMax_Run/checkpoint62.pt
2026-04-17 00:03:35 | INFO | unimol.core.trainer | Finished saving checkpoint to ./tmp_save_demo/save_InfoMax_Run/checkpoint62.pt
2026-04-17 00:03:35 | INFO | unimol.core.checkpoint_utils | Saved checkpoint ./tmp_save_demo/save_InfoMax_Run/checkpoint62.pt (epoch 62 @ 8472 updates, score 0.895) (writing took 0.8247224210062996 seconds)
2026-04-17 00:03:35 | INFO | unicore_cli.train | end of epoch 62 (average epoch stats below)
2026-04-17 00:03:35 | INFO | unimol.core.checkpoint_utils | copy ./tmp_save_demo/save_InfoMax_Run/checkpoint62.pt to ./save_demo/save_InfoMax_Run/checkpoint62.pt
2026-04-17 00:03:35 | INFO | train | epoch 062 | loss 0.054 | loss_in_house_lnp_B16F10_luc 0.029 | loss_in_house_lnp_DC24_luc 0.019 | ups 6.26 | bsz 15.9 | num_updates 8472 | lr 7.3728e-05 | gnorm 6.764 | clip 99.3 | loss_scale 64 | train_wall 17.94 | epoch_itr_sz 137 | gb_free 76 | wall 1220
2026-04-17 00:03:35 | INFO | unimol.core.tasks.unicore_task | get EpochBatchIterator for epoch 63
2026-04-17 00:03:35 | INFO | unimol.core.trainer | begin training epoch 63
2026-04-17 00:03:35 | INFO | unicore_cli.train | Start iterating over samples
2026-04-17 00:03:37 | INFO | unimol.core.checkpoint_utils | copy ./tmp_save_demo/save_InfoMax_Run/checkpoint62.pt to ./save_demo/save_InfoMax_Run/checkpoint_last.pt
2026-04-17 00:03:37 | INFO | unimol.core.checkpoint_utils | removing temp file ./tmp_save_demo/save_InfoMax_Run/checkpoint62.pt ...
2026-04-17 00:03:37 | INFO | unimol.core.checkpoint_utils | removed ./save_demo/save_InfoMax_Run/checkpoint52.pt
2026-04-17 00:03:37 | INFO | unimol.core.checkpoint_utils | finished async ckp saving.
2026-04-17 00:03:40 | INFO | train_inner | epoch 063:     28 / 137 loss=0.054, loss_in_house_lnp_B16F10_luc=0.029, loss_in_house_lnp_DC24_luc=0.019, ups=6.07, bsz=15.9, num_updates=8500, lr=7.36201e-05, gnorm=6.521, clip=99, loss_scale=64, train_wall=12.76, gb_free=76, wall=1225
2026-04-17 00:03:51 | INFO | train_inner | epoch 063:    128 / 137 loss=0.052, loss_in_house_lnp_B16F10_luc=0.028, loss_in_house_lnp_DC24_luc=0.019, ups=8.74, bsz=15.9, num_updates=8600, lr=7.32347e-05, gnorm=7.411, clip=100, loss_scale=128, train_wall=11.21, gb_free=76, wall=1236
2026-04-17 00:03:52 | INFO | unicore_cli.train | begin validation on "valid" subset
2026-04-17 00:03:52 | INFO | unimol.core.tasks.unicore_task | get EpochBatchIterator for epoch 1
reduce_metrics, task_name:  in_house_lnp_B16F10_luc
reduce_metrics, task_name:  in_house_lnp_DC24_luc
get_valid_stats stats:  OrderedDict([('loss', 0.055), ('loss_in_house_lnp_B16F10_luc', 0.032), ('loss_in_house_lnp_DC24_luc', 0.023), ('in_house_lnp_B16F10_luc_valid_spearmanr_coeff', 0.868), ('in_house_lnp_B16F10_luc_valid_spearmanr_p_val', 0.0), ('in_house_lnp_B16F10_luc_valid_pearsonr_coeff', 0.835), ('in_house_lnp_B16F10_luc_valid_pearsonr_p_val', 0.0), ('in_house_lnp_B16F10_luc_valid_mae', 2.298), ('in_house_lnp_B16F10_luc_valid_mse', 7.787), ('in_house_lnp_B16F10_luc_valid_agg_mae', 2.298), ('in_house_lnp_B16F10_luc_valid_agg_mse', 7.787), ('in_house_lnp_B16F10_luc_valid_contrastive_L', 0.36), ('in_house_lnp_B16F10_luc_valid_agg_rmse', 2.7906), ('in_house_lnp_DC24_luc_valid_spearmanr_coeff', 0.949), ('in_house_lnp_DC24_luc_valid_spearmanr_p_val', 0.0), ('in_house_lnp_DC24_luc_valid_pearsonr_coeff', 0.94), ('in_house_lnp_DC24_luc_valid_pearsonr_p_val', 0.0), ('in_house_lnp_DC24_luc_valid_mae', 3.916), ('in_house_lnp_DC24_luc_valid_mse', 20.523), ('in_house_lnp_DC24_luc_valid_agg_mae', 3.916), ('in_house_lnp_DC24_luc_valid_agg_mse', 20.523), ('in_house_lnp_DC24_luc_valid_contrastive_L', 0.23), ('in_house_lnp_DC24_luc_valid_agg_rmse', 4.5302), ('bsz', 312.0), ('num_updates', 8609)])
2026-04-17 00:03:54 | INFO | valid | epoch 063 | valid on 'valid' subset | loss 0.055 | loss_in_house_lnp_B16F10_luc 0.032 | loss_in_house_lnp_DC24_luc 0.023 | in_house_lnp_B16F10_luc_valid_spearmanr_coeff 0.868 | in_house_lnp_B16F10_luc_valid_spearmanr_p_val 0 | in_house_lnp_B16F10_luc_valid_pearsonr_coeff 0.835 | in_house_lnp_B16F10_luc_valid_pearsonr_p_val 0 | in_house_lnp_B16F10_luc_valid_mae 2.298 | in_house_lnp_B16F10_luc_valid_mse 7.787 | in_house_lnp_B16F10_luc_valid_agg_mae 2.298 | in_house_lnp_B16F10_luc_valid_agg_mse 7.787 | in_house_lnp_B16F10_luc_valid_contrastive_L 0.36 | in_house_lnp_B16F10_luc_valid_agg_rmse 2.7906 | in_house_lnp_DC24_luc_valid_spearmanr_coeff 0.949 | in_house_lnp_DC24_luc_valid_spearmanr_p_val 0 | in_house_lnp_DC24_luc_valid_pearsonr_coeff 0.94 | in_house_lnp_DC24_luc_valid_pearsonr_p_val 0 | in_house_lnp_DC24_luc_valid_mae 3.916 | in_house_lnp_DC24_luc_valid_mse 20.523 | in_house_lnp_DC24_luc_valid_agg_mae 3.916 | in_house_lnp_DC24_luc_valid_agg_mse 20.523 | in_house_lnp_DC24_luc_valid_contrastive_L 0.23 | in_house_lnp_DC24_luc_valid_agg_rmse 4.5302 | bsz 312 | num_updates 8609
validate stats:  OrderedDict([('loss', 0.055), ('loss_in_house_lnp_B16F10_luc', 0.032), ('loss_in_house_lnp_DC24_luc', 0.023), ('in_house_lnp_B16F10_luc_valid_spearmanr_coeff', 0.868), ('in_house_lnp_B16F10_luc_valid_spearmanr_p_val', 0.0), ('in_house_lnp_B16F10_luc_valid_pearsonr_coeff', 0.835), ('in_house_lnp_B16F10_luc_valid_pearsonr_p_val', 0.0), ('in_house_lnp_B16F10_luc_valid_mae', 2.298), ('in_house_lnp_B16F10_luc_valid_mse', 7.787), ('in_house_lnp_B16F10_luc_valid_agg_mae', 2.298), ('in_house_lnp_B16F10_luc_valid_agg_mse', 7.787), ('in_house_lnp_B16F10_luc_valid_contrastive_L', 0.36), ('in_house_lnp_B16F10_luc_valid_agg_rmse', 2.7906), ('in_house_lnp_DC24_luc_valid_spearmanr_coeff', 0.949), ('in_house_lnp_DC24_luc_valid_spearmanr_p_val', 0.0), ('in_house_lnp_DC24_luc_valid_pearsonr_coeff', 0.94), ('in_house_lnp_DC24_luc_valid_pearsonr_p_val', 0.0), ('in_house_lnp_DC24_luc_valid_mae', 3.916), ('in_house_lnp_DC24_luc_valid_mse', 20.523), ('in_house_lnp_DC24_luc_valid_agg_mae', 3.916), ('in_house_lnp_DC24_luc_valid_agg_mse', 20.523), ('in_house_lnp_DC24_luc_valid_contrastive_L', 0.23), ('in_house_lnp_DC24_luc_valid_agg_rmse', 4.5302), ('bsz', 312.0), ('num_updates', 8609)])
2026-04-17 00:03:54 | INFO | unicore_cli.train | averaging ['in_house_lnp_B16F10_luc_valid_spearmanr_coeff', 'in_house_lnp_DC24_luc_valid_spearmanr_coeff'] for valid_spearmanr_coeff
2026-04-17 00:03:54 | INFO | unimol.core.checkpoint_utils | Preparing to save checkpoint for epoch 63 @ 8609 updates
2026-04-17 00:03:54 | INFO | unimol.core.trainer | Saving checkpoint to ./tmp_save_demo/save_InfoMax_Run/checkpoint63.pt
2026-04-17 00:03:55 | INFO | unimol.core.trainer | Finished saving checkpoint to ./tmp_save_demo/save_InfoMax_Run/checkpoint63.pt
2026-04-17 00:03:55 | INFO | unimol.core.checkpoint_utils | Saved checkpoint ./tmp_save_demo/save_InfoMax_Run/checkpoint63.pt (epoch 63 @ 8609 updates, score 0.9085) (writing took 0.8681585600133985 seconds)
2026-04-17 00:03:55 | INFO | unicore_cli.train | end of epoch 63 (average epoch stats below)
2026-04-17 00:03:55 | INFO | unimol.core.checkpoint_utils | copy ./tmp_save_demo/save_InfoMax_Run/checkpoint63.pt to ./save_demo/save_InfoMax_Run/checkpoint63.pt
2026-04-17 00:03:55 | INFO | train | epoch 063 | loss 0.053 | loss_in_house_lnp_B16F10_luc 0.028 | loss_in_house_lnp_DC24_luc 0.019 | ups 6.94 | bsz 15.9 | num_updates 8609 | lr 7.32e-05 | gnorm 7.409 | clip 100 | loss_scale 128 | train_wall 15.7 | epoch_itr_sz 137 | gb_free 76 | wall 1240
2026-04-17 00:03:55 | INFO | unimol.core.tasks.unicore_task | get EpochBatchIterator for epoch 64
2026-04-17 00:03:55 | INFO | unimol.core.trainer | begin training epoch 64
2026-04-17 00:03:55 | INFO | unicore_cli.train | Start iterating over samples
2026-04-17 00:03:56 | INFO | unimol.core.checkpoint_utils | copy ./tmp_save_demo/save_InfoMax_Run/checkpoint63.pt to ./save_demo/save_InfoMax_Run/checkpoint_best.pt
2026-04-17 00:03:57 | INFO | unimol.core.checkpoint_utils | copy ./tmp_save_demo/save_InfoMax_Run/checkpoint63.pt to ./save_demo/save_InfoMax_Run/checkpoint_last.pt
2026-04-17 00:03:58 | INFO | unimol.core.checkpoint_utils | removing temp file ./tmp_save_demo/save_InfoMax_Run/checkpoint63.pt ...
2026-04-17 00:03:58 | INFO | unimol.core.checkpoint_utils | removed ./save_demo/save_InfoMax_Run/checkpoint53.pt
2026-04-17 00:03:58 | INFO | unimol.core.checkpoint_utils | finished async ckp saving.
2026-04-17 00:04:07 | INFO | train_inner | epoch 064:     91 / 137 loss=0.054, loss_in_house_lnp_B16F10_luc=0.028, loss_in_house_lnp_DC24_luc=0.019, ups=6.4, bsz=15.9, num_updates=8700, lr=7.28492e-05, gnorm=8.247, clip=100, loss_scale=128, train_wall=11.62, gb_free=76, wall=1252
2026-04-17 00:04:07 | INFO | unimol.core.trainer | NOTE: gradient overflow detected, ignoring gradient, setting loss scale to: 64.0
2026-04-17 00:04:12 | INFO | unicore_cli.train | begin validation on "valid" subset
2026-04-17 00:04:12 | INFO | unimol.core.tasks.unicore_task | get EpochBatchIterator for epoch 1
reduce_metrics, task_name:  in_house_lnp_B16F10_luc
reduce_metrics, task_name:  in_house_lnp_DC24_luc
get_valid_stats stats:  OrderedDict([('loss', 0.056), ('loss_in_house_lnp_B16F10_luc', 0.033), ('loss_in_house_lnp_DC24_luc', 0.023), ('in_house_lnp_B16F10_luc_valid_spearmanr_coeff', 0.863), ('in_house_lnp_B16F10_luc_valid_spearmanr_p_val', 0.0), ('in_house_lnp_B16F10_luc_valid_pearsonr_coeff', 0.831), ('in_house_lnp_B16F10_luc_valid_pearsonr_p_val', 0.0), ('in_house_lnp_B16F10_luc_valid_mae', 2.255), ('in_house_lnp_B16F10_luc_valid_mse', 7.452), ('in_house_lnp_B16F10_luc_valid_agg_mae', 2.255), ('in_house_lnp_B16F10_luc_valid_agg_mse', 7.452), ('in_house_lnp_B16F10_luc_valid_contrastive_L', 0.371), ('in_house_lnp_B16F10_luc_valid_agg_rmse', 2.7298), ('in_house_lnp_DC24_luc_valid_spearmanr_coeff', 0.945), ('in_house_lnp_DC24_luc_valid_spearmanr_p_val', 0.0), ('in_house_lnp_DC24_luc_valid_pearsonr_coeff', 0.937), ('in_house_lnp_DC24_luc_valid_pearsonr_p_val', 0.0), ('in_house_lnp_DC24_luc_valid_mae', 3.887), ('in_house_lnp_DC24_luc_valid_mse', 20.305), ('in_house_lnp_DC24_luc_valid_agg_mae', 3.887), ('in_house_lnp_DC24_luc_valid_agg_mse', 20.305), ('in_house_lnp_DC24_luc_valid_contrastive_L', 0.237), ('in_house_lnp_DC24_luc_valid_agg_rmse', 4.5061), ('bsz', 312.0), ('num_updates', 8745)])
2026-04-17 00:04:14 | INFO | valid | epoch 064 | valid on 'valid' subset | loss 0.056 | loss_in_house_lnp_B16F10_luc 0.033 | loss_in_house_lnp_DC24_luc 0.023 | in_house_lnp_B16F10_luc_valid_spearmanr_coeff 0.863 | in_house_lnp_B16F10_luc_valid_spearmanr_p_val 0 | in_house_lnp_B16F10_luc_valid_pearsonr_coeff 0.831 | in_house_lnp_B16F10_luc_valid_pearsonr_p_val 0 | in_house_lnp_B16F10_luc_valid_mae 2.255 | in_house_lnp_B16F10_luc_valid_mse 7.452 | in_house_lnp_B16F10_luc_valid_agg_mae 2.255 | in_house_lnp_B16F10_luc_valid_agg_mse 7.452 | in_house_lnp_B16F10_luc_valid_contrastive_L 0.371 | in_house_lnp_B16F10_luc_valid_agg_rmse 2.7298 | in_house_lnp_DC24_luc_valid_spearmanr_coeff 0.945 | in_house_lnp_DC24_luc_valid_spearmanr_p_val 0 | in_house_lnp_DC24_luc_valid_pearsonr_coeff 0.937 | in_house_lnp_DC24_luc_valid_pearsonr_p_val 0 | in_house_lnp_DC24_luc_valid_mae 3.887 | in_house_lnp_DC24_luc_valid_mse 20.305 | in_house_lnp_DC24_luc_valid_agg_mae 3.887 | in_house_lnp_DC24_luc_valid_agg_mse 20.305 | in_house_lnp_DC24_luc_valid_contrastive_L 0.237 | in_house_lnp_DC24_luc_valid_agg_rmse 4.5061 | bsz 312 | num_updates 8745
validate stats:  OrderedDict([('loss', 0.056), ('loss_in_house_lnp_B16F10_luc', 0.033), ('loss_in_house_lnp_DC24_luc', 0.023), ('in_house_lnp_B16F10_luc_valid_spearmanr_coeff', 0.863), ('in_house_lnp_B16F10_luc_valid_spearmanr_p_val', 0.0), ('in_house_lnp_B16F10_luc_valid_pearsonr_coeff', 0.831), ('in_house_lnp_B16F10_luc_valid_pearsonr_p_val', 0.0), ('in_house_lnp_B16F10_luc_valid_mae', 2.255), ('in_house_lnp_B16F10_luc_valid_mse', 7.452), ('in_house_lnp_B16F10_luc_valid_agg_mae', 2.255), ('in_house_lnp_B16F10_luc_valid_agg_mse', 7.452), ('in_house_lnp_B16F10_luc_valid_contrastive_L', 0.371), ('in_house_lnp_B16F10_luc_valid_agg_rmse', 2.7298), ('in_house_lnp_DC24_luc_valid_spearmanr_coeff', 0.945), ('in_house_lnp_DC24_luc_valid_spearmanr_p_val', 0.0), ('in_house_lnp_DC24_luc_valid_pearsonr_coeff', 0.937), ('in_house_lnp_DC24_luc_valid_pearsonr_p_val', 0.0), ('in_house_lnp_DC24_luc_valid_mae', 3.887), ('in_house_lnp_DC24_luc_valid_mse', 20.305), ('in_house_lnp_DC24_luc_valid_agg_mae', 3.887), ('in_house_lnp_DC24_luc_valid_agg_mse', 20.305), ('in_house_lnp_DC24_luc_valid_contrastive_L', 0.237), ('in_house_lnp_DC24_luc_valid_agg_rmse', 4.5061), ('bsz', 312.0), ('num_updates', 8745)])
2026-04-17 00:04:14 | INFO | unicore_cli.train | averaging ['in_house_lnp_B16F10_luc_valid_spearmanr_coeff', 'in_house_lnp_DC24_luc_valid_spearmanr_coeff'] for valid_spearmanr_coeff
2026-04-17 00:04:14 | INFO | unimol.core.checkpoint_utils | Preparing to save checkpoint for epoch 64 @ 8745 updates
2026-04-17 00:04:14 | INFO | unimol.core.trainer | Saving checkpoint to ./tmp_save_demo/save_InfoMax_Run/checkpoint64.pt
2026-04-17 00:04:14 | INFO | unimol.core.trainer | Finished saving checkpoint to ./tmp_save_demo/save_InfoMax_Run/checkpoint64.pt
2026-04-17 00:04:14 | INFO | unimol.core.checkpoint_utils | Saved checkpoint ./tmp_save_demo/save_InfoMax_Run/checkpoint64.pt (epoch 64 @ 8745 updates, score 0.9039999999999999) (writing took 0.9009171440266073 seconds)
2026-04-17 00:04:14 | INFO | unimol.core.checkpoint_utils | copy ./tmp_save_demo/save_InfoMax_Run/checkpoint64.pt to ./save_demo/save_InfoMax_Run/checkpoint64.pt
2026-04-17 00:04:14 | INFO | unicore_cli.train | end of epoch 64 (average epoch stats below)
2026-04-17 00:04:14 | INFO | train | epoch 064 | loss 0.054 | loss_in_house_lnp_B16F10_luc 0.029 | loss_in_house_lnp_DC24_luc 0.019 | ups 6.99 | bsz 15.9 | num_updates 8745 | lr 7.26758e-05 | gnorm 7.852 | clip 99.3 | loss_scale 64 | train_wall 15.53 | epoch_itr_sz 137 | gb_free 76 | wall 1259
2026-04-17 00:04:14 | INFO | unimol.core.tasks.unicore_task | get EpochBatchIterator for epoch 65
2026-04-17 00:04:15 | INFO | unimol.core.trainer | begin training epoch 65
2026-04-17 00:04:15 | INFO | unicore_cli.train | Start iterating over samples
2026-04-17 00:04:16 | INFO | unimol.core.checkpoint_utils | copy ./tmp_save_demo/save_InfoMax_Run/checkpoint64.pt to ./save_demo/save_InfoMax_Run/checkpoint_last.pt
2026-04-17 00:04:16 | INFO | unimol.core.checkpoint_utils | removing temp file ./tmp_save_demo/save_InfoMax_Run/checkpoint64.pt ...
2026-04-17 00:04:16 | INFO | unimol.core.checkpoint_utils | removed ./save_demo/save_InfoMax_Run/checkpoint54.pt
2026-04-17 00:04:16 | INFO | unimol.core.checkpoint_utils | finished async ckp saving.
2026-04-17 00:04:22 | INFO | train_inner | epoch 065:     55 / 137 loss=0.053, loss_in_house_lnp_B16F10_luc=0.029, loss_in_house_lnp_DC24_luc=0.018, ups=6.53, bsz=16, num_updates=8800, lr=7.24638e-05, gnorm=7.16, clip=98, loss_scale=64, train_wall=11.54, gb_free=76.1, wall=1267
2026-04-17 00:04:31 | INFO | unicore_cli.train | begin validation on "valid" subset
2026-04-17 00:04:31 | INFO | unimol.core.tasks.unicore_task | get EpochBatchIterator for epoch 1
reduce_metrics, task_name:  in_house_lnp_B16F10_luc
reduce_metrics, task_name:  in_house_lnp_DC24_luc
get_valid_stats stats:  OrderedDict([('loss', 0.062), ('loss_in_house_lnp_B16F10_luc', 0.035), ('loss_in_house_lnp_DC24_luc', 0.027), ('in_house_lnp_B16F10_luc_valid_spearmanr_coeff', 0.852), ('in_house_lnp_B16F10_luc_valid_spearmanr_p_val', 0.0), ('in_house_lnp_B16F10_luc_valid_pearsonr_coeff', 0.814), ('in_house_lnp_B16F10_luc_valid_pearsonr_p_val', 0.0), ('in_house_lnp_B16F10_luc_valid_mae', 2.28), ('in_house_lnp_B16F10_luc_valid_mse', 7.936), ('in_house_lnp_B16F10_luc_valid_agg_mae', 2.28), ('in_house_lnp_B16F10_luc_valid_agg_mse', 7.936), ('in_house_lnp_B16F10_luc_valid_contrastive_L', 0.397), ('in_house_lnp_B16F10_luc_valid_agg_rmse', 2.8171), ('in_house_lnp_DC24_luc_valid_spearmanr_coeff', 0.93), ('in_house_lnp_DC24_luc_valid_spearmanr_p_val', 0.0), ('in_house_lnp_DC24_luc_valid_pearsonr_coeff', 0.922), ('in_house_lnp_DC24_luc_valid_pearsonr_p_val', 0.0), ('in_house_lnp_DC24_luc_valid_mae', 3.902), ('in_house_lnp_DC24_luc_valid_mse', 20.338), ('in_house_lnp_DC24_luc_valid_agg_mae', 3.902), ('in_house_lnp_DC24_luc_valid_agg_mse', 20.338), ('in_house_lnp_DC24_luc_valid_contrastive_L', 0.27), ('in_house_lnp_DC24_luc_valid_agg_rmse', 4.5097), ('bsz', 312.0), ('num_updates', 8882)])
2026-04-17 00:04:33 | INFO | valid | epoch 065 | valid on 'valid' subset | loss 0.062 | loss_in_house_lnp_B16F10_luc 0.035 | loss_in_house_lnp_DC24_luc 0.027 | in_house_lnp_B16F10_luc_valid_spearmanr_coeff 0.852 | in_house_lnp_B16F10_luc_valid_spearmanr_p_val 0 | in_house_lnp_B16F10_luc_valid_pearsonr_coeff 0.814 | in_house_lnp_B16F10_luc_valid_pearsonr_p_val 0 | in_house_lnp_B16F10_luc_valid_mae 2.28 | in_house_lnp_B16F10_luc_valid_mse 7.936 | in_house_lnp_B16F10_luc_valid_agg_mae 2.28 | in_house_lnp_B16F10_luc_valid_agg_mse 7.936 | in_house_lnp_B16F10_luc_valid_contrastive_L 0.397 | in_house_lnp_B16F10_luc_valid_agg_rmse 2.8171 | in_house_lnp_DC24_luc_valid_spearmanr_coeff 0.93 | in_house_lnp_DC24_luc_valid_spearmanr_p_val 0 | in_house_lnp_DC24_luc_valid_pearsonr_coeff 0.922 | in_house_lnp_DC24_luc_valid_pearsonr_p_val 0 | in_house_lnp_DC24_luc_valid_mae 3.902 | in_house_lnp_DC24_luc_valid_mse 20.338 | in_house_lnp_DC24_luc_valid_agg_mae 3.902 | in_house_lnp_DC24_luc_valid_agg_mse 20.338 | in_house_lnp_DC24_luc_valid_contrastive_L 0.27 | in_house_lnp_DC24_luc_valid_agg_rmse 4.5097 | bsz 312 | num_updates 8882
validate stats:  OrderedDict([('loss', 0.062), ('loss_in_house_lnp_B16F10_luc', 0.035), ('loss_in_house_lnp_DC24_luc', 0.027), ('in_house_lnp_B16F10_luc_valid_spearmanr_coeff', 0.852), ('in_house_lnp_B16F10_luc_valid_spearmanr_p_val', 0.0), ('in_house_lnp_B16F10_luc_valid_pearsonr_coeff', 0.814), ('in_house_lnp_B16F10_luc_valid_pearsonr_p_val', 0.0), ('in_house_lnp_B16F10_luc_valid_mae', 2.28), ('in_house_lnp_B16F10_luc_valid_mse', 7.936), ('in_house_lnp_B16F10_luc_valid_agg_mae', 2.28), ('in_house_lnp_B16F10_luc_valid_agg_mse', 7.936), ('in_house_lnp_B16F10_luc_valid_contrastive_L', 0.397), ('in_house_lnp_B16F10_luc_valid_agg_rmse', 2.8171), ('in_house_lnp_DC24_luc_valid_spearmanr_coeff', 0.93), ('in_house_lnp_DC24_luc_valid_spearmanr_p_val', 0.0), ('in_house_lnp_DC24_luc_valid_pearsonr_coeff', 0.922), ('in_house_lnp_DC24_luc_valid_pearsonr_p_val', 0.0), ('in_house_lnp_DC24_luc_valid_mae', 3.902), ('in_house_lnp_DC24_luc_valid_mse', 20.338), ('in_house_lnp_DC24_luc_valid_agg_mae', 3.902), ('in_house_lnp_DC24_luc_valid_agg_mse', 20.338), ('in_house_lnp_DC24_luc_valid_contrastive_L', 0.27), ('in_house_lnp_DC24_luc_valid_agg_rmse', 4.5097), ('bsz', 312.0), ('num_updates', 8882)])
2026-04-17 00:04:33 | INFO | unicore_cli.train | averaging ['in_house_lnp_B16F10_luc_valid_spearmanr_coeff', 'in_house_lnp_DC24_luc_valid_spearmanr_coeff'] for valid_spearmanr_coeff
2026-04-17 00:04:33 | INFO | unimol.core.checkpoint_utils | Preparing to save checkpoint for epoch 65 @ 8882 updates
2026-04-17 00:04:33 | INFO | unimol.core.trainer | Saving checkpoint to ./tmp_save_demo/save_InfoMax_Run/checkpoint65.pt
2026-04-17 00:04:34 | INFO | unimol.core.trainer | Finished saving checkpoint to ./tmp_save_demo/save_InfoMax_Run/checkpoint65.pt
2026-04-17 00:04:34 | INFO | unimol.core.checkpoint_utils | Saved checkpoint ./tmp_save_demo/save_InfoMax_Run/checkpoint65.pt (epoch 65 @ 8882 updates, score 0.891) (writing took 0.8880696940468624 seconds)
2026-04-17 00:04:34 | INFO | unicore_cli.train | end of epoch 65 (average epoch stats below)
2026-04-17 00:04:34 | INFO | unimol.core.checkpoint_utils | copy ./tmp_save_demo/save_InfoMax_Run/checkpoint65.pt to ./save_demo/save_InfoMax_Run/checkpoint65.pt
2026-04-17 00:04:34 | INFO | train | epoch 065 | loss 0.053 | loss_in_house_lnp_B16F10_luc 0.029 | loss_in_house_lnp_DC24_luc 0.019 | ups 7.06 | bsz 15.9 | num_updates 8882 | lr 7.21477e-05 | gnorm 7.653 | clip 99.3 | loss_scale 64 | train_wall 15.48 | epoch_itr_sz 137 | gb_free 76 | wall 1279
2026-04-17 00:04:34 | INFO | unimol.core.tasks.unicore_task | get EpochBatchIterator for epoch 66
2026-04-17 00:04:34 | INFO | unimol.core.trainer | begin training epoch 66
2026-04-17 00:04:34 | INFO | unicore_cli.train | Start iterating over samples
2026-04-17 00:04:35 | INFO | unimol.core.checkpoint_utils | copy ./tmp_save_demo/save_InfoMax_Run/checkpoint65.pt to ./save_demo/save_InfoMax_Run/checkpoint_last.pt
2026-04-17 00:04:36 | INFO | unimol.core.checkpoint_utils | removing temp file ./tmp_save_demo/save_InfoMax_Run/checkpoint65.pt ...
2026-04-17 00:04:36 | INFO | unimol.core.checkpoint_utils | removed ./save_demo/save_InfoMax_Run/checkpoint55.pt
2026-04-17 00:04:36 | INFO | unimol.core.checkpoint_utils | finished async ckp saving.
2026-04-17 00:04:37 | INFO | train_inner | epoch 066:     18 / 137 loss=0.055, loss_in_house_lnp_B16F10_luc=0.029, loss_in_house_lnp_DC24_luc=0.02, ups=6.7, bsz=15.8, num_updates=8900, lr=7.20783e-05, gnorm=8.095, clip=100, loss_scale=64, train_wall=11.11, gb_free=76, wall=1282
2026-04-17 00:04:49 | INFO | train_inner | epoch 066:    118 / 137 loss=0.052, loss_in_house_lnp_B16F10_luc=0.029, loss_in_house_lnp_DC24_luc=0.018, ups=8.76, bsz=16, num_updates=9000, lr=7.16929e-05, gnorm=7.487, clip=100, loss_scale=128, train_wall=11.19, gb_free=76, wall=1293
2026-04-17 00:04:51 | INFO | unicore_cli.train | begin validation on "valid" subset
2026-04-17 00:04:51 | INFO | unimol.core.tasks.unicore_task | get EpochBatchIterator for epoch 1
reduce_metrics, task_name:  in_house_lnp_B16F10_luc
reduce_metrics, task_name:  in_house_lnp_DC24_luc
get_valid_stats stats:  OrderedDict([('loss', 0.06), ('loss_in_house_lnp_B16F10_luc', 0.035), ('loss_in_house_lnp_DC24_luc', 0.025), ('in_house_lnp_B16F10_luc_valid_spearmanr_coeff', 0.842), ('in_house_lnp_B16F10_luc_valid_spearmanr_p_val', 0.0), ('in_house_lnp_B16F10_luc_valid_pearsonr_coeff', 0.808), ('in_house_lnp_B16F10_luc_valid_pearsonr_p_val', 0.0), ('in_house_lnp_B16F10_luc_valid_mae', 2.31), ('in_house_lnp_B16F10_luc_valid_mse', 7.902), ('in_house_lnp_B16F10_luc_valid_agg_mae', 2.31), ('in_house_lnp_B16F10_luc_valid_agg_mse', 7.902), ('in_house_lnp_B16F10_luc_valid_contrastive_L', 0.406), ('in_house_lnp_B16F10_luc_valid_agg_rmse', 2.8111), ('in_house_lnp_DC24_luc_valid_spearmanr_coeff', 0.939), ('in_house_lnp_DC24_luc_valid_spearmanr_p_val', 0.0), ('in_house_lnp_DC24_luc_valid_pearsonr_coeff', 0.93), ('in_house_lnp_DC24_luc_valid_pearsonr_p_val', 0.0), ('in_house_lnp_DC24_luc_valid_mae', 3.895), ('in_house_lnp_DC24_luc_valid_mse', 20.305), ('in_house_lnp_DC24_luc_valid_agg_mae', 3.895), ('in_house_lnp_DC24_luc_valid_agg_mse', 20.305), ('in_house_lnp_DC24_luc_valid_contrastive_L', 0.253), ('in_house_lnp_DC24_luc_valid_agg_rmse', 4.5062), ('bsz', 312.0), ('num_updates', 9019)])
2026-04-17 00:04:52 | INFO | valid | epoch 066 | valid on 'valid' subset | loss 0.06 | loss_in_house_lnp_B16F10_luc 0.035 | loss_in_house_lnp_DC24_luc 0.025 | in_house_lnp_B16F10_luc_valid_spearmanr_coeff 0.842 | in_house_lnp_B16F10_luc_valid_spearmanr_p_val 0 | in_house_lnp_B16F10_luc_valid_pearsonr_coeff 0.808 | in_house_lnp_B16F10_luc_valid_pearsonr_p_val 0 | in_house_lnp_B16F10_luc_valid_mae 2.31 | in_house_lnp_B16F10_luc_valid_mse 7.902 | in_house_lnp_B16F10_luc_valid_agg_mae 2.31 | in_house_lnp_B16F10_luc_valid_agg_mse 7.902 | in_house_lnp_B16F10_luc_valid_contrastive_L 0.406 | in_house_lnp_B16F10_luc_valid_agg_rmse 2.8111 | in_house_lnp_DC24_luc_valid_spearmanr_coeff 0.939 | in_house_lnp_DC24_luc_valid_spearmanr_p_val 0 | in_house_lnp_DC24_luc_valid_pearsonr_coeff 0.93 | in_house_lnp_DC24_luc_valid_pearsonr_p_val 0 | in_house_lnp_DC24_luc_valid_mae 3.895 | in_house_lnp_DC24_luc_valid_mse 20.305 | in_house_lnp_DC24_luc_valid_agg_mae 3.895 | in_house_lnp_DC24_luc_valid_agg_mse 20.305 | in_house_lnp_DC24_luc_valid_contrastive_L 0.253 | in_house_lnp_DC24_luc_valid_agg_rmse 4.5062 | bsz 312 | num_updates 9019
validate stats:  OrderedDict([('loss', 0.06), ('loss_in_house_lnp_B16F10_luc', 0.035), ('loss_in_house_lnp_DC24_luc', 0.025), ('in_house_lnp_B16F10_luc_valid_spearmanr_coeff', 0.842), ('in_house_lnp_B16F10_luc_valid_spearmanr_p_val', 0.0), ('in_house_lnp_B16F10_luc_valid_pearsonr_coeff', 0.808), ('in_house_lnp_B16F10_luc_valid_pearsonr_p_val', 0.0), ('in_house_lnp_B16F10_luc_valid_mae', 2.31), ('in_house_lnp_B16F10_luc_valid_mse', 7.902), ('in_house_lnp_B16F10_luc_valid_agg_mae', 2.31), ('in_house_lnp_B16F10_luc_valid_agg_mse', 7.902), ('in_house_lnp_B16F10_luc_valid_contrastive_L', 0.406), ('in_house_lnp_B16F10_luc_valid_agg_rmse', 2.8111), ('in_house_lnp_DC24_luc_valid_spearmanr_coeff', 0.939), ('in_house_lnp_DC24_luc_valid_spearmanr_p_val', 0.0), ('in_house_lnp_DC24_luc_valid_pearsonr_coeff', 0.93), ('in_house_lnp_DC24_luc_valid_pearsonr_p_val', 0.0), ('in_house_lnp_DC24_luc_valid_mae', 3.895), ('in_house_lnp_DC24_luc_valid_mse', 20.305), ('in_house_lnp_DC24_luc_valid_agg_mae', 3.895), ('in_house_lnp_DC24_luc_valid_agg_mse', 20.305), ('in_house_lnp_DC24_luc_valid_contrastive_L', 0.253), ('in_house_lnp_DC24_luc_valid_agg_rmse', 4.5062), ('bsz', 312.0), ('num_updates', 9019)])
2026-04-17 00:04:52 | INFO | unicore_cli.train | averaging ['in_house_lnp_B16F10_luc_valid_spearmanr_coeff', 'in_house_lnp_DC24_luc_valid_spearmanr_coeff'] for valid_spearmanr_coeff
2026-04-17 00:04:52 | INFO | unimol.core.checkpoint_utils | Preparing to save checkpoint for epoch 66 @ 9019 updates
2026-04-17 00:04:52 | INFO | unimol.core.trainer | Saving checkpoint to ./tmp_save_demo/save_InfoMax_Run/checkpoint66.pt
2026-04-17 00:04:53 | INFO | unimol.core.trainer | Finished saving checkpoint to ./tmp_save_demo/save_InfoMax_Run/checkpoint66.pt
2026-04-17 00:04:53 | INFO | unimol.core.checkpoint_utils | Saved checkpoint ./tmp_save_demo/save_InfoMax_Run/checkpoint66.pt (epoch 66 @ 9019 updates, score 0.8905) (writing took 0.9125810979167 seconds)
2026-04-17 00:04:53 | INFO | unimol.core.checkpoint_utils | copy ./tmp_save_demo/save_InfoMax_Run/checkpoint66.pt to ./save_demo/save_InfoMax_Run/checkpoint66.pt
2026-04-17 00:04:53 | INFO | unicore_cli.train | end of epoch 66 (average epoch stats below)
2026-04-17 00:04:53 | INFO | train | epoch 066 | loss 0.053 | loss_in_house_lnp_B16F10_luc 0.029 | loss_in_house_lnp_DC24_luc 0.018 | ups 7.15 | bsz 15.9 | num_updates 9019 | lr 7.16196e-05 | gnorm 7.854 | clip 100 | loss_scale 128 | train_wall 15.31 | epoch_itr_sz 137 | gb_free 76 | wall 1298
2026-04-17 00:04:53 | INFO | unimol.core.tasks.unicore_task | get EpochBatchIterator for epoch 67
2026-04-17 00:04:53 | INFO | unimol.core.trainer | begin training epoch 67
2026-04-17 00:04:53 | INFO | unicore_cli.train | Start iterating over samples
2026-04-17 00:04:55 | INFO | unimol.core.checkpoint_utils | copy ./tmp_save_demo/save_InfoMax_Run/checkpoint66.pt to ./save_demo/save_InfoMax_Run/checkpoint_last.pt
2026-04-17 00:04:55 | INFO | unimol.core.checkpoint_utils | removing temp file ./tmp_save_demo/save_InfoMax_Run/checkpoint66.pt ...
2026-04-17 00:04:55 | INFO | unimol.core.checkpoint_utils | removed ./save_demo/save_InfoMax_Run/checkpoint56.pt
2026-04-17 00:04:55 | INFO | unimol.core.checkpoint_utils | finished async ckp saving.
2026-04-17 00:04:59 | INFO | unimol.core.trainer | NOTE: gradient overflow detected, ignoring gradient, setting loss scale to: 64.0
2026-04-17 00:05:04 | INFO | train_inner | epoch 067:     82 / 137 loss=0.052, loss_in_house_lnp_B16F10_luc=0.029, loss_in_house_lnp_DC24_luc=0.017, ups=6.63, bsz=15.9, num_updates=9100, lr=7.13074e-05, gnorm=8.845, clip=100, loss_scale=64, train_wall=11.31, gb_free=76, wall=1309
2026-04-17 00:05:10 | INFO | unicore_cli.train | begin validation on "valid" subset
2026-04-17 00:05:10 | INFO | unimol.core.tasks.unicore_task | get EpochBatchIterator for epoch 1
reduce_metrics, task_name:  in_house_lnp_B16F10_luc
reduce_metrics, task_name:  in_house_lnp_DC24_luc
get_valid_stats stats:  OrderedDict([('loss', 0.061), ('loss_in_house_lnp_B16F10_luc', 0.037), ('loss_in_house_lnp_DC24_luc', 0.025), ('in_house_lnp_B16F10_luc_valid_spearmanr_coeff', 0.846), ('in_house_lnp_B16F10_luc_valid_spearmanr_p_val', 0.0), ('in_house_lnp_B16F10_luc_valid_pearsonr_coeff', 0.813), ('in_house_lnp_B16F10_luc_valid_pearsonr_p_val', 0.0), ('in_house_lnp_B16F10_luc_valid_mae', 2.405), ('in_house_lnp_B16F10_luc_valid_mse', 8.583), ('in_house_lnp_B16F10_luc_valid_agg_mae', 2.405), ('in_house_lnp_B16F10_luc_valid_agg_mse', 8.583), ('in_house_lnp_B16F10_luc_valid_contrastive_L', 0.401), ('in_house_lnp_B16F10_luc_valid_agg_rmse', 2.9297), ('in_house_lnp_DC24_luc_valid_spearmanr_coeff', 0.939), ('in_house_lnp_DC24_luc_valid_spearmanr_p_val', 0.0), ('in_house_lnp_DC24_luc_valid_pearsonr_coeff', 0.934), ('in_house_lnp_DC24_luc_valid_pearsonr_p_val', 0.0), ('in_house_lnp_DC24_luc_valid_mae', 4.034), ('in_house_lnp_DC24_luc_valid_mse', 21.215), ('in_house_lnp_DC24_luc_valid_agg_mae', 4.034), ('in_house_lnp_DC24_luc_valid_agg_mse', 21.215), ('in_house_lnp_DC24_luc_valid_contrastive_L', 0.253), ('in_house_lnp_DC24_luc_valid_agg_rmse', 4.6059), ('bsz', 312.0), ('num_updates', 9155)])
2026-04-17 00:05:12 | INFO | valid | epoch 067 | valid on 'valid' subset | loss 0.061 | loss_in_house_lnp_B16F10_luc 0.037 | loss_in_house_lnp_DC24_luc 0.025 | in_house_lnp_B16F10_luc_valid_spearmanr_coeff 0.846 | in_house_lnp_B16F10_luc_valid_spearmanr_p_val 0 | in_house_lnp_B16F10_luc_valid_pearsonr_coeff 0.813 | in_house_lnp_B16F10_luc_valid_pearsonr_p_val 0 | in_house_lnp_B16F10_luc_valid_mae 2.405 | in_house_lnp_B16F10_luc_valid_mse 8.583 | in_house_lnp_B16F10_luc_valid_agg_mae 2.405 | in_house_lnp_B16F10_luc_valid_agg_mse 8.583 | in_house_lnp_B16F10_luc_valid_contrastive_L 0.401 | in_house_lnp_B16F10_luc_valid_agg_rmse 2.9297 | in_house_lnp_DC24_luc_valid_spearmanr_coeff 0.939 | in_house_lnp_DC24_luc_valid_spearmanr_p_val 0 | in_house_lnp_DC24_luc_valid_pearsonr_coeff 0.934 | in_house_lnp_DC24_luc_valid_pearsonr_p_val 0 | in_house_lnp_DC24_luc_valid_mae 4.034 | in_house_lnp_DC24_luc_valid_mse 21.215 | in_house_lnp_DC24_luc_valid_agg_mae 4.034 | in_house_lnp_DC24_luc_valid_agg_mse 21.215 | in_house_lnp_DC24_luc_valid_contrastive_L 0.253 | in_house_lnp_DC24_luc_valid_agg_rmse 4.6059 | bsz 312 | num_updates 9155
validate stats:  OrderedDict([('loss', 0.061), ('loss_in_house_lnp_B16F10_luc', 0.037), ('loss_in_house_lnp_DC24_luc', 0.025), ('in_house_lnp_B16F10_luc_valid_spearmanr_coeff', 0.846), ('in_house_lnp_B16F10_luc_valid_spearmanr_p_val', 0.0), ('in_house_lnp_B16F10_luc_valid_pearsonr_coeff', 0.813), ('in_house_lnp_B16F10_luc_valid_pearsonr_p_val', 0.0), ('in_house_lnp_B16F10_luc_valid_mae', 2.405), ('in_house_lnp_B16F10_luc_valid_mse', 8.583), ('in_house_lnp_B16F10_luc_valid_agg_mae', 2.405), ('in_house_lnp_B16F10_luc_valid_agg_mse', 8.583), ('in_house_lnp_B16F10_luc_valid_contrastive_L', 0.401), ('in_house_lnp_B16F10_luc_valid_agg_rmse', 2.9297), ('in_house_lnp_DC24_luc_valid_spearmanr_coeff', 0.939), ('in_house_lnp_DC24_luc_valid_spearmanr_p_val', 0.0), ('in_house_lnp_DC24_luc_valid_pearsonr_coeff', 0.934), ('in_house_lnp_DC24_luc_valid_pearsonr_p_val', 0.0), ('in_house_lnp_DC24_luc_valid_mae', 4.034), ('in_house_lnp_DC24_luc_valid_mse', 21.215), ('in_house_lnp_DC24_luc_valid_agg_mae', 4.034), ('in_house_lnp_DC24_luc_valid_agg_mse', 21.215), ('in_house_lnp_DC24_luc_valid_contrastive_L', 0.253), ('in_house_lnp_DC24_luc_valid_agg_rmse', 4.6059), ('bsz', 312.0), ('num_updates', 9155)])
2026-04-17 00:05:12 | INFO | unicore_cli.train | averaging ['in_house_lnp_B16F10_luc_valid_spearmanr_coeff', 'in_house_lnp_DC24_luc_valid_spearmanr_coeff'] for valid_spearmanr_coeff
2026-04-17 00:05:12 | INFO | unimol.core.checkpoint_utils | Preparing to save checkpoint for epoch 67 @ 9155 updates
2026-04-17 00:05:12 | INFO | unimol.core.trainer | Saving checkpoint to ./tmp_save_demo/save_InfoMax_Run/checkpoint67.pt
2026-04-17 00:05:13 | INFO | unimol.core.trainer | Finished saving checkpoint to ./tmp_save_demo/save_InfoMax_Run/checkpoint67.pt
2026-04-17 00:05:13 | INFO | unimol.core.checkpoint_utils | Saved checkpoint ./tmp_save_demo/save_InfoMax_Run/checkpoint67.pt (epoch 67 @ 9155 updates, score 0.8925) (writing took 0.9647106870543212 seconds)
2026-04-17 00:05:13 | INFO | unicore_cli.train | end of epoch 67 (average epoch stats below)
2026-04-17 00:05:13 | INFO | unimol.core.checkpoint_utils | copy ./tmp_save_demo/save_InfoMax_Run/checkpoint67.pt to ./save_demo/save_InfoMax_Run/checkpoint67.pt
2026-04-17 00:05:13 | INFO | train | epoch 067 | loss 0.051 | loss_in_house_lnp_B16F10_luc 0.028 | loss_in_house_lnp_DC24_luc 0.018 | ups 6.99 | bsz 15.9 | num_updates 9155 | lr 7.10954e-05 | gnorm 9.421 | clip 100 | loss_scale 64 | train_wall 15.27 | epoch_itr_sz 137 | gb_free 76 | wall 1317
2026-04-17 00:05:13 | INFO | unimol.core.tasks.unicore_task | get EpochBatchIterator for epoch 68
2026-04-17 00:05:13 | INFO | unimol.core.trainer | begin training epoch 68
2026-04-17 00:05:13 | INFO | unicore_cli.train | Start iterating over samples
2026-04-17 00:05:14 | INFO | unimol.core.checkpoint_utils | copy ./tmp_save_demo/save_InfoMax_Run/checkpoint67.pt to ./save_demo/save_InfoMax_Run/checkpoint_last.pt
2026-04-17 00:05:15 | INFO | unimol.core.checkpoint_utils | removing temp file ./tmp_save_demo/save_InfoMax_Run/checkpoint67.pt ...
2026-04-17 00:05:15 | INFO | unimol.core.checkpoint_utils | removed ./save_demo/save_InfoMax_Run/checkpoint57.pt
2026-04-17 00:05:15 | INFO | unimol.core.checkpoint_utils | finished async ckp saving.
2026-04-17 00:05:19 | INFO | train_inner | epoch 068:     45 / 137 loss=0.052, loss_in_house_lnp_B16F10_luc=0.027, loss_in_house_lnp_DC24_luc=0.019, ups=6.57, bsz=16, num_updates=9200, lr=7.0922e-05, gnorm=9.02, clip=100, loss_scale=64, train_wall=11.14, gb_free=76.2, wall=1324
2026-04-17 00:05:29 | INFO | unicore_cli.train | begin validation on "valid" subset
2026-04-17 00:05:29 | INFO | unimol.core.tasks.unicore_task | get EpochBatchIterator for epoch 1
reduce_metrics, task_name:  in_house_lnp_B16F10_luc
reduce_metrics, task_name:  in_house_lnp_DC24_luc
get_valid_stats stats:  OrderedDict([('loss', 0.058), ('loss_in_house_lnp_B16F10_luc', 0.034), ('loss_in_house_lnp_DC24_luc', 0.024), ('in_house_lnp_B16F10_luc_valid_spearmanr_coeff', 0.858), ('in_house_lnp_B16F10_luc_valid_spearmanr_p_val', 0.0), ('in_house_lnp_B16F10_luc_valid_pearsonr_coeff', 0.823), ('in_house_lnp_B16F10_luc_valid_pearsonr_p_val', 0.0), ('in_house_lnp_B16F10_luc_valid_mae', 2.352), ('in_house_lnp_B16F10_luc_valid_mse', 8.353), ('in_house_lnp_B16F10_luc_valid_agg_mae', 2.352), ('in_house_lnp_B16F10_luc_valid_agg_mse', 8.353), ('in_house_lnp_B16F10_luc_valid_contrastive_L', 0.383), ('in_house_lnp_B16F10_luc_valid_agg_rmse', 2.8902), ('in_house_lnp_DC24_luc_valid_spearmanr_coeff', 0.946), ('in_house_lnp_DC24_luc_valid_spearmanr_p_val', 0.0), ('in_house_lnp_DC24_luc_valid_pearsonr_coeff', 0.935), ('in_house_lnp_DC24_luc_valid_pearsonr_p_val', 0.0), ('in_house_lnp_DC24_luc_valid_mae', 4.021), ('in_house_lnp_DC24_luc_valid_mse', 21.367), ('in_house_lnp_DC24_luc_valid_agg_mae', 4.021), ('in_house_lnp_DC24_luc_valid_agg_mse', 21.367), ('in_house_lnp_DC24_luc_valid_contrastive_L', 0.239), ('in_house_lnp_DC24_luc_valid_agg_rmse', 4.6224), ('bsz', 312.0), ('num_updates', 9292)])
2026-04-17 00:05:31 | INFO | valid | epoch 068 | valid on 'valid' subset | loss 0.058 | loss_in_house_lnp_B16F10_luc 0.034 | loss_in_house_lnp_DC24_luc 0.024 | in_house_lnp_B16F10_luc_valid_spearmanr_coeff 0.858 | in_house_lnp_B16F10_luc_valid_spearmanr_p_val 0 | in_house_lnp_B16F10_luc_valid_pearsonr_coeff 0.823 | in_house_lnp_B16F10_luc_valid_pearsonr_p_val 0 | in_house_lnp_B16F10_luc_valid_mae 2.352 | in_house_lnp_B16F10_luc_valid_mse 8.353 | in_house_lnp_B16F10_luc_valid_agg_mae 2.352 | in_house_lnp_B16F10_luc_valid_agg_mse 8.353 | in_house_lnp_B16F10_luc_valid_contrastive_L 0.383 | in_house_lnp_B16F10_luc_valid_agg_rmse 2.8902 | in_house_lnp_DC24_luc_valid_spearmanr_coeff 0.946 | in_house_lnp_DC24_luc_valid_spearmanr_p_val 0 | in_house_lnp_DC24_luc_valid_pearsonr_coeff 0.935 | in_house_lnp_DC24_luc_valid_pearsonr_p_val 0 | in_house_lnp_DC24_luc_valid_mae 4.021 | in_house_lnp_DC24_luc_valid_mse 21.367 | in_house_lnp_DC24_luc_valid_agg_mae 4.021 | in_house_lnp_DC24_luc_valid_agg_mse 21.367 | in_house_lnp_DC24_luc_valid_contrastive_L 0.239 | in_house_lnp_DC24_luc_valid_agg_rmse 4.6224 | bsz 312 | num_updates 9292
validate stats:  OrderedDict([('loss', 0.058), ('loss_in_house_lnp_B16F10_luc', 0.034), ('loss_in_house_lnp_DC24_luc', 0.024), ('in_house_lnp_B16F10_luc_valid_spearmanr_coeff', 0.858), ('in_house_lnp_B16F10_luc_valid_spearmanr_p_val', 0.0), ('in_house_lnp_B16F10_luc_valid_pearsonr_coeff', 0.823), ('in_house_lnp_B16F10_luc_valid_pearsonr_p_val', 0.0), ('in_house_lnp_B16F10_luc_valid_mae', 2.352), ('in_house_lnp_B16F10_luc_valid_mse', 8.353), ('in_house_lnp_B16F10_luc_valid_agg_mae', 2.352), ('in_house_lnp_B16F10_luc_valid_agg_mse', 8.353), ('in_house_lnp_B16F10_luc_valid_contrastive_L', 0.383), ('in_house_lnp_B16F10_luc_valid_agg_rmse', 2.8902), ('in_house_lnp_DC24_luc_valid_spearmanr_coeff', 0.946), ('in_house_lnp_DC24_luc_valid_spearmanr_p_val', 0.0), ('in_house_lnp_DC24_luc_valid_pearsonr_coeff', 0.935), ('in_house_lnp_DC24_luc_valid_pearsonr_p_val', 0.0), ('in_house_lnp_DC24_luc_valid_mae', 4.021), ('in_house_lnp_DC24_luc_valid_mse', 21.367), ('in_house_lnp_DC24_luc_valid_agg_mae', 4.021), ('in_house_lnp_DC24_luc_valid_agg_mse', 21.367), ('in_house_lnp_DC24_luc_valid_contrastive_L', 0.239), ('in_house_lnp_DC24_luc_valid_agg_rmse', 4.6224), ('bsz', 312.0), ('num_updates', 9292)])
2026-04-17 00:05:31 | INFO | unicore_cli.train | averaging ['in_house_lnp_B16F10_luc_valid_spearmanr_coeff', 'in_house_lnp_DC24_luc_valid_spearmanr_coeff'] for valid_spearmanr_coeff
2026-04-17 00:05:31 | INFO | unimol.core.checkpoint_utils | Preparing to save checkpoint for epoch 68 @ 9292 updates
2026-04-17 00:05:31 | INFO | unimol.core.trainer | Saving checkpoint to ./tmp_save_demo/save_InfoMax_Run/checkpoint68.pt
2026-04-17 00:05:32 | INFO | unimol.core.trainer | Finished saving checkpoint to ./tmp_save_demo/save_InfoMax_Run/checkpoint68.pt
2026-04-17 00:05:32 | INFO | unimol.core.checkpoint_utils | Saved checkpoint ./tmp_save_demo/save_InfoMax_Run/checkpoint68.pt (epoch 68 @ 9292 updates, score 0.9019999999999999) (writing took 0.8793990650447085 seconds)
2026-04-17 00:05:32 | INFO | unicore_cli.train | end of epoch 68 (average epoch stats below)
2026-04-17 00:05:32 | INFO | unimol.core.checkpoint_utils | copy ./tmp_save_demo/save_InfoMax_Run/checkpoint68.pt to ./save_demo/save_InfoMax_Run/checkpoint68.pt
2026-04-17 00:05:32 | INFO | train | epoch 068 | loss 0.053 | loss_in_house_lnp_B16F10_luc 0.028 | loss_in_house_lnp_DC24_luc 0.019 | ups 7.2 | bsz 15.9 | num_updates 9292 | lr 7.05674e-05 | gnorm 9.392 | clip 99.3 | loss_scale 64 | train_wall 15.42 | epoch_itr_sz 137 | gb_free 76 | wall 1336
2026-04-17 00:05:32 | INFO | unimol.core.tasks.unicore_task | get EpochBatchIterator for epoch 69
2026-04-17 00:05:32 | INFO | unimol.core.trainer | begin training epoch 69
2026-04-17 00:05:32 | INFO | unicore_cli.train | Start iterating over samples
2026-04-17 00:05:33 | INFO | unimol.core.checkpoint_utils | copy ./tmp_save_demo/save_InfoMax_Run/checkpoint68.pt to ./save_demo/save_InfoMax_Run/checkpoint_last.pt
2026-04-17 00:05:33 | INFO | unimol.core.checkpoint_utils | removing temp file ./tmp_save_demo/save_InfoMax_Run/checkpoint68.pt ...
2026-04-17 00:05:33 | INFO | unimol.core.checkpoint_utils | removed ./save_demo/save_InfoMax_Run/checkpoint58.pt
2026-04-17 00:05:33 | INFO | unimol.core.checkpoint_utils | finished async ckp saving.
2026-04-17 00:05:34 | INFO | train_inner | epoch 069:      8 / 137 loss=0.053, loss_in_house_lnp_B16F10_luc=0.028, loss_in_house_lnp_DC24_luc=0.019, ups=6.72, bsz=15.9, num_updates=9300, lr=7.05365e-05, gnorm=10.429, clip=99, loss_scale=64, train_wall=11.25, gb_free=76, wall=1339
2026-04-17 00:05:37 | INFO | unimol.core.trainer | NOTE: gradient overflow detected, ignoring gradient, setting loss scale to: 64.0
2026-04-17 00:05:46 | INFO | train_inner | epoch 069:    109 / 137 loss=0.05, loss_in_house_lnp_B16F10_luc=0.027, loss_in_house_lnp_DC24_luc=0.017, ups=8.57, bsz=15.9, num_updates=9400, lr=7.01511e-05, gnorm=8.955, clip=100, loss_scale=64, train_wall=11.39, gb_free=76, wall=1350
2026-04-17 00:05:49 | INFO | unicore_cli.train | begin validation on "valid" subset
2026-04-17 00:05:49 | INFO | unimol.core.tasks.unicore_task | get EpochBatchIterator for epoch 1
reduce_metrics, task_name:  in_house_lnp_B16F10_luc
reduce_metrics, task_name:  in_house_lnp_DC24_luc
get_valid_stats stats:  OrderedDict([('loss', 0.058), ('loss_in_house_lnp_B16F10_luc', 0.035), ('loss_in_house_lnp_DC24_luc', 0.023), ('in_house_lnp_B16F10_luc_valid_spearmanr_coeff', 0.855), ('in_house_lnp_B16F10_luc_valid_spearmanr_p_val', 0.0), ('in_house_lnp_B16F10_luc_valid_pearsonr_coeff', 0.814), ('in_house_lnp_B16F10_luc_valid_pearsonr_p_val', 0.0), ('in_house_lnp_B16F10_luc_valid_mae', 2.413), ('in_house_lnp_B16F10_luc_valid_mse', 8.203), ('in_house_lnp_B16F10_luc_valid_agg_mae', 2.413), ('in_house_lnp_B16F10_luc_valid_agg_mse', 8.203), ('in_house_lnp_B16F10_luc_valid_contrastive_L', 0.389), ('in_house_lnp_B16F10_luc_valid_agg_rmse', 2.8641), ('in_house_lnp_DC24_luc_valid_spearmanr_coeff', 0.947), ('in_house_lnp_DC24_luc_valid_spearmanr_p_val', 0.0), ('in_house_lnp_DC24_luc_valid_pearsonr_coeff', 0.938), ('in_house_lnp_DC24_luc_valid_pearsonr_p_val', 0.0), ('in_house_lnp_DC24_luc_valid_mae', 4.377), ('in_house_lnp_DC24_luc_valid_mse', 24.459), ('in_house_lnp_DC24_luc_valid_agg_mae', 4.377), ('in_house_lnp_DC24_luc_valid_agg_mse', 24.459), ('in_house_lnp_DC24_luc_valid_contrastive_L', 0.241), ('in_house_lnp_DC24_luc_valid_agg_rmse', 4.9456), ('bsz', 312.0), ('num_updates', 9428)])
2026-04-17 00:05:50 | INFO | valid | epoch 069 | valid on 'valid' subset | loss 0.058 | loss_in_house_lnp_B16F10_luc 0.035 | loss_in_house_lnp_DC24_luc 0.023 | in_house_lnp_B16F10_luc_valid_spearmanr_coeff 0.855 | in_house_lnp_B16F10_luc_valid_spearmanr_p_val 0 | in_house_lnp_B16F10_luc_valid_pearsonr_coeff 0.814 | in_house_lnp_B16F10_luc_valid_pearsonr_p_val 0 | in_house_lnp_B16F10_luc_valid_mae 2.413 | in_house_lnp_B16F10_luc_valid_mse 8.203 | in_house_lnp_B16F10_luc_valid_agg_mae 2.413 | in_house_lnp_B16F10_luc_valid_agg_mse 8.203 | in_house_lnp_B16F10_luc_valid_contrastive_L 0.389 | in_house_lnp_B16F10_luc_valid_agg_rmse 2.8641 | in_house_lnp_DC24_luc_valid_spearmanr_coeff 0.947 | in_house_lnp_DC24_luc_valid_spearmanr_p_val 0 | in_house_lnp_DC24_luc_valid_pearsonr_coeff 0.938 | in_house_lnp_DC24_luc_valid_pearsonr_p_val 0 | in_house_lnp_DC24_luc_valid_mae 4.377 | in_house_lnp_DC24_luc_valid_mse 24.459 | in_house_lnp_DC24_luc_valid_agg_mae 4.377 | in_house_lnp_DC24_luc_valid_agg_mse 24.459 | in_house_lnp_DC24_luc_valid_contrastive_L 0.241 | in_house_lnp_DC24_luc_valid_agg_rmse 4.9456 | bsz 312 | num_updates 9428
validate stats:  OrderedDict([('loss', 0.058), ('loss_in_house_lnp_B16F10_luc', 0.035), ('loss_in_house_lnp_DC24_luc', 0.023), ('in_house_lnp_B16F10_luc_valid_spearmanr_coeff', 0.855), ('in_house_lnp_B16F10_luc_valid_spearmanr_p_val', 0.0), ('in_house_lnp_B16F10_luc_valid_pearsonr_coeff', 0.814), ('in_house_lnp_B16F10_luc_valid_pearsonr_p_val', 0.0), ('in_house_lnp_B16F10_luc_valid_mae', 2.413), ('in_house_lnp_B16F10_luc_valid_mse', 8.203), ('in_house_lnp_B16F10_luc_valid_agg_mae', 2.413), ('in_house_lnp_B16F10_luc_valid_agg_mse', 8.203), ('in_house_lnp_B16F10_luc_valid_contrastive_L', 0.389), ('in_house_lnp_B16F10_luc_valid_agg_rmse', 2.8641), ('in_house_lnp_DC24_luc_valid_spearmanr_coeff', 0.947), ('in_house_lnp_DC24_luc_valid_spearmanr_p_val', 0.0), ('in_house_lnp_DC24_luc_valid_pearsonr_coeff', 0.938), ('in_house_lnp_DC24_luc_valid_pearsonr_p_val', 0.0), ('in_house_lnp_DC24_luc_valid_mae', 4.377), ('in_house_lnp_DC24_luc_valid_mse', 24.459), ('in_house_lnp_DC24_luc_valid_agg_mae', 4.377), ('in_house_lnp_DC24_luc_valid_agg_mse', 24.459), ('in_house_lnp_DC24_luc_valid_contrastive_L', 0.241), ('in_house_lnp_DC24_luc_valid_agg_rmse', 4.9456), ('bsz', 312.0), ('num_updates', 9428)])
2026-04-17 00:05:50 | INFO | unicore_cli.train | averaging ['in_house_lnp_B16F10_luc_valid_spearmanr_coeff', 'in_house_lnp_DC24_luc_valid_spearmanr_coeff'] for valid_spearmanr_coeff
2026-04-17 00:05:50 | INFO | unimol.core.checkpoint_utils | Preparing to save checkpoint for epoch 69 @ 9428 updates
2026-04-17 00:05:50 | INFO | unimol.core.trainer | Saving checkpoint to ./tmp_save_demo/save_InfoMax_Run/checkpoint69.pt
2026-04-17 00:05:51 | INFO | unimol.core.trainer | Finished saving checkpoint to ./tmp_save_demo/save_InfoMax_Run/checkpoint69.pt
2026-04-17 00:05:51 | INFO | unimol.core.checkpoint_utils | Saved checkpoint ./tmp_save_demo/save_InfoMax_Run/checkpoint69.pt (epoch 69 @ 9428 updates, score 0.901) (writing took 0.8850842410465702 seconds)
2026-04-17 00:05:51 | INFO | unicore_cli.train | end of epoch 69 (average epoch stats below)
2026-04-17 00:05:51 | INFO | unimol.core.checkpoint_utils | copy ./tmp_save_demo/save_InfoMax_Run/checkpoint69.pt to ./save_demo/save_InfoMax_Run/checkpoint69.pt
2026-04-17 00:05:51 | INFO | train | epoch 069 | loss 0.052 | loss_in_house_lnp_B16F10_luc 0.028 | loss_in_house_lnp_DC24_luc 0.018 | ups 6.97 | bsz 15.9 | num_updates 9428 | lr 7.00432e-05 | gnorm 9.059 | clip 100 | loss_scale 64 | train_wall 15.43 | epoch_itr_sz 137 | gb_free 76 | wall 1356
2026-04-17 00:05:51 | INFO | unimol.core.tasks.unicore_task | get EpochBatchIterator for epoch 70
2026-04-17 00:05:51 | INFO | unimol.core.trainer | begin training epoch 70
2026-04-17 00:05:51 | INFO | unicore_cli.train | Start iterating over samples
2026-04-17 00:05:53 | INFO | unimol.core.checkpoint_utils | copy ./tmp_save_demo/save_InfoMax_Run/checkpoint69.pt to ./save_demo/save_InfoMax_Run/checkpoint_last.pt
2026-04-17 00:05:53 | INFO | unimol.core.checkpoint_utils | removing temp file ./tmp_save_demo/save_InfoMax_Run/checkpoint69.pt ...
2026-04-17 00:05:53 | INFO | unimol.core.checkpoint_utils | removed ./save_demo/save_InfoMax_Run/checkpoint59.pt
2026-04-17 00:05:53 | INFO | unimol.core.checkpoint_utils | finished async ckp saving.
2026-04-17 00:06:00 | INFO | train_inner | epoch 070:     72 / 137 loss=0.054, loss_in_house_lnp_B16F10_luc=0.028, loss_in_house_lnp_DC24_luc=0.02, ups=6.67, bsz=16, num_updates=9500, lr=6.97656e-05, gnorm=10.572, clip=99, loss_scale=64, train_wall=11.17, gb_free=76, wall=1365
2026-04-17 00:06:08 | INFO | unicore_cli.train | begin validation on "valid" subset
2026-04-17 00:06:08 | INFO | unimol.core.tasks.unicore_task | get EpochBatchIterator for epoch 1
reduce_metrics, task_name:  in_house_lnp_B16F10_luc
reduce_metrics, task_name:  in_house_lnp_DC24_luc
get_valid_stats stats:  OrderedDict([('loss', 0.059), ('loss_in_house_lnp_B16F10_luc', 0.035), ('loss_in_house_lnp_DC24_luc', 0.023), ('in_house_lnp_B16F10_luc_valid_spearmanr_coeff', 0.855), ('in_house_lnp_B16F10_luc_valid_spearmanr_p_val', 0.0), ('in_house_lnp_B16F10_luc_valid_pearsonr_coeff', 0.815), ('in_house_lnp_B16F10_luc_valid_pearsonr_p_val', 0.0), ('in_house_lnp_B16F10_luc_valid_mae', 2.428), ('in_house_lnp_B16F10_luc_valid_mse', 8.898), ('in_house_lnp_B16F10_luc_valid_agg_mae', 2.428), ('in_house_lnp_B16F10_luc_valid_agg_mse', 8.898), ('in_house_lnp_B16F10_luc_valid_contrastive_L', 0.395), ('in_house_lnp_B16F10_luc_valid_agg_rmse', 2.983), ('in_house_lnp_DC24_luc_valid_spearmanr_coeff', 0.943), ('in_house_lnp_DC24_luc_valid_spearmanr_p_val', 0.0), ('in_house_lnp_DC24_luc_valid_pearsonr_coeff', 0.931), ('in_house_lnp_DC24_luc_valid_pearsonr_p_val', 0.0), ('in_house_lnp_DC24_luc_valid_mae', 3.803), ('in_house_lnp_DC24_luc_valid_mse', 19.988), ('in_house_lnp_DC24_luc_valid_agg_mae', 3.803), ('in_house_lnp_DC24_luc_valid_agg_mse', 19.988), ('in_house_lnp_DC24_luc_valid_contrastive_L', 0.241), ('in_house_lnp_DC24_luc_valid_agg_rmse', 4.4707), ('bsz', 312.0), ('num_updates', 9565)])
2026-04-17 00:06:10 | INFO | valid | epoch 070 | valid on 'valid' subset | loss 0.059 | loss_in_house_lnp_B16F10_luc 0.035 | loss_in_house_lnp_DC24_luc 0.023 | in_house_lnp_B16F10_luc_valid_spearmanr_coeff 0.855 | in_house_lnp_B16F10_luc_valid_spearmanr_p_val 0 | in_house_lnp_B16F10_luc_valid_pearsonr_coeff 0.815 | in_house_lnp_B16F10_luc_valid_pearsonr_p_val 0 | in_house_lnp_B16F10_luc_valid_mae 2.428 | in_house_lnp_B16F10_luc_valid_mse 8.898 | in_house_lnp_B16F10_luc_valid_agg_mae 2.428 | in_house_lnp_B16F10_luc_valid_agg_mse 8.898 | in_house_lnp_B16F10_luc_valid_contrastive_L 0.395 | in_house_lnp_B16F10_luc_valid_agg_rmse 2.983 | in_house_lnp_DC24_luc_valid_spearmanr_coeff 0.943 | in_house_lnp_DC24_luc_valid_spearmanr_p_val 0 | in_house_lnp_DC24_luc_valid_pearsonr_coeff 0.931 | in_house_lnp_DC24_luc_valid_pearsonr_p_val 0 | in_house_lnp_DC24_luc_valid_mae 3.803 | in_house_lnp_DC24_luc_valid_mse 19.988 | in_house_lnp_DC24_luc_valid_agg_mae 3.803 | in_house_lnp_DC24_luc_valid_agg_mse 19.988 | in_house_lnp_DC24_luc_valid_contrastive_L 0.241 | in_house_lnp_DC24_luc_valid_agg_rmse 4.4707 | bsz 312 | num_updates 9565
validate stats:  OrderedDict([('loss', 0.059), ('loss_in_house_lnp_B16F10_luc', 0.035), ('loss_in_house_lnp_DC24_luc', 0.023), ('in_house_lnp_B16F10_luc_valid_spearmanr_coeff', 0.855), ('in_house_lnp_B16F10_luc_valid_spearmanr_p_val', 0.0), ('in_house_lnp_B16F10_luc_valid_pearsonr_coeff', 0.815), ('in_house_lnp_B16F10_luc_valid_pearsonr_p_val', 0.0), ('in_house_lnp_B16F10_luc_valid_mae', 2.428), ('in_house_lnp_B16F10_luc_valid_mse', 8.898), ('in_house_lnp_B16F10_luc_valid_agg_mae', 2.428), ('in_house_lnp_B16F10_luc_valid_agg_mse', 8.898), ('in_house_lnp_B16F10_luc_valid_contrastive_L', 0.395), ('in_house_lnp_B16F10_luc_valid_agg_rmse', 2.983), ('in_house_lnp_DC24_luc_valid_spearmanr_coeff', 0.943), ('in_house_lnp_DC24_luc_valid_spearmanr_p_val', 0.0), ('in_house_lnp_DC24_luc_valid_pearsonr_coeff', 0.931), ('in_house_lnp_DC24_luc_valid_pearsonr_p_val', 0.0), ('in_house_lnp_DC24_luc_valid_mae', 3.803), ('in_house_lnp_DC24_luc_valid_mse', 19.988), ('in_house_lnp_DC24_luc_valid_agg_mae', 3.803), ('in_house_lnp_DC24_luc_valid_agg_mse', 19.988), ('in_house_lnp_DC24_luc_valid_contrastive_L', 0.241), ('in_house_lnp_DC24_luc_valid_agg_rmse', 4.4707), ('bsz', 312.0), ('num_updates', 9565)])
2026-04-17 00:06:10 | INFO | unicore_cli.train | averaging ['in_house_lnp_B16F10_luc_valid_spearmanr_coeff', 'in_house_lnp_DC24_luc_valid_spearmanr_coeff'] for valid_spearmanr_coeff
2026-04-17 00:06:10 | INFO | unimol.core.checkpoint_utils | Preparing to save checkpoint for epoch 70 @ 9565 updates
2026-04-17 00:06:10 | INFO | unimol.core.trainer | Saving checkpoint to ./tmp_save_demo/save_InfoMax_Run/checkpoint70.pt
2026-04-17 00:06:10 | INFO | unimol.core.trainer | Finished saving checkpoint to ./tmp_save_demo/save_InfoMax_Run/checkpoint70.pt
2026-04-17 00:06:10 | INFO | unimol.core.checkpoint_utils | Saved checkpoint ./tmp_save_demo/save_InfoMax_Run/checkpoint70.pt (epoch 70 @ 9565 updates, score 0.899) (writing took 0.9456095910863951 seconds)
2026-04-17 00:06:10 | INFO | unimol.core.checkpoint_utils | copy ./tmp_save_demo/save_InfoMax_Run/checkpoint70.pt to ./save_demo/save_InfoMax_Run/checkpoint70.pt
2026-04-17 00:06:10 | INFO | unicore_cli.train | end of epoch 70 (average epoch stats below)
2026-04-17 00:06:10 | INFO | train | epoch 070 | loss 0.051 | loss_in_house_lnp_B16F10_luc 0.027 | loss_in_house_lnp_DC24_luc 0.018 | ups 7.07 | bsz 15.9 | num_updates 9565 | lr 6.95151e-05 | gnorm 9.599 | clip 99.3 | loss_scale 64 | train_wall 15.36 | epoch_itr_sz 137 | gb_free 76 | wall 1375
2026-04-17 00:06:10 | INFO | unimol.core.tasks.unicore_task | get EpochBatchIterator for epoch 71
2026-04-17 00:06:11 | INFO | unimol.core.trainer | begin training epoch 71
2026-04-17 00:06:11 | INFO | unicore_cli.train | Start iterating over samples
2026-04-17 00:06:12 | INFO | unimol.core.checkpoint_utils | copy ./tmp_save_demo/save_InfoMax_Run/checkpoint70.pt to ./save_demo/save_InfoMax_Run/checkpoint_last.pt
2026-04-17 00:06:13 | INFO | unimol.core.checkpoint_utils | removing temp file ./tmp_save_demo/save_InfoMax_Run/checkpoint70.pt ...
2026-04-17 00:06:13 | INFO | unimol.core.checkpoint_utils | removed ./save_demo/save_InfoMax_Run/checkpoint60.pt
2026-04-17 00:06:13 | INFO | unimol.core.checkpoint_utils | finished async ckp saving.
2026-04-17 00:06:16 | INFO | train_inner | epoch 071:     35 / 137 loss=0.05, loss_in_house_lnp_B16F10_luc=0.028, loss_in_house_lnp_DC24_luc=0.017, ups=6.64, bsz=15.8, num_updates=9600, lr=6.93802e-05, gnorm=8.519, clip=100, loss_scale=128, train_wall=11.26, gb_free=76, wall=1380
2026-04-17 00:06:21 | INFO | unimol.core.trainer | NOTE: gradient overflow detected, ignoring gradient, setting loss scale to: 64.0
2026-04-17 00:06:27 | INFO | train_inner | epoch 071:    136 / 137 loss=0.052, loss_in_house_lnp_B16F10_luc=0.028, loss_in_house_lnp_DC24_luc=0.018, ups=8.59, bsz=16, num_updates=9700, lr=6.89948e-05, gnorm=8.905, clip=100, loss_scale=64, train_wall=11.34, gb_free=76, wall=1392
2026-04-17 00:06:27 | INFO | unicore_cli.train | begin validation on "valid" subset
2026-04-17 00:06:27 | INFO | unimol.core.tasks.unicore_task | get EpochBatchIterator for epoch 1
reduce_metrics, task_name:  in_house_lnp_B16F10_luc
reduce_metrics, task_name:  in_house_lnp_DC24_luc
get_valid_stats stats:  OrderedDict([('loss', 0.057), ('loss_in_house_lnp_B16F10_luc', 0.033), ('loss_in_house_lnp_DC24_luc', 0.023), ('in_house_lnp_B16F10_luc_valid_spearmanr_coeff', 0.859), ('in_house_lnp_B16F10_luc_valid_spearmanr_p_val', 0.0), ('in_house_lnp_B16F10_luc_valid_pearsonr_coeff', 0.837), ('in_house_lnp_B16F10_luc_valid_pearsonr_p_val', 0.0), ('in_house_lnp_B16F10_luc_valid_mae', 2.456), ('in_house_lnp_B16F10_luc_valid_mse', 8.736), ('in_house_lnp_B16F10_luc_valid_agg_mae', 2.456), ('in_house_lnp_B16F10_luc_valid_agg_mse', 8.736), ('in_house_lnp_B16F10_luc_valid_contrastive_L', 0.381), ('in_house_lnp_B16F10_luc_valid_agg_rmse', 2.9557), ('in_house_lnp_DC24_luc_valid_spearmanr_coeff', 0.947), ('in_house_lnp_DC24_luc_valid_spearmanr_p_val', 0.0), ('in_house_lnp_DC24_luc_valid_pearsonr_coeff', 0.94), ('in_house_lnp_DC24_luc_valid_pearsonr_p_val', 0.0), ('in_house_lnp_DC24_luc_valid_mae', 4.22), ('in_house_lnp_DC24_luc_valid_mse', 23.308), ('in_house_lnp_DC24_luc_valid_agg_mae', 4.22), ('in_house_lnp_DC24_luc_valid_agg_mse', 23.308), ('in_house_lnp_DC24_luc_valid_contrastive_L', 0.236), ('in_house_lnp_DC24_luc_valid_agg_rmse', 4.8278), ('bsz', 312.0), ('num_updates', 9701)])
2026-04-17 00:06:29 | INFO | valid | epoch 071 | valid on 'valid' subset | loss 0.057 | loss_in_house_lnp_B16F10_luc 0.033 | loss_in_house_lnp_DC24_luc 0.023 | in_house_lnp_B16F10_luc_valid_spearmanr_coeff 0.859 | in_house_lnp_B16F10_luc_valid_spearmanr_p_val 0 | in_house_lnp_B16F10_luc_valid_pearsonr_coeff 0.837 | in_house_lnp_B16F10_luc_valid_pearsonr_p_val 0 | in_house_lnp_B16F10_luc_valid_mae 2.456 | in_house_lnp_B16F10_luc_valid_mse 8.736 | in_house_lnp_B16F10_luc_valid_agg_mae 2.456 | in_house_lnp_B16F10_luc_valid_agg_mse 8.736 | in_house_lnp_B16F10_luc_valid_contrastive_L 0.381 | in_house_lnp_B16F10_luc_valid_agg_rmse 2.9557 | in_house_lnp_DC24_luc_valid_spearmanr_coeff 0.947 | in_house_lnp_DC24_luc_valid_spearmanr_p_val 0 | in_house_lnp_DC24_luc_valid_pearsonr_coeff 0.94 | in_house_lnp_DC24_luc_valid_pearsonr_p_val 0 | in_house_lnp_DC24_luc_valid_mae 4.22 | in_house_lnp_DC24_luc_valid_mse 23.308 | in_house_lnp_DC24_luc_valid_agg_mae 4.22 | in_house_lnp_DC24_luc_valid_agg_mse 23.308 | in_house_lnp_DC24_luc_valid_contrastive_L 0.236 | in_house_lnp_DC24_luc_valid_agg_rmse 4.8278 | bsz 312 | num_updates 9701
validate stats:  OrderedDict([('loss', 0.057), ('loss_in_house_lnp_B16F10_luc', 0.033), ('loss_in_house_lnp_DC24_luc', 0.023), ('in_house_lnp_B16F10_luc_valid_spearmanr_coeff', 0.859), ('in_house_lnp_B16F10_luc_valid_spearmanr_p_val', 0.0), ('in_house_lnp_B16F10_luc_valid_pearsonr_coeff', 0.837), ('in_house_lnp_B16F10_luc_valid_pearsonr_p_val', 0.0), ('in_house_lnp_B16F10_luc_valid_mae', 2.456), ('in_house_lnp_B16F10_luc_valid_mse', 8.736), ('in_house_lnp_B16F10_luc_valid_agg_mae', 2.456), ('in_house_lnp_B16F10_luc_valid_agg_mse', 8.736), ('in_house_lnp_B16F10_luc_valid_contrastive_L', 0.381), ('in_house_lnp_B16F10_luc_valid_agg_rmse', 2.9557), ('in_house_lnp_DC24_luc_valid_spearmanr_coeff', 0.947), ('in_house_lnp_DC24_luc_valid_spearmanr_p_val', 0.0), ('in_house_lnp_DC24_luc_valid_pearsonr_coeff', 0.94), ('in_house_lnp_DC24_luc_valid_pearsonr_p_val', 0.0), ('in_house_lnp_DC24_luc_valid_mae', 4.22), ('in_house_lnp_DC24_luc_valid_mse', 23.308), ('in_house_lnp_DC24_luc_valid_agg_mae', 4.22), ('in_house_lnp_DC24_luc_valid_agg_mse', 23.308), ('in_house_lnp_DC24_luc_valid_contrastive_L', 0.236), ('in_house_lnp_DC24_luc_valid_agg_rmse', 4.8278), ('bsz', 312.0), ('num_updates', 9701)])
2026-04-17 00:06:29 | INFO | unicore_cli.train | averaging ['in_house_lnp_B16F10_luc_valid_spearmanr_coeff', 'in_house_lnp_DC24_luc_valid_spearmanr_coeff'] for valid_spearmanr_coeff
2026-04-17 00:06:29 | INFO | unimol.core.checkpoint_utils | Preparing to save checkpoint for epoch 71 @ 9701 updates
2026-04-17 00:06:29 | INFO | unimol.core.trainer | Saving checkpoint to ./tmp_save_demo/save_InfoMax_Run/checkpoint71.pt
2026-04-17 00:06:30 | INFO | unimol.core.trainer | Finished saving checkpoint to ./tmp_save_demo/save_InfoMax_Run/checkpoint71.pt
2026-04-17 00:06:30 | INFO | unimol.core.checkpoint_utils | Saved checkpoint ./tmp_save_demo/save_InfoMax_Run/checkpoint71.pt (epoch 71 @ 9701 updates, score 0.903) (writing took 0.9956374060129747 seconds)
2026-04-17 00:06:30 | INFO | unimol.core.checkpoint_utils | copy ./tmp_save_demo/save_InfoMax_Run/checkpoint71.pt to ./save_demo/save_InfoMax_Run/checkpoint71.pt
2026-04-17 00:06:30 | INFO | unicore_cli.train | end of epoch 71 (average epoch stats below)
2026-04-17 00:06:30 | INFO | train | epoch 071 | loss 0.052 | loss_in_house_lnp_B16F10_luc 0.028 | loss_in_house_lnp_DC24_luc 0.018 | ups 6.97 | bsz 15.9 | num_updates 9701 | lr 6.89909e-05 | gnorm 9.09 | clip 100 | loss_scale 64 | train_wall 15.56 | epoch_itr_sz 137 | gb_free 76 | wall 1395
2026-04-17 00:06:30 | INFO | unimol.core.tasks.unicore_task | get EpochBatchIterator for epoch 72
2026-04-17 00:06:30 | INFO | unimol.core.trainer | begin training epoch 72
2026-04-17 00:06:30 | INFO | unicore_cli.train | Start iterating over samples
2026-04-17 00:06:31 | INFO | unimol.core.checkpoint_utils | copy ./tmp_save_demo/save_InfoMax_Run/checkpoint71.pt to ./save_demo/save_InfoMax_Run/checkpoint_last.pt
2026-04-17 00:06:32 | INFO | unimol.core.checkpoint_utils | removing temp file ./tmp_save_demo/save_InfoMax_Run/checkpoint71.pt ...
2026-04-17 00:06:32 | INFO | unimol.core.checkpoint_utils | removed ./save_demo/save_InfoMax_Run/checkpoint61.pt
2026-04-17 00:06:32 | INFO | unimol.core.checkpoint_utils | finished async ckp saving.
2026-04-17 00:06:44 | INFO | train_inner | epoch 072:     99 / 137 loss=0.053, loss_in_house_lnp_B16F10_luc=0.029, loss_in_house_lnp_DC24_luc=0.018, ups=5.99, bsz=15.9, num_updates=9800, lr=6.86093e-05, gnorm=10.044, clip=100, loss_scale=64, train_wall=12.77, gb_free=76, wall=1409
2026-04-17 00:06:48 | INFO | unicore_cli.train | begin validation on "valid" subset
2026-04-17 00:06:48 | INFO | unimol.core.tasks.unicore_task | get EpochBatchIterator for epoch 1
reduce_metrics, task_name:  in_house_lnp_B16F10_luc
reduce_metrics, task_name:  in_house_lnp_DC24_luc
get_valid_stats stats:  OrderedDict([('loss', 0.062), ('loss_in_house_lnp_B16F10_luc', 0.035), ('loss_in_house_lnp_DC24_luc', 0.027), ('in_house_lnp_B16F10_luc_valid_spearmanr_coeff', 0.849), ('in_house_lnp_B16F10_luc_valid_spearmanr_p_val', 0.0), ('in_house_lnp_B16F10_luc_valid_pearsonr_coeff', 0.82), ('in_house_lnp_B16F10_luc_valid_pearsonr_p_val', 0.0), ('in_house_lnp_B16F10_luc_valid_mae', 2.406), ('in_house_lnp_B16F10_luc_valid_mse', 8.518), ('in_house_lnp_B16F10_luc_valid_agg_mae', 2.406), ('in_house_lnp_B16F10_luc_valid_agg_mse', 8.518), ('in_house_lnp_B16F10_luc_valid_contrastive_L', 0.4), ('in_house_lnp_B16F10_luc_valid_agg_rmse', 2.9185), ('in_house_lnp_DC24_luc_valid_spearmanr_coeff', 0.935), ('in_house_lnp_DC24_luc_valid_spearmanr_p_val', 0.0), ('in_house_lnp_DC24_luc_valid_pearsonr_coeff', 0.932), ('in_house_lnp_DC24_luc_valid_pearsonr_p_val', 0.0), ('in_house_lnp_DC24_luc_valid_mae', 4.266), ('in_house_lnp_DC24_luc_valid_mse', 23.809), ('in_house_lnp_DC24_luc_valid_agg_mae', 4.266), ('in_house_lnp_DC24_luc_valid_agg_mse', 23.809), ('in_house_lnp_DC24_luc_valid_contrastive_L', 0.269), ('in_house_lnp_DC24_luc_valid_agg_rmse', 4.8795), ('bsz', 312.0), ('num_updates', 9838)])
2026-04-17 00:06:50 | INFO | valid | epoch 072 | valid on 'valid' subset | loss 0.062 | loss_in_house_lnp_B16F10_luc 0.035 | loss_in_house_lnp_DC24_luc 0.027 | in_house_lnp_B16F10_luc_valid_spearmanr_coeff 0.849 | in_house_lnp_B16F10_luc_valid_spearmanr_p_val 0 | in_house_lnp_B16F10_luc_valid_pearsonr_coeff 0.82 | in_house_lnp_B16F10_luc_valid_pearsonr_p_val 0 | in_house_lnp_B16F10_luc_valid_mae 2.406 | in_house_lnp_B16F10_luc_valid_mse 8.518 | in_house_lnp_B16F10_luc_valid_agg_mae 2.406 | in_house_lnp_B16F10_luc_valid_agg_mse 8.518 | in_house_lnp_B16F10_luc_valid_contrastive_L 0.4 | in_house_lnp_B16F10_luc_valid_agg_rmse 2.9185 | in_house_lnp_DC24_luc_valid_spearmanr_coeff 0.935 | in_house_lnp_DC24_luc_valid_spearmanr_p_val 0 | in_house_lnp_DC24_luc_valid_pearsonr_coeff 0.932 | in_house_lnp_DC24_luc_valid_pearsonr_p_val 0 | in_house_lnp_DC24_luc_valid_mae 4.266 | in_house_lnp_DC24_luc_valid_mse 23.809 | in_house_lnp_DC24_luc_valid_agg_mae 4.266 | in_house_lnp_DC24_luc_valid_agg_mse 23.809 | in_house_lnp_DC24_luc_valid_contrastive_L 0.269 | in_house_lnp_DC24_luc_valid_agg_rmse 4.8795 | bsz 312 | num_updates 9838
validate stats:  OrderedDict([('loss', 0.062), ('loss_in_house_lnp_B16F10_luc', 0.035), ('loss_in_house_lnp_DC24_luc', 0.027), ('in_house_lnp_B16F10_luc_valid_spearmanr_coeff', 0.849), ('in_house_lnp_B16F10_luc_valid_spearmanr_p_val', 0.0), ('in_house_lnp_B16F10_luc_valid_pearsonr_coeff', 0.82), ('in_house_lnp_B16F10_luc_valid_pearsonr_p_val', 0.0), ('in_house_lnp_B16F10_luc_valid_mae', 2.406), ('in_house_lnp_B16F10_luc_valid_mse', 8.518), ('in_house_lnp_B16F10_luc_valid_agg_mae', 2.406), ('in_house_lnp_B16F10_luc_valid_agg_mse', 8.518), ('in_house_lnp_B16F10_luc_valid_contrastive_L', 0.4), ('in_house_lnp_B16F10_luc_valid_agg_rmse', 2.9185), ('in_house_lnp_DC24_luc_valid_spearmanr_coeff', 0.935), ('in_house_lnp_DC24_luc_valid_spearmanr_p_val', 0.0), ('in_house_lnp_DC24_luc_valid_pearsonr_coeff', 0.932), ('in_house_lnp_DC24_luc_valid_pearsonr_p_val', 0.0), ('in_house_lnp_DC24_luc_valid_mae', 4.266), ('in_house_lnp_DC24_luc_valid_mse', 23.809), ('in_house_lnp_DC24_luc_valid_agg_mae', 4.266), ('in_house_lnp_DC24_luc_valid_agg_mse', 23.809), ('in_house_lnp_DC24_luc_valid_contrastive_L', 0.269), ('in_house_lnp_DC24_luc_valid_agg_rmse', 4.8795), ('bsz', 312.0), ('num_updates', 9838)])
2026-04-17 00:06:50 | INFO | unicore_cli.train | averaging ['in_house_lnp_B16F10_luc_valid_spearmanr_coeff', 'in_house_lnp_DC24_luc_valid_spearmanr_coeff'] for valid_spearmanr_coeff
2026-04-17 00:06:50 | INFO | unimol.core.checkpoint_utils | Preparing to save checkpoint for epoch 72 @ 9838 updates
2026-04-17 00:06:50 | INFO | unimol.core.trainer | Saving checkpoint to ./tmp_save_demo/save_InfoMax_Run/checkpoint72.pt
2026-04-17 00:06:51 | INFO | unimol.core.trainer | Finished saving checkpoint to ./tmp_save_demo/save_InfoMax_Run/checkpoint72.pt
2026-04-17 00:06:51 | INFO | unimol.core.checkpoint_utils | Saved checkpoint ./tmp_save_demo/save_InfoMax_Run/checkpoint72.pt (epoch 72 @ 9838 updates, score 0.892) (writing took 0.8945162710733712 seconds)
2026-04-17 00:06:51 | INFO | unimol.core.checkpoint_utils | copy ./tmp_save_demo/save_InfoMax_Run/checkpoint72.pt to ./save_demo/save_InfoMax_Run/checkpoint72.pt
2026-04-17 00:06:51 | INFO | unicore_cli.train | end of epoch 72 (average epoch stats below)
2026-04-17 00:06:51 | INFO | train | epoch 072 | loss 0.052 | loss_in_house_lnp_B16F10_luc 0.028 | loss_in_house_lnp_DC24_luc 0.018 | ups 6.61 | bsz 15.9 | num_updates 9838 | lr 6.84628e-05 | gnorm 9.879 | clip 100 | loss_scale 64 | train_wall 16.81 | epoch_itr_sz 137 | gb_free 76 | wall 1416
2026-04-17 00:06:51 | INFO | unimol.core.tasks.unicore_task | get EpochBatchIterator for epoch 73
2026-04-17 00:06:51 | INFO | unimol.core.trainer | begin training epoch 73
2026-04-17 00:06:51 | INFO | unicore_cli.train | Start iterating over samples
2026-04-17 00:06:52 | INFO | unimol.core.checkpoint_utils | copy ./tmp_save_demo/save_InfoMax_Run/checkpoint72.pt to ./save_demo/save_InfoMax_Run/checkpoint_last.pt
2026-04-17 00:06:53 | INFO | unimol.core.checkpoint_utils | removing temp file ./tmp_save_demo/save_InfoMax_Run/checkpoint72.pt ...
2026-04-17 00:06:53 | INFO | unimol.core.checkpoint_utils | removed ./save_demo/save_InfoMax_Run/checkpoint62.pt
2026-04-17 00:06:53 | INFO | unimol.core.checkpoint_utils | finished async ckp saving.
2026-04-17 00:06:59 | INFO | train_inner | epoch 073:     62 / 137 loss=0.05, loss_in_house_lnp_B16F10_luc=0.027, loss_in_house_lnp_DC24_luc=0.018, ups=6.55, bsz=16, num_updates=9900, lr=6.82239e-05, gnorm=8.941, clip=100, loss_scale=128, train_wall=11.4, gb_free=76, wall=1424
2026-04-17 00:07:01 | INFO | unimol.core.trainer | NOTE: gradient overflow detected, ignoring gradient, setting loss scale to: 64.0
2026-04-17 00:07:07 | INFO | unicore_cli.train | begin validation on "valid" subset
2026-04-17 00:07:07 | INFO | unimol.core.tasks.unicore_task | get EpochBatchIterator for epoch 1
reduce_metrics, task_name:  in_house_lnp_B16F10_luc
reduce_metrics, task_name:  in_house_lnp_DC24_luc
get_valid_stats stats:  OrderedDict([('loss', 0.057), ('loss_in_house_lnp_B16F10_luc', 0.033), ('loss_in_house_lnp_DC24_luc', 0.025), ('in_house_lnp_B16F10_luc_valid_spearmanr_coeff', 0.865), ('in_house_lnp_B16F10_luc_valid_spearmanr_p_val', 0.0), ('in_house_lnp_B16F10_luc_valid_pearsonr_coeff', 0.83), ('in_house_lnp_B16F10_luc_valid_pearsonr_p_val', 0.0), ('in_house_lnp_B16F10_luc_valid_mae', 2.37), ('in_house_lnp_B16F10_luc_valid_mse', 8.197), ('in_house_lnp_B16F10_luc_valid_agg_mae', 2.37), ('in_house_lnp_B16F10_luc_valid_agg_mse', 8.197), ('in_house_lnp_B16F10_luc_valid_contrastive_L', 0.373), ('in_house_lnp_B16F10_luc_valid_agg_rmse', 2.8631), ('in_house_lnp_DC24_luc_valid_spearmanr_coeff', 0.942), ('in_house_lnp_DC24_luc_valid_spearmanr_p_val', 0.0), ('in_house_lnp_DC24_luc_valid_pearsonr_coeff', 0.927), ('in_house_lnp_DC24_luc_valid_pearsonr_p_val', 0.0), ('in_house_lnp_DC24_luc_valid_mae', 4.121), ('in_house_lnp_DC24_luc_valid_mse', 22.338), ('in_house_lnp_DC24_luc_valid_agg_mae', 4.121), ('in_house_lnp_DC24_luc_valid_agg_mse', 22.338), ('in_house_lnp_DC24_luc_valid_contrastive_L', 0.247), ('in_house_lnp_DC24_luc_valid_agg_rmse', 4.7263), ('bsz', 312.0), ('num_updates', 9974)])
2026-04-17 00:07:09 | INFO | valid | epoch 073 | valid on 'valid' subset | loss 0.057 | loss_in_house_lnp_B16F10_luc 0.033 | loss_in_house_lnp_DC24_luc 0.025 | in_house_lnp_B16F10_luc_valid_spearmanr_coeff 0.865 | in_house_lnp_B16F10_luc_valid_spearmanr_p_val 0 | in_house_lnp_B16F10_luc_valid_pearsonr_coeff 0.83 | in_house_lnp_B16F10_luc_valid_pearsonr_p_val 0 | in_house_lnp_B16F10_luc_valid_mae 2.37 | in_house_lnp_B16F10_luc_valid_mse 8.197 | in_house_lnp_B16F10_luc_valid_agg_mae 2.37 | in_house_lnp_B16F10_luc_valid_agg_mse 8.197 | in_house_lnp_B16F10_luc_valid_contrastive_L 0.373 | in_house_lnp_B16F10_luc_valid_agg_rmse 2.8631 | in_house_lnp_DC24_luc_valid_spearmanr_coeff 0.942 | in_house_lnp_DC24_luc_valid_spearmanr_p_val 0 | in_house_lnp_DC24_luc_valid_pearsonr_coeff 0.927 | in_house_lnp_DC24_luc_valid_pearsonr_p_val 0 | in_house_lnp_DC24_luc_valid_mae 4.121 | in_house_lnp_DC24_luc_valid_mse 22.338 | in_house_lnp_DC24_luc_valid_agg_mae 4.121 | in_house_lnp_DC24_luc_valid_agg_mse 22.338 | in_house_lnp_DC24_luc_valid_contrastive_L 0.247 | in_house_lnp_DC24_luc_valid_agg_rmse 4.7263 | bsz 312 | num_updates 9974
validate stats:  OrderedDict([('loss', 0.057), ('loss_in_house_lnp_B16F10_luc', 0.033), ('loss_in_house_lnp_DC24_luc', 0.025), ('in_house_lnp_B16F10_luc_valid_spearmanr_coeff', 0.865), ('in_house_lnp_B16F10_luc_valid_spearmanr_p_val', 0.0), ('in_house_lnp_B16F10_luc_valid_pearsonr_coeff', 0.83), ('in_house_lnp_B16F10_luc_valid_pearsonr_p_val', 0.0), ('in_house_lnp_B16F10_luc_valid_mae', 2.37), ('in_house_lnp_B16F10_luc_valid_mse', 8.197), ('in_house_lnp_B16F10_luc_valid_agg_mae', 2.37), ('in_house_lnp_B16F10_luc_valid_agg_mse', 8.197), ('in_house_lnp_B16F10_luc_valid_contrastive_L', 0.373), ('in_house_lnp_B16F10_luc_valid_agg_rmse', 2.8631), ('in_house_lnp_DC24_luc_valid_spearmanr_coeff', 0.942), ('in_house_lnp_DC24_luc_valid_spearmanr_p_val', 0.0), ('in_house_lnp_DC24_luc_valid_pearsonr_coeff', 0.927), ('in_house_lnp_DC24_luc_valid_pearsonr_p_val', 0.0), ('in_house_lnp_DC24_luc_valid_mae', 4.121), ('in_house_lnp_DC24_luc_valid_mse', 22.338), ('in_house_lnp_DC24_luc_valid_agg_mae', 4.121), ('in_house_lnp_DC24_luc_valid_agg_mse', 22.338), ('in_house_lnp_DC24_luc_valid_contrastive_L', 0.247), ('in_house_lnp_DC24_luc_valid_agg_rmse', 4.7263), ('bsz', 312.0), ('num_updates', 9974)])
2026-04-17 00:07:09 | INFO | unicore_cli.train | averaging ['in_house_lnp_B16F10_luc_valid_spearmanr_coeff', 'in_house_lnp_DC24_luc_valid_spearmanr_coeff'] for valid_spearmanr_coeff
2026-04-17 00:07:09 | INFO | unimol.core.checkpoint_utils | Preparing to save checkpoint for epoch 73 @ 9974 updates
2026-04-17 00:07:09 | INFO | unimol.core.trainer | Saving checkpoint to ./tmp_save_demo/save_InfoMax_Run/checkpoint73.pt
2026-04-17 00:07:10 | INFO | unimol.core.trainer | Finished saving checkpoint to ./tmp_save_demo/save_InfoMax_Run/checkpoint73.pt
2026-04-17 00:07:10 | INFO | unimol.core.checkpoint_utils | Saved checkpoint ./tmp_save_demo/save_InfoMax_Run/checkpoint73.pt (epoch 73 @ 9974 updates, score 0.9035) (writing took 0.9633550310973078 seconds)
2026-04-17 00:07:10 | INFO | unimol.core.checkpoint_utils | copy ./tmp_save_demo/save_InfoMax_Run/checkpoint73.pt to ./save_demo/save_InfoMax_Run/checkpoint73.pt
2026-04-17 00:07:10 | INFO | unicore_cli.train | end of epoch 73 (average epoch stats below)
2026-04-17 00:07:10 | INFO | train | epoch 073 | loss 0.053 | loss_in_house_lnp_B16F10_luc 0.028 | loss_in_house_lnp_DC24_luc 0.018 | ups 7.05 | bsz 15.9 | num_updates 9974 | lr 6.79386e-05 | gnorm 9.407 | clip 100 | loss_scale 64 | train_wall 15.34 | epoch_itr_sz 137 | gb_free 76 | wall 1435
2026-04-17 00:07:10 | INFO | unimol.core.tasks.unicore_task | get EpochBatchIterator for epoch 74
2026-04-17 00:07:10 | INFO | unimol.core.trainer | begin training epoch 74
2026-04-17 00:07:10 | INFO | unicore_cli.train | Start iterating over samples
2026-04-17 00:07:11 | INFO | unimol.core.checkpoint_utils | copy ./tmp_save_demo/save_InfoMax_Run/checkpoint73.pt to ./save_demo/save_InfoMax_Run/checkpoint_last.pt
2026-04-17 00:07:12 | INFO | unimol.core.checkpoint_utils | removing temp file ./tmp_save_demo/save_InfoMax_Run/checkpoint73.pt ...
2026-04-17 00:07:12 | INFO | unimol.core.checkpoint_utils | removed ./save_demo/save_InfoMax_Run/checkpoint63.pt
2026-04-17 00:07:12 | INFO | unimol.core.checkpoint_utils | finished async ckp saving.
2026-04-17 00:07:14 | INFO | train_inner | epoch 074:     26 / 137 loss=0.053, loss_in_house_lnp_B16F10_luc=0.028, loss_in_house_lnp_DC24_luc=0.019, ups=6.7, bsz=15.8, num_updates=10000, lr=6.78384e-05, gnorm=9.215, clip=100, loss_scale=64, train_wall=11.14, gb_free=76, wall=1439
2026-04-17 00:07:26 | INFO | train_inner | epoch 074:    126 / 137 loss=0.05, loss_in_house_lnp_B16F10_luc=0.027, loss_in_house_lnp_DC24_luc=0.018, ups=8.69, bsz=16, num_updates=10100, lr=6.7453e-05, gnorm=10.835, clip=100, loss_scale=64, train_wall=11.28, gb_free=76, wall=1451
2026-04-17 00:07:27 | INFO | unicore_cli.train | begin validation on "valid" subset
2026-04-17 00:07:27 | INFO | unimol.core.tasks.unicore_task | get EpochBatchIterator for epoch 1
reduce_metrics, task_name:  in_house_lnp_B16F10_luc
reduce_metrics, task_name:  in_house_lnp_DC24_luc
get_valid_stats stats:  OrderedDict([('loss', 0.056), ('loss_in_house_lnp_B16F10_luc', 0.033), ('loss_in_house_lnp_DC24_luc', 0.023), ('in_house_lnp_B16F10_luc_valid_spearmanr_coeff', 0.864), ('in_house_lnp_B16F10_luc_valid_spearmanr_p_val', 0.0), ('in_house_lnp_B16F10_luc_valid_pearsonr_coeff', 0.825), ('in_house_lnp_B16F10_luc_valid_pearsonr_p_val', 0.0), ('in_house_lnp_B16F10_luc_valid_mae', 2.485), ('in_house_lnp_B16F10_luc_valid_mse', 9.141), ('in_house_lnp_B16F10_luc_valid_agg_mae', 2.485), ('in_house_lnp_B16F10_luc_valid_agg_mse', 9.141), ('in_house_lnp_B16F10_luc_valid_contrastive_L', 0.381), ('in_house_lnp_B16F10_luc_valid_agg_rmse', 3.0233), ('in_house_lnp_DC24_luc_valid_spearmanr_coeff', 0.947), ('in_house_lnp_DC24_luc_valid_spearmanr_p_val', 0.0), ('in_house_lnp_DC24_luc_valid_pearsonr_coeff', 0.938), ('in_house_lnp_DC24_luc_valid_pearsonr_p_val', 0.0), ('in_house_lnp_DC24_luc_valid_mae', 4.072), ('in_house_lnp_DC24_luc_valid_mse', 21.872), ('in_house_lnp_DC24_luc_valid_agg_mae', 4.072), ('in_house_lnp_DC24_luc_valid_agg_mse', 21.872), ('in_house_lnp_DC24_luc_valid_contrastive_L', 0.234), ('in_house_lnp_DC24_luc_valid_agg_rmse', 4.6768), ('bsz', 312.0), ('num_updates', 10111)])
2026-04-17 00:07:28 | INFO | valid | epoch 074 | valid on 'valid' subset | loss 0.056 | loss_in_house_lnp_B16F10_luc 0.033 | loss_in_house_lnp_DC24_luc 0.023 | in_house_lnp_B16F10_luc_valid_spearmanr_coeff 0.864 | in_house_lnp_B16F10_luc_valid_spearmanr_p_val 0 | in_house_lnp_B16F10_luc_valid_pearsonr_coeff 0.825 | in_house_lnp_B16F10_luc_valid_pearsonr_p_val 0 | in_house_lnp_B16F10_luc_valid_mae 2.485 | in_house_lnp_B16F10_luc_valid_mse 9.141 | in_house_lnp_B16F10_luc_valid_agg_mae 2.485 | in_house_lnp_B16F10_luc_valid_agg_mse 9.141 | in_house_lnp_B16F10_luc_valid_contrastive_L 0.381 | in_house_lnp_B16F10_luc_valid_agg_rmse 3.0233 | in_house_lnp_DC24_luc_valid_spearmanr_coeff 0.947 | in_house_lnp_DC24_luc_valid_spearmanr_p_val 0 | in_house_lnp_DC24_luc_valid_pearsonr_coeff 0.938 | in_house_lnp_DC24_luc_valid_pearsonr_p_val 0 | in_house_lnp_DC24_luc_valid_mae 4.072 | in_house_lnp_DC24_luc_valid_mse 21.872 | in_house_lnp_DC24_luc_valid_agg_mae 4.072 | in_house_lnp_DC24_luc_valid_agg_mse 21.872 | in_house_lnp_DC24_luc_valid_contrastive_L 0.234 | in_house_lnp_DC24_luc_valid_agg_rmse 4.6768 | bsz 312 | num_updates 10111
validate stats:  OrderedDict([('loss', 0.056), ('loss_in_house_lnp_B16F10_luc', 0.033), ('loss_in_house_lnp_DC24_luc', 0.023), ('in_house_lnp_B16F10_luc_valid_spearmanr_coeff', 0.864), ('in_house_lnp_B16F10_luc_valid_spearmanr_p_val', 0.0), ('in_house_lnp_B16F10_luc_valid_pearsonr_coeff', 0.825), ('in_house_lnp_B16F10_luc_valid_pearsonr_p_val', 0.0), ('in_house_lnp_B16F10_luc_valid_mae', 2.485), ('in_house_lnp_B16F10_luc_valid_mse', 9.141), ('in_house_lnp_B16F10_luc_valid_agg_mae', 2.485), ('in_house_lnp_B16F10_luc_valid_agg_mse', 9.141), ('in_house_lnp_B16F10_luc_valid_contrastive_L', 0.381), ('in_house_lnp_B16F10_luc_valid_agg_rmse', 3.0233), ('in_house_lnp_DC24_luc_valid_spearmanr_coeff', 0.947), ('in_house_lnp_DC24_luc_valid_spearmanr_p_val', 0.0), ('in_house_lnp_DC24_luc_valid_pearsonr_coeff', 0.938), ('in_house_lnp_DC24_luc_valid_pearsonr_p_val', 0.0), ('in_house_lnp_DC24_luc_valid_mae', 4.072), ('in_house_lnp_DC24_luc_valid_mse', 21.872), ('in_house_lnp_DC24_luc_valid_agg_mae', 4.072), ('in_house_lnp_DC24_luc_valid_agg_mse', 21.872), ('in_house_lnp_DC24_luc_valid_contrastive_L', 0.234), ('in_house_lnp_DC24_luc_valid_agg_rmse', 4.6768), ('bsz', 312.0), ('num_updates', 10111)])
2026-04-17 00:07:28 | INFO | unicore_cli.train | averaging ['in_house_lnp_B16F10_luc_valid_spearmanr_coeff', 'in_house_lnp_DC24_luc_valid_spearmanr_coeff'] for valid_spearmanr_coeff
2026-04-17 00:07:28 | INFO | unimol.core.checkpoint_utils | Preparing to save checkpoint for epoch 74 @ 10111 updates
2026-04-17 00:07:28 | INFO | unimol.core.trainer | Saving checkpoint to ./tmp_save_demo/save_InfoMax_Run/checkpoint74.pt
2026-04-17 00:07:29 | INFO | unimol.core.trainer | Finished saving checkpoint to ./tmp_save_demo/save_InfoMax_Run/checkpoint74.pt
2026-04-17 00:07:29 | INFO | unimol.core.checkpoint_utils | Saved checkpoint ./tmp_save_demo/save_InfoMax_Run/checkpoint74.pt (epoch 74 @ 10111 updates, score 0.9055) (writing took 0.9281200419645756 seconds)
2026-04-17 00:07:29 | INFO | unicore_cli.train | end of epoch 74 (average epoch stats below)
2026-04-17 00:07:29 | INFO | unimol.core.checkpoint_utils | copy ./tmp_save_demo/save_InfoMax_Run/checkpoint74.pt to ./save_demo/save_InfoMax_Run/checkpoint74.pt
2026-04-17 00:07:29 | INFO | train | epoch 074 | loss 0.05 | loss_in_house_lnp_B16F10_luc 0.027 | loss_in_house_lnp_DC24_luc 0.018 | ups 7.09 | bsz 15.9 | num_updates 10111 | lr 6.74106e-05 | gnorm 10.029 | clip 100 | loss_scale 64 | train_wall 15.47 | epoch_itr_sz 137 | gb_free 76 | wall 1454
2026-04-17 00:07:29 | INFO | unimol.core.tasks.unicore_task | get EpochBatchIterator for epoch 75
2026-04-17 00:07:29 | INFO | unimol.core.trainer | begin training epoch 75
2026-04-17 00:07:29 | INFO | unicore_cli.train | Start iterating over samples
2026-04-17 00:07:31 | INFO | unimol.core.checkpoint_utils | copy ./tmp_save_demo/save_InfoMax_Run/checkpoint74.pt to ./save_demo/save_InfoMax_Run/checkpoint_last.pt
2026-04-17 00:07:31 | INFO | unimol.core.checkpoint_utils | removing temp file ./tmp_save_demo/save_InfoMax_Run/checkpoint74.pt ...
2026-04-17 00:07:31 | INFO | unimol.core.checkpoint_utils | removed ./save_demo/save_InfoMax_Run/checkpoint64.pt
2026-04-17 00:07:31 | INFO | unimol.core.checkpoint_utils | finished async ckp saving.
2026-04-17 00:07:39 | INFO | unimol.core.trainer | NOTE: gradient overflow detected, ignoring gradient, setting loss scale to: 64.0
2026-04-17 00:07:41 | INFO | train_inner | epoch 075:     90 / 137 loss=0.049, loss_in_house_lnp_B16F10_luc=0.026, loss_in_house_lnp_DC24_luc=0.017, ups=6.33, bsz=16, num_updates=10200, lr=6.70675e-05, gnorm=10.481, clip=100, loss_scale=64, train_wall=11.85, gb_free=76, wall=1466
2026-04-17 00:07:47 | INFO | unicore_cli.train | begin validation on "valid" subset
2026-04-17 00:07:47 | INFO | unimol.core.tasks.unicore_task | get EpochBatchIterator for epoch 1
reduce_metrics, task_name:  in_house_lnp_B16F10_luc
reduce_metrics, task_name:  in_house_lnp_DC24_luc
get_valid_stats stats:  OrderedDict([('loss', 0.056), ('loss_in_house_lnp_B16F10_luc', 0.032), ('loss_in_house_lnp_DC24_luc', 0.024), ('in_house_lnp_B16F10_luc_valid_spearmanr_coeff', 0.863), ('in_house_lnp_B16F10_luc_valid_spearmanr_p_val', 0.0), ('in_house_lnp_B16F10_luc_valid_pearsonr_coeff', 0.839), ('in_house_lnp_B16F10_luc_valid_pearsonr_p_val', 0.0), ('in_house_lnp_B16F10_luc_valid_mae', 2.337), ('in_house_lnp_B16F10_luc_valid_mse', 8.204), ('in_house_lnp_B16F10_luc_valid_agg_mae', 2.337), ('in_house_lnp_B16F10_luc_valid_agg_mse', 8.204), ('in_house_lnp_B16F10_luc_valid_contrastive_L', 0.37), ('in_house_lnp_B16F10_luc_valid_agg_rmse', 2.8642), ('in_house_lnp_DC24_luc_valid_spearmanr_coeff', 0.942), ('in_house_lnp_DC24_luc_valid_spearmanr_p_val', 0.0), ('in_house_lnp_DC24_luc_valid_pearsonr_coeff', 0.936), ('in_house_lnp_DC24_luc_valid_pearsonr_p_val', 0.0), ('in_house_lnp_DC24_luc_valid_mae', 3.986), ('in_house_lnp_DC24_luc_valid_mse', 21.392), ('in_house_lnp_DC24_luc_valid_agg_mae', 3.986), ('in_house_lnp_DC24_luc_valid_agg_mse', 21.392), ('in_house_lnp_DC24_luc_valid_contrastive_L', 0.243), ('in_house_lnp_DC24_luc_valid_agg_rmse', 4.6251), ('bsz', 312.0), ('num_updates', 10247)])
2026-04-17 00:07:48 | INFO | valid | epoch 075 | valid on 'valid' subset | loss 0.056 | loss_in_house_lnp_B16F10_luc 0.032 | loss_in_house_lnp_DC24_luc 0.024 | in_house_lnp_B16F10_luc_valid_spearmanr_coeff 0.863 | in_house_lnp_B16F10_luc_valid_spearmanr_p_val 0 | in_house_lnp_B16F10_luc_valid_pearsonr_coeff 0.839 | in_house_lnp_B16F10_luc_valid_pearsonr_p_val 0 | in_house_lnp_B16F10_luc_valid_mae 2.337 | in_house_lnp_B16F10_luc_valid_mse 8.204 | in_house_lnp_B16F10_luc_valid_agg_mae 2.337 | in_house_lnp_B16F10_luc_valid_agg_mse 8.204 | in_house_lnp_B16F10_luc_valid_contrastive_L 0.37 | in_house_lnp_B16F10_luc_valid_agg_rmse 2.8642 | in_house_lnp_DC24_luc_valid_spearmanr_coeff 0.942 | in_house_lnp_DC24_luc_valid_spearmanr_p_val 0 | in_house_lnp_DC24_luc_valid_pearsonr_coeff 0.936 | in_house_lnp_DC24_luc_valid_pearsonr_p_val 0 | in_house_lnp_DC24_luc_valid_mae 3.986 | in_house_lnp_DC24_luc_valid_mse 21.392 | in_house_lnp_DC24_luc_valid_agg_mae 3.986 | in_house_lnp_DC24_luc_valid_agg_mse 21.392 | in_house_lnp_DC24_luc_valid_contrastive_L 0.243 | in_house_lnp_DC24_luc_valid_agg_rmse 4.6251 | bsz 312 | num_updates 10247
validate stats:  OrderedDict([('loss', 0.056), ('loss_in_house_lnp_B16F10_luc', 0.032), ('loss_in_house_lnp_DC24_luc', 0.024), ('in_house_lnp_B16F10_luc_valid_spearmanr_coeff', 0.863), ('in_house_lnp_B16F10_luc_valid_spearmanr_p_val', 0.0), ('in_house_lnp_B16F10_luc_valid_pearsonr_coeff', 0.839), ('in_house_lnp_B16F10_luc_valid_pearsonr_p_val', 0.0), ('in_house_lnp_B16F10_luc_valid_mae', 2.337), ('in_house_lnp_B16F10_luc_valid_mse', 8.204), ('in_house_lnp_B16F10_luc_valid_agg_mae', 2.337), ('in_house_lnp_B16F10_luc_valid_agg_mse', 8.204), ('in_house_lnp_B16F10_luc_valid_contrastive_L', 0.37), ('in_house_lnp_B16F10_luc_valid_agg_rmse', 2.8642), ('in_house_lnp_DC24_luc_valid_spearmanr_coeff', 0.942), ('in_house_lnp_DC24_luc_valid_spearmanr_p_val', 0.0), ('in_house_lnp_DC24_luc_valid_pearsonr_coeff', 0.936), ('in_house_lnp_DC24_luc_valid_pearsonr_p_val', 0.0), ('in_house_lnp_DC24_luc_valid_mae', 3.986), ('in_house_lnp_DC24_luc_valid_mse', 21.392), ('in_house_lnp_DC24_luc_valid_agg_mae', 3.986), ('in_house_lnp_DC24_luc_valid_agg_mse', 21.392), ('in_house_lnp_DC24_luc_valid_contrastive_L', 0.243), ('in_house_lnp_DC24_luc_valid_agg_rmse', 4.6251), ('bsz', 312.0), ('num_updates', 10247)])
2026-04-17 00:07:48 | INFO | unicore_cli.train | averaging ['in_house_lnp_B16F10_luc_valid_spearmanr_coeff', 'in_house_lnp_DC24_luc_valid_spearmanr_coeff'] for valid_spearmanr_coeff
2026-04-17 00:07:48 | INFO | unimol.core.checkpoint_utils | Preparing to save checkpoint for epoch 75 @ 10247 updates
2026-04-17 00:07:48 | INFO | unimol.core.trainer | Saving checkpoint to ./tmp_save_demo/save_InfoMax_Run/checkpoint75.pt
2026-04-17 00:07:49 | INFO | unimol.core.trainer | Finished saving checkpoint to ./tmp_save_demo/save_InfoMax_Run/checkpoint75.pt
2026-04-17 00:07:49 | INFO | unimol.core.checkpoint_utils | Saved checkpoint ./tmp_save_demo/save_InfoMax_Run/checkpoint75.pt (epoch 75 @ 10247 updates, score 0.9025) (writing took 0.8654071080964059 seconds)
2026-04-17 00:07:49 | INFO | unicore_cli.train | end of epoch 75 (average epoch stats below)
2026-04-17 00:07:49 | INFO | unimol.core.checkpoint_utils | copy ./tmp_save_demo/save_InfoMax_Run/checkpoint75.pt to ./save_demo/save_InfoMax_Run/checkpoint75.pt
2026-04-17 00:07:49 | INFO | train | epoch 075 | loss 0.052 | loss_in_house_lnp_B16F10_luc 0.028 | loss_in_house_lnp_DC24_luc 0.018 | ups 6.85 | bsz 15.9 | num_updates 10247 | lr 6.68864e-05 | gnorm 10.648 | clip 100 | loss_scale 64 | train_wall 15.89 | epoch_itr_sz 137 | gb_free 76 | wall 1474
2026-04-17 00:07:49 | INFO | unimol.core.tasks.unicore_task | get EpochBatchIterator for epoch 76
2026-04-17 00:07:49 | INFO | unimol.core.trainer | begin training epoch 76
2026-04-17 00:07:49 | INFO | unicore_cli.train | Start iterating over samples
2026-04-17 00:07:51 | INFO | unimol.core.checkpoint_utils | copy ./tmp_save_demo/save_InfoMax_Run/checkpoint75.pt to ./save_demo/save_InfoMax_Run/checkpoint_last.pt
2026-04-17 00:07:51 | INFO | unimol.core.checkpoint_utils | removing temp file ./tmp_save_demo/save_InfoMax_Run/checkpoint75.pt ...
2026-04-17 00:07:51 | INFO | unimol.core.checkpoint_utils | removed ./save_demo/save_InfoMax_Run/checkpoint65.pt
2026-04-17 00:07:51 | INFO | unimol.core.checkpoint_utils | finished async ckp saving.
2026-04-17 00:07:56 | INFO | train_inner | epoch 076:     53 / 137 loss=0.053, loss_in_house_lnp_B16F10_luc=0.028, loss_in_house_lnp_DC24_luc=0.018, ups=6.66, bsz=15.9, num_updates=10300, lr=6.66821e-05, gnorm=9.746, clip=100, loss_scale=64, train_wall=11.07, gb_free=76, wall=1481
2026-04-17 00:08:06 | INFO | unicore_cli.train | begin validation on "valid" subset
2026-04-17 00:08:06 | INFO | unimol.core.tasks.unicore_task | get EpochBatchIterator for epoch 1
reduce_metrics, task_name:  in_house_lnp_B16F10_luc
reduce_metrics, task_name:  in_house_lnp_DC24_luc
get_valid_stats stats:  OrderedDict([('loss', 0.058), ('loss_in_house_lnp_B16F10_luc', 0.034), ('loss_in_house_lnp_DC24_luc', 0.025), ('in_house_lnp_B16F10_luc_valid_spearmanr_coeff', 0.86), ('in_house_lnp_B16F10_luc_valid_spearmanr_p_val', 0.0), ('in_house_lnp_B16F10_luc_valid_pearsonr_coeff', 0.83), ('in_house_lnp_B16F10_luc_valid_pearsonr_p_val', 0.0), ('in_house_lnp_B16F10_luc_valid_mae', 2.555), ('in_house_lnp_B16F10_luc_valid_mse', 9.396), ('in_house_lnp_B16F10_luc_valid_agg_mae', 2.555), ('in_house_lnp_B16F10_luc_valid_agg_mse', 9.396), ('in_house_lnp_B16F10_luc_valid_contrastive_L', 0.386), ('in_house_lnp_B16F10_luc_valid_agg_rmse', 3.0654), ('in_house_lnp_DC24_luc_valid_spearmanr_coeff', 0.949), ('in_house_lnp_DC24_luc_valid_spearmanr_p_val', 0.0), ('in_house_lnp_DC24_luc_valid_pearsonr_coeff', 0.937), ('in_house_lnp_DC24_luc_valid_pearsonr_p_val', 0.0), ('in_house_lnp_DC24_luc_valid_mae', 4.282), ('in_house_lnp_DC24_luc_valid_mse', 24.063), ('in_house_lnp_DC24_luc_valid_agg_mae', 4.282), ('in_house_lnp_DC24_luc_valid_agg_mse', 24.063), ('in_house_lnp_DC24_luc_valid_contrastive_L', 0.237), ('in_house_lnp_DC24_luc_valid_agg_rmse', 4.9054), ('bsz', 312.0), ('num_updates', 10384)])
2026-04-17 00:08:08 | INFO | valid | epoch 076 | valid on 'valid' subset | loss 0.058 | loss_in_house_lnp_B16F10_luc 0.034 | loss_in_house_lnp_DC24_luc 0.025 | in_house_lnp_B16F10_luc_valid_spearmanr_coeff 0.86 | in_house_lnp_B16F10_luc_valid_spearmanr_p_val 0 | in_house_lnp_B16F10_luc_valid_pearsonr_coeff 0.83 | in_house_lnp_B16F10_luc_valid_pearsonr_p_val 0 | in_house_lnp_B16F10_luc_valid_mae 2.555 | in_house_lnp_B16F10_luc_valid_mse 9.396 | in_house_lnp_B16F10_luc_valid_agg_mae 2.555 | in_house_lnp_B16F10_luc_valid_agg_mse 9.396 | in_house_lnp_B16F10_luc_valid_contrastive_L 0.386 | in_house_lnp_B16F10_luc_valid_agg_rmse 3.0654 | in_house_lnp_DC24_luc_valid_spearmanr_coeff 0.949 | in_house_lnp_DC24_luc_valid_spearmanr_p_val 0 | in_house_lnp_DC24_luc_valid_pearsonr_coeff 0.937 | in_house_lnp_DC24_luc_valid_pearsonr_p_val 0 | in_house_lnp_DC24_luc_valid_mae 4.282 | in_house_lnp_DC24_luc_valid_mse 24.063 | in_house_lnp_DC24_luc_valid_agg_mae 4.282 | in_house_lnp_DC24_luc_valid_agg_mse 24.063 | in_house_lnp_DC24_luc_valid_contrastive_L 0.237 | in_house_lnp_DC24_luc_valid_agg_rmse 4.9054 | bsz 312 | num_updates 10384
validate stats:  OrderedDict([('loss', 0.058), ('loss_in_house_lnp_B16F10_luc', 0.034), ('loss_in_house_lnp_DC24_luc', 0.025), ('in_house_lnp_B16F10_luc_valid_spearmanr_coeff', 0.86), ('in_house_lnp_B16F10_luc_valid_spearmanr_p_val', 0.0), ('in_house_lnp_B16F10_luc_valid_pearsonr_coeff', 0.83), ('in_house_lnp_B16F10_luc_valid_pearsonr_p_val', 0.0), ('in_house_lnp_B16F10_luc_valid_mae', 2.555), ('in_house_lnp_B16F10_luc_valid_mse', 9.396), ('in_house_lnp_B16F10_luc_valid_agg_mae', 2.555), ('in_house_lnp_B16F10_luc_valid_agg_mse', 9.396), ('in_house_lnp_B16F10_luc_valid_contrastive_L', 0.386), ('in_house_lnp_B16F10_luc_valid_agg_rmse', 3.0654), ('in_house_lnp_DC24_luc_valid_spearmanr_coeff', 0.949), ('in_house_lnp_DC24_luc_valid_spearmanr_p_val', 0.0), ('in_house_lnp_DC24_luc_valid_pearsonr_coeff', 0.937), ('in_house_lnp_DC24_luc_valid_pearsonr_p_val', 0.0), ('in_house_lnp_DC24_luc_valid_mae', 4.282), ('in_house_lnp_DC24_luc_valid_mse', 24.063), ('in_house_lnp_DC24_luc_valid_agg_mae', 4.282), ('in_house_lnp_DC24_luc_valid_agg_mse', 24.063), ('in_house_lnp_DC24_luc_valid_contrastive_L', 0.237), ('in_house_lnp_DC24_luc_valid_agg_rmse', 4.9054), ('bsz', 312.0), ('num_updates', 10384)])
2026-04-17 00:08:08 | INFO | unicore_cli.train | averaging ['in_house_lnp_B16F10_luc_valid_spearmanr_coeff', 'in_house_lnp_DC24_luc_valid_spearmanr_coeff'] for valid_spearmanr_coeff
2026-04-17 00:08:08 | INFO | unimol.core.checkpoint_utils | Preparing to save checkpoint for epoch 76 @ 10384 updates
2026-04-17 00:08:08 | INFO | unimol.core.trainer | Saving checkpoint to ./tmp_save_demo/save_InfoMax_Run/checkpoint76.pt
2026-04-17 00:08:09 | INFO | unimol.core.trainer | Finished saving checkpoint to ./tmp_save_demo/save_InfoMax_Run/checkpoint76.pt
2026-04-17 00:08:09 | INFO | unimol.core.checkpoint_utils | Saved checkpoint ./tmp_save_demo/save_InfoMax_Run/checkpoint76.pt (epoch 76 @ 10384 updates, score 0.9045) (writing took 0.9258537080604583 seconds)
2026-04-17 00:08:09 | INFO | unimol.core.checkpoint_utils | copy ./tmp_save_demo/save_InfoMax_Run/checkpoint76.pt to ./save_demo/save_InfoMax_Run/checkpoint76.pt
2026-04-17 00:08:09 | INFO | unicore_cli.train | end of epoch 76 (average epoch stats below)
2026-04-17 00:08:09 | INFO | train | epoch 076 | loss 0.051 | loss_in_house_lnp_B16F10_luc 0.027 | loss_in_house_lnp_DC24_luc 0.018 | ups 7.07 | bsz 15.9 | num_updates 10384 | lr 6.63583e-05 | gnorm 9.053 | clip 100 | loss_scale 64 | train_wall 15.22 | epoch_itr_sz 137 | gb_free 76 | wall 1493
2026-04-17 00:08:09 | INFO | unimol.core.tasks.unicore_task | get EpochBatchIterator for epoch 77
2026-04-17 00:08:09 | INFO | unimol.core.trainer | begin training epoch 77
2026-04-17 00:08:09 | INFO | unicore_cli.train | Start iterating over samples
2026-04-17 00:08:10 | INFO | unimol.core.checkpoint_utils | copy ./tmp_save_demo/save_InfoMax_Run/checkpoint76.pt to ./save_demo/save_InfoMax_Run/checkpoint_last.pt
2026-04-17 00:08:11 | INFO | unimol.core.checkpoint_utils | removing temp file ./tmp_save_demo/save_InfoMax_Run/checkpoint76.pt ...
2026-04-17 00:08:11 | INFO | unimol.core.checkpoint_utils | removed ./save_demo/save_InfoMax_Run/checkpoint66.pt
2026-04-17 00:08:11 | INFO | unimol.core.checkpoint_utils | finished async ckp saving.
2026-04-17 00:08:12 | INFO | train_inner | epoch 077:     16 / 137 loss=0.051, loss_in_house_lnp_B16F10_luc=0.028, loss_in_house_lnp_DC24_luc=0.018, ups=6.61, bsz=15.9, num_updates=10400, lr=6.62966e-05, gnorm=8.986, clip=100, loss_scale=64, train_wall=11.32, gb_free=76, wall=1496
2026-04-17 00:08:23 | INFO | train_inner | epoch 077:    116 / 137 loss=0.054, loss_in_house_lnp_B16F10_luc=0.029, loss_in_house_lnp_DC24_luc=0.018, ups=8.75, bsz=15.9, num_updates=10500, lr=6.59112e-05, gnorm=8.7, clip=100, loss_scale=128, train_wall=11.17, gb_free=76, wall=1508
2026-04-17 00:08:25 | INFO | unicore_cli.train | begin validation on "valid" subset
2026-04-17 00:08:25 | INFO | unimol.core.tasks.unicore_task | get EpochBatchIterator for epoch 1
reduce_metrics, task_name:  in_house_lnp_B16F10_luc
reduce_metrics, task_name:  in_house_lnp_DC24_luc
get_valid_stats stats:  OrderedDict([('loss', 0.057), ('loss_in_house_lnp_B16F10_luc', 0.033), ('loss_in_house_lnp_DC24_luc', 0.024), ('in_house_lnp_B16F10_luc_valid_spearmanr_coeff', 0.861), ('in_house_lnp_B16F10_luc_valid_spearmanr_p_val', 0.0), ('in_house_lnp_B16F10_luc_valid_pearsonr_coeff', 0.831), ('in_house_lnp_B16F10_luc_valid_pearsonr_p_val', 0.0), ('in_house_lnp_B16F10_luc_valid_mae', 2.508), ('in_house_lnp_B16F10_luc_valid_mse', 9.404), ('in_house_lnp_B16F10_luc_valid_agg_mae', 2.508), ('in_house_lnp_B16F10_luc_valid_agg_mse', 9.404), ('in_house_lnp_B16F10_luc_valid_contrastive_L', 0.38), ('in_house_lnp_B16F10_luc_valid_agg_rmse', 3.0666), ('in_house_lnp_DC24_luc_valid_spearmanr_coeff', 0.945), ('in_house_lnp_DC24_luc_valid_spearmanr_p_val', 0.0), ('in_house_lnp_DC24_luc_valid_pearsonr_coeff', 0.939), ('in_house_lnp_DC24_luc_valid_pearsonr_p_val', 0.0), ('in_house_lnp_DC24_luc_valid_mae', 4.236), ('in_house_lnp_DC24_luc_valid_mse', 23.566), ('in_house_lnp_DC24_luc_valid_agg_mae', 4.236), ('in_house_lnp_DC24_luc_valid_agg_mse', 23.566), ('in_house_lnp_DC24_luc_valid_contrastive_L', 0.241), ('in_house_lnp_DC24_luc_valid_agg_rmse', 4.8545), ('bsz', 312.0), ('num_updates', 10521)])
2026-04-17 00:08:27 | INFO | valid | epoch 077 | valid on 'valid' subset | loss 0.057 | loss_in_house_lnp_B16F10_luc 0.033 | loss_in_house_lnp_DC24_luc 0.024 | in_house_lnp_B16F10_luc_valid_spearmanr_coeff 0.861 | in_house_lnp_B16F10_luc_valid_spearmanr_p_val 0 | in_house_lnp_B16F10_luc_valid_pearsonr_coeff 0.831 | in_house_lnp_B16F10_luc_valid_pearsonr_p_val 0 | in_house_lnp_B16F10_luc_valid_mae 2.508 | in_house_lnp_B16F10_luc_valid_mse 9.404 | in_house_lnp_B16F10_luc_valid_agg_mae 2.508 | in_house_lnp_B16F10_luc_valid_agg_mse 9.404 | in_house_lnp_B16F10_luc_valid_contrastive_L 0.38 | in_house_lnp_B16F10_luc_valid_agg_rmse 3.0666 | in_house_lnp_DC24_luc_valid_spearmanr_coeff 0.945 | in_house_lnp_DC24_luc_valid_spearmanr_p_val 0 | in_house_lnp_DC24_luc_valid_pearsonr_coeff 0.939 | in_house_lnp_DC24_luc_valid_pearsonr_p_val 0 | in_house_lnp_DC24_luc_valid_mae 4.236 | in_house_lnp_DC24_luc_valid_mse 23.566 | in_house_lnp_DC24_luc_valid_agg_mae 4.236 | in_house_lnp_DC24_luc_valid_agg_mse 23.566 | in_house_lnp_DC24_luc_valid_contrastive_L 0.241 | in_house_lnp_DC24_luc_valid_agg_rmse 4.8545 | bsz 312 | num_updates 10521
validate stats:  OrderedDict([('loss', 0.057), ('loss_in_house_lnp_B16F10_luc', 0.033), ('loss_in_house_lnp_DC24_luc', 0.024), ('in_house_lnp_B16F10_luc_valid_spearmanr_coeff', 0.861), ('in_house_lnp_B16F10_luc_valid_spearmanr_p_val', 0.0), ('in_house_lnp_B16F10_luc_valid_pearsonr_coeff', 0.831), ('in_house_lnp_B16F10_luc_valid_pearsonr_p_val', 0.0), ('in_house_lnp_B16F10_luc_valid_mae', 2.508), ('in_house_lnp_B16F10_luc_valid_mse', 9.404), ('in_house_lnp_B16F10_luc_valid_agg_mae', 2.508), ('in_house_lnp_B16F10_luc_valid_agg_mse', 9.404), ('in_house_lnp_B16F10_luc_valid_contrastive_L', 0.38), ('in_house_lnp_B16F10_luc_valid_agg_rmse', 3.0666), ('in_house_lnp_DC24_luc_valid_spearmanr_coeff', 0.945), ('in_house_lnp_DC24_luc_valid_spearmanr_p_val', 0.0), ('in_house_lnp_DC24_luc_valid_pearsonr_coeff', 0.939), ('in_house_lnp_DC24_luc_valid_pearsonr_p_val', 0.0), ('in_house_lnp_DC24_luc_valid_mae', 4.236), ('in_house_lnp_DC24_luc_valid_mse', 23.566), ('in_house_lnp_DC24_luc_valid_agg_mae', 4.236), ('in_house_lnp_DC24_luc_valid_agg_mse', 23.566), ('in_house_lnp_DC24_luc_valid_contrastive_L', 0.241), ('in_house_lnp_DC24_luc_valid_agg_rmse', 4.8545), ('bsz', 312.0), ('num_updates', 10521)])
2026-04-17 00:08:27 | INFO | unicore_cli.train | averaging ['in_house_lnp_B16F10_luc_valid_spearmanr_coeff', 'in_house_lnp_DC24_luc_valid_spearmanr_coeff'] for valid_spearmanr_coeff
2026-04-17 00:08:27 | INFO | unimol.core.checkpoint_utils | Preparing to save checkpoint for epoch 77 @ 10521 updates
2026-04-17 00:08:27 | INFO | unimol.core.trainer | Saving checkpoint to ./tmp_save_demo/save_InfoMax_Run/checkpoint77.pt
2026-04-17 00:08:28 | INFO | unimol.core.trainer | Finished saving checkpoint to ./tmp_save_demo/save_InfoMax_Run/checkpoint77.pt
2026-04-17 00:08:28 | INFO | unimol.core.checkpoint_utils | Saved checkpoint ./tmp_save_demo/save_InfoMax_Run/checkpoint77.pt (epoch 77 @ 10521 updates, score 0.903) (writing took 0.9004874660167843 seconds)
2026-04-17 00:08:28 | INFO | unimol.core.checkpoint_utils | copy ./tmp_save_demo/save_InfoMax_Run/checkpoint77.pt to ./save_demo/save_InfoMax_Run/checkpoint77.pt
2026-04-17 00:08:28 | INFO | unicore_cli.train | end of epoch 77 (average epoch stats below)
2026-04-17 00:08:28 | INFO | train | epoch 077 | loss 0.053 | loss_in_house_lnp_B16F10_luc 0.029 | loss_in_house_lnp_DC24_luc 0.018 | ups 7.16 | bsz 15.9 | num_updates 10521 | lr 6.58302e-05 | gnorm 8.645 | clip 100 | loss_scale 128 | train_wall 15.32 | epoch_itr_sz 137 | gb_free 76 | wall 1513
2026-04-17 00:08:28 | INFO | unimol.core.tasks.unicore_task | get EpochBatchIterator for epoch 78
2026-04-17 00:08:28 | INFO | unimol.core.trainer | begin training epoch 78
2026-04-17 00:08:28 | INFO | unicore_cli.train | Start iterating over samples
2026-04-17 00:08:29 | INFO | unimol.core.checkpoint_utils | copy ./tmp_save_demo/save_InfoMax_Run/checkpoint77.pt to ./save_demo/save_InfoMax_Run/checkpoint_last.pt
2026-04-17 00:08:30 | INFO | unimol.core.checkpoint_utils | removing temp file ./tmp_save_demo/save_InfoMax_Run/checkpoint77.pt ...
2026-04-17 00:08:30 | INFO | unimol.core.checkpoint_utils | removed ./save_demo/save_InfoMax_Run/checkpoint67.pt
2026-04-17 00:08:30 | INFO | unimol.core.checkpoint_utils | finished async ckp saving.
2026-04-17 00:08:36 | INFO | unimol.core.trainer | NOTE: gradient overflow detected, ignoring gradient, setting loss scale to: 64.0
2026-04-17 00:08:39 | INFO | train_inner | epoch 078:     80 / 137 loss=0.047, loss_in_house_lnp_B16F10_luc=0.026, loss_in_house_lnp_DC24_luc=0.017, ups=6.46, bsz=15.9, num_updates=10600, lr=6.55257e-05, gnorm=8.284, clip=100, loss_scale=64, train_wall=11.67, gb_free=76, wall=1523
2026-04-17 00:08:45 | INFO | unicore_cli.train | begin validation on "valid" subset
2026-04-17 00:08:45 | INFO | unimol.core.tasks.unicore_task | get EpochBatchIterator for epoch 1
reduce_metrics, task_name:  in_house_lnp_B16F10_luc
reduce_metrics, task_name:  in_house_lnp_DC24_luc
get_valid_stats stats:  OrderedDict([('loss', 0.059), ('loss_in_house_lnp_B16F10_luc', 0.034), ('loss_in_house_lnp_DC24_luc', 0.026), ('in_house_lnp_B16F10_luc_valid_spearmanr_coeff', 0.855), ('in_house_lnp_B16F10_luc_valid_spearmanr_p_val', 0.0), ('in_house_lnp_B16F10_luc_valid_pearsonr_coeff', 0.83), ('in_house_lnp_B16F10_luc_valid_pearsonr_p_val', 0.0), ('in_house_lnp_B16F10_luc_valid_mae', 2.536), ('in_house_lnp_B16F10_luc_valid_mse', 9.36), ('in_house_lnp_B16F10_luc_valid_agg_mae', 2.536), ('in_house_lnp_B16F10_luc_valid_agg_mse', 9.36), ('in_house_lnp_B16F10_luc_valid_contrastive_L', 0.394), ('in_house_lnp_B16F10_luc_valid_agg_rmse', 3.0593), ('in_house_lnp_DC24_luc_valid_spearmanr_coeff', 0.938), ('in_house_lnp_DC24_luc_valid_spearmanr_p_val', 0.0), ('in_house_lnp_DC24_luc_valid_pearsonr_coeff', 0.933), ('in_house_lnp_DC24_luc_valid_pearsonr_p_val', 0.0), ('in_house_lnp_DC24_luc_valid_mae', 4.381), ('in_house_lnp_DC24_luc_valid_mse', 25.015), ('in_house_lnp_DC24_luc_valid_agg_mae', 4.381), ('in_house_lnp_DC24_luc_valid_agg_mse', 25.015), ('in_house_lnp_DC24_luc_valid_contrastive_L', 0.255), ('in_house_lnp_DC24_luc_valid_agg_rmse', 5.0015), ('bsz', 312.0), ('num_updates', 10657)])
2026-04-17 00:08:46 | INFO | valid | epoch 078 | valid on 'valid' subset | loss 0.059 | loss_in_house_lnp_B16F10_luc 0.034 | loss_in_house_lnp_DC24_luc 0.026 | in_house_lnp_B16F10_luc_valid_spearmanr_coeff 0.855 | in_house_lnp_B16F10_luc_valid_spearmanr_p_val 0 | in_house_lnp_B16F10_luc_valid_pearsonr_coeff 0.83 | in_house_lnp_B16F10_luc_valid_pearsonr_p_val 0 | in_house_lnp_B16F10_luc_valid_mae 2.536 | in_house_lnp_B16F10_luc_valid_mse 9.36 | in_house_lnp_B16F10_luc_valid_agg_mae 2.536 | in_house_lnp_B16F10_luc_valid_agg_mse 9.36 | in_house_lnp_B16F10_luc_valid_contrastive_L 0.394 | in_house_lnp_B16F10_luc_valid_agg_rmse 3.0593 | in_house_lnp_DC24_luc_valid_spearmanr_coeff 0.938 | in_house_lnp_DC24_luc_valid_spearmanr_p_val 0 | in_house_lnp_DC24_luc_valid_pearsonr_coeff 0.933 | in_house_lnp_DC24_luc_valid_pearsonr_p_val 0 | in_house_lnp_DC24_luc_valid_mae 4.381 | in_house_lnp_DC24_luc_valid_mse 25.015 | in_house_lnp_DC24_luc_valid_agg_mae 4.381 | in_house_lnp_DC24_luc_valid_agg_mse 25.015 | in_house_lnp_DC24_luc_valid_contrastive_L 0.255 | in_house_lnp_DC24_luc_valid_agg_rmse 5.0015 | bsz 312 | num_updates 10657
validate stats:  OrderedDict([('loss', 0.059), ('loss_in_house_lnp_B16F10_luc', 0.034), ('loss_in_house_lnp_DC24_luc', 0.026), ('in_house_lnp_B16F10_luc_valid_spearmanr_coeff', 0.855), ('in_house_lnp_B16F10_luc_valid_spearmanr_p_val', 0.0), ('in_house_lnp_B16F10_luc_valid_pearsonr_coeff', 0.83), ('in_house_lnp_B16F10_luc_valid_pearsonr_p_val', 0.0), ('in_house_lnp_B16F10_luc_valid_mae', 2.536), ('in_house_lnp_B16F10_luc_valid_mse', 9.36), ('in_house_lnp_B16F10_luc_valid_agg_mae', 2.536), ('in_house_lnp_B16F10_luc_valid_agg_mse', 9.36), ('in_house_lnp_B16F10_luc_valid_contrastive_L', 0.394), ('in_house_lnp_B16F10_luc_valid_agg_rmse', 3.0593), ('in_house_lnp_DC24_luc_valid_spearmanr_coeff', 0.938), ('in_house_lnp_DC24_luc_valid_spearmanr_p_val', 0.0), ('in_house_lnp_DC24_luc_valid_pearsonr_coeff', 0.933), ('in_house_lnp_DC24_luc_valid_pearsonr_p_val', 0.0), ('in_house_lnp_DC24_luc_valid_mae', 4.381), ('in_house_lnp_DC24_luc_valid_mse', 25.015), ('in_house_lnp_DC24_luc_valid_agg_mae', 4.381), ('in_house_lnp_DC24_luc_valid_agg_mse', 25.015), ('in_house_lnp_DC24_luc_valid_contrastive_L', 0.255), ('in_house_lnp_DC24_luc_valid_agg_rmse', 5.0015), ('bsz', 312.0), ('num_updates', 10657)])
2026-04-17 00:08:46 | INFO | unicore_cli.train | averaging ['in_house_lnp_B16F10_luc_valid_spearmanr_coeff', 'in_house_lnp_DC24_luc_valid_spearmanr_coeff'] for valid_spearmanr_coeff
2026-04-17 00:08:46 | INFO | unimol.core.checkpoint_utils | Preparing to save checkpoint for epoch 78 @ 10657 updates
2026-04-17 00:08:46 | INFO | unimol.core.trainer | Saving checkpoint to ./tmp_save_demo/save_InfoMax_Run/checkpoint78.pt
2026-04-17 00:08:47 | INFO | unimol.core.trainer | Finished saving checkpoint to ./tmp_save_demo/save_InfoMax_Run/checkpoint78.pt
2026-04-17 00:08:47 | INFO | unimol.core.checkpoint_utils | Saved checkpoint ./tmp_save_demo/save_InfoMax_Run/checkpoint78.pt (epoch 78 @ 10657 updates, score 0.8965) (writing took 0.9173109269468114 seconds)
2026-04-17 00:08:47 | INFO | unimol.core.checkpoint_utils | copy ./tmp_save_demo/save_InfoMax_Run/checkpoint78.pt to ./save_demo/save_InfoMax_Run/checkpoint78.pt
2026-04-17 00:08:47 | INFO | unicore_cli.train | end of epoch 78 (average epoch stats below)
2026-04-17 00:08:47 | INFO | train | epoch 078 | loss 0.049 | loss_in_house_lnp_B16F10_luc 0.027 | loss_in_house_lnp_DC24_luc 0.017 | ups 6.92 | bsz 15.9 | num_updates 10657 | lr 6.5306e-05 | gnorm 8.89 | clip 100 | loss_scale 64 | train_wall 15.72 | epoch_itr_sz 137 | gb_free 76.1 | wall 1532
2026-04-17 00:08:47 | INFO | unimol.core.tasks.unicore_task | get EpochBatchIterator for epoch 79
2026-04-17 00:08:47 | INFO | unimol.core.trainer | begin training epoch 79
2026-04-17 00:08:47 | INFO | unicore_cli.train | Start iterating over samples
2026-04-17 00:08:49 | INFO | unimol.core.checkpoint_utils | copy ./tmp_save_demo/save_InfoMax_Run/checkpoint78.pt to ./save_demo/save_InfoMax_Run/checkpoint_last.pt
2026-04-17 00:08:49 | INFO | unimol.core.checkpoint_utils | removing temp file ./tmp_save_demo/save_InfoMax_Run/checkpoint78.pt ...
2026-04-17 00:08:49 | INFO | unimol.core.checkpoint_utils | removed ./save_demo/save_InfoMax_Run/checkpoint68.pt
2026-04-17 00:08:49 | INFO | unimol.core.checkpoint_utils | finished async ckp saving.
2026-04-17 00:08:54 | INFO | train_inner | epoch 079:     43 / 137 loss=0.05, loss_in_house_lnp_B16F10_luc=0.027, loss_in_house_lnp_DC24_luc=0.018, ups=6.58, bsz=15.9, num_updates=10700, lr=6.51403e-05, gnorm=9.577, clip=100, loss_scale=64, train_wall=11.32, gb_free=76, wall=1539
2026-04-17 00:09:04 | INFO | unicore_cli.train | begin validation on "valid" subset
2026-04-17 00:09:04 | INFO | unimol.core.tasks.unicore_task | get EpochBatchIterator for epoch 1
reduce_metrics, task_name:  in_house_lnp_B16F10_luc
reduce_metrics, task_name:  in_house_lnp_DC24_luc
get_valid_stats stats:  OrderedDict([('loss', 0.055), ('loss_in_house_lnp_B16F10_luc', 0.032), ('loss_in_house_lnp_DC24_luc', 0.023), ('in_house_lnp_B16F10_luc_valid_spearmanr_coeff', 0.866), ('in_house_lnp_B16F10_luc_valid_spearmanr_p_val', 0.0), ('in_house_lnp_B16F10_luc_valid_pearsonr_coeff', 0.834), ('in_house_lnp_B16F10_luc_valid_pearsonr_p_val', 0.0), ('in_house_lnp_B16F10_luc_valid_mae', 2.462), ('in_house_lnp_B16F10_luc_valid_mse', 9.314), ('in_house_lnp_B16F10_luc_valid_agg_mae', 2.462), ('in_house_lnp_B16F10_luc_valid_agg_mse', 9.314), ('in_house_lnp_B16F10_luc_valid_contrastive_L', 0.372), ('in_house_lnp_B16F10_luc_valid_agg_rmse', 3.0519), ('in_house_lnp_DC24_luc_valid_spearmanr_coeff', 0.949), ('in_house_lnp_DC24_luc_valid_spearmanr_p_val', 0.0), ('in_house_lnp_DC24_luc_valid_pearsonr_coeff', 0.938), ('in_house_lnp_DC24_luc_valid_pearsonr_p_val', 0.0), ('in_house_lnp_DC24_luc_valid_mae', 4.279), ('in_house_lnp_DC24_luc_valid_mse', 24.54), ('in_house_lnp_DC24_luc_valid_agg_mae', 4.279), ('in_house_lnp_DC24_luc_valid_agg_mse', 24.54), ('in_house_lnp_DC24_luc_valid_contrastive_L', 0.229), ('in_house_lnp_DC24_luc_valid_agg_rmse', 4.9537), ('bsz', 312.0), ('num_updates', 10794)])
2026-04-17 00:09:06 | INFO | valid | epoch 079 | valid on 'valid' subset | loss 0.055 | loss_in_house_lnp_B16F10_luc 0.032 | loss_in_house_lnp_DC24_luc 0.023 | in_house_lnp_B16F10_luc_valid_spearmanr_coeff 0.866 | in_house_lnp_B16F10_luc_valid_spearmanr_p_val 0 | in_house_lnp_B16F10_luc_valid_pearsonr_coeff 0.834 | in_house_lnp_B16F10_luc_valid_pearsonr_p_val 0 | in_house_lnp_B16F10_luc_valid_mae 2.462 | in_house_lnp_B16F10_luc_valid_mse 9.314 | in_house_lnp_B16F10_luc_valid_agg_mae 2.462 | in_house_lnp_B16F10_luc_valid_agg_mse 9.314 | in_house_lnp_B16F10_luc_valid_contrastive_L 0.372 | in_house_lnp_B16F10_luc_valid_agg_rmse 3.0519 | in_house_lnp_DC24_luc_valid_spearmanr_coeff 0.949 | in_house_lnp_DC24_luc_valid_spearmanr_p_val 0 | in_house_lnp_DC24_luc_valid_pearsonr_coeff 0.938 | in_house_lnp_DC24_luc_valid_pearsonr_p_val 0 | in_house_lnp_DC24_luc_valid_mae 4.279 | in_house_lnp_DC24_luc_valid_mse 24.54 | in_house_lnp_DC24_luc_valid_agg_mae 4.279 | in_house_lnp_DC24_luc_valid_agg_mse 24.54 | in_house_lnp_DC24_luc_valid_contrastive_L 0.229 | in_house_lnp_DC24_luc_valid_agg_rmse 4.9537 | bsz 312 | num_updates 10794
validate stats:  OrderedDict([('loss', 0.055), ('loss_in_house_lnp_B16F10_luc', 0.032), ('loss_in_house_lnp_DC24_luc', 0.023), ('in_house_lnp_B16F10_luc_valid_spearmanr_coeff', 0.866), ('in_house_lnp_B16F10_luc_valid_spearmanr_p_val', 0.0), ('in_house_lnp_B16F10_luc_valid_pearsonr_coeff', 0.834), ('in_house_lnp_B16F10_luc_valid_pearsonr_p_val', 0.0), ('in_house_lnp_B16F10_luc_valid_mae', 2.462), ('in_house_lnp_B16F10_luc_valid_mse', 9.314), ('in_house_lnp_B16F10_luc_valid_agg_mae', 2.462), ('in_house_lnp_B16F10_luc_valid_agg_mse', 9.314), ('in_house_lnp_B16F10_luc_valid_contrastive_L', 0.372), ('in_house_lnp_B16F10_luc_valid_agg_rmse', 3.0519), ('in_house_lnp_DC24_luc_valid_spearmanr_coeff', 0.949), ('in_house_lnp_DC24_luc_valid_spearmanr_p_val', 0.0), ('in_house_lnp_DC24_luc_valid_pearsonr_coeff', 0.938), ('in_house_lnp_DC24_luc_valid_pearsonr_p_val', 0.0), ('in_house_lnp_DC24_luc_valid_mae', 4.279), ('in_house_lnp_DC24_luc_valid_mse', 24.54), ('in_house_lnp_DC24_luc_valid_agg_mae', 4.279), ('in_house_lnp_DC24_luc_valid_agg_mse', 24.54), ('in_house_lnp_DC24_luc_valid_contrastive_L', 0.229), ('in_house_lnp_DC24_luc_valid_agg_rmse', 4.9537), ('bsz', 312.0), ('num_updates', 10794)])
2026-04-17 00:09:06 | INFO | unicore_cli.train | averaging ['in_house_lnp_B16F10_luc_valid_spearmanr_coeff', 'in_house_lnp_DC24_luc_valid_spearmanr_coeff'] for valid_spearmanr_coeff
2026-04-17 00:09:06 | INFO | unimol.core.checkpoint_utils | Preparing to save checkpoint for epoch 79 @ 10794 updates
2026-04-17 00:09:06 | INFO | unimol.core.trainer | Saving checkpoint to ./tmp_save_demo/save_InfoMax_Run/checkpoint79.pt
2026-04-17 00:09:07 | INFO | unimol.core.trainer | Finished saving checkpoint to ./tmp_save_demo/save_InfoMax_Run/checkpoint79.pt
2026-04-17 00:09:07 | INFO | unimol.core.checkpoint_utils | Saved checkpoint ./tmp_save_demo/save_InfoMax_Run/checkpoint79.pt (epoch 79 @ 10794 updates, score 0.9075) (writing took 0.9168051689630374 seconds)
2026-04-17 00:09:07 | INFO | unimol.core.checkpoint_utils | copy ./tmp_save_demo/save_InfoMax_Run/checkpoint79.pt to ./save_demo/save_InfoMax_Run/checkpoint79.pt
2026-04-17 00:09:07 | INFO | unicore_cli.train | end of epoch 79 (average epoch stats below)
2026-04-17 00:09:07 | INFO | train | epoch 079 | loss 0.049 | loss_in_house_lnp_B16F10_luc 0.027 | loss_in_house_lnp_DC24_luc 0.017 | ups 7.09 | bsz 15.9 | num_updates 10794 | lr 6.4778e-05 | gnorm 9.554 | clip 100 | loss_scale 64 | train_wall 15.49 | epoch_itr_sz 137 | gb_free 76 | wall 1552
2026-04-17 00:09:07 | INFO | unimol.core.tasks.unicore_task | get EpochBatchIterator for epoch 80
2026-04-17 00:09:07 | INFO | unimol.core.trainer | begin training epoch 80
2026-04-17 00:09:07 | INFO | unicore_cli.train | Start iterating over samples
2026-04-17 00:09:08 | INFO | unimol.core.checkpoint_utils | copy ./tmp_save_demo/save_InfoMax_Run/checkpoint79.pt to ./save_demo/save_InfoMax_Run/checkpoint_last.pt
2026-04-17 00:09:09 | INFO | train_inner | epoch 080:      6 / 137 loss=0.05, loss_in_house_lnp_B16F10_luc=0.028, loss_in_house_lnp_DC24_luc=0.017, ups=6.74, bsz=16, num_updates=10800, lr=6.47549e-05, gnorm=9.782, clip=100, loss_scale=64, train_wall=11.24, gb_free=76, wall=1553
2026-04-17 00:09:09 | INFO | unimol.core.checkpoint_utils | removing temp file ./tmp_save_demo/save_InfoMax_Run/checkpoint79.pt ...
2026-04-17 00:09:09 | INFO | unimol.core.checkpoint_utils | removed ./save_demo/save_InfoMax_Run/checkpoint69.pt
2026-04-17 00:09:09 | INFO | unimol.core.checkpoint_utils | finished async ckp saving.
2026-04-17 00:09:14 | INFO | unimol.core.trainer | NOTE: gradient overflow detected, ignoring gradient, setting loss scale to: 64.0
2026-04-17 00:09:20 | INFO | train_inner | epoch 080:    107 / 137 loss=0.051, loss_in_house_lnp_B16F10_luc=0.027, loss_in_house_lnp_DC24_luc=0.018, ups=8.67, bsz=15.9, num_updates=10900, lr=6.43694e-05, gnorm=10.002, clip=98, loss_scale=64, train_wall=11.32, gb_free=76, wall=1565
2026-04-17 00:09:23 | INFO | unicore_cli.train | begin validation on "valid" subset
2026-04-17 00:09:23 | INFO | unimol.core.tasks.unicore_task | get EpochBatchIterator for epoch 1
reduce_metrics, task_name:  in_house_lnp_B16F10_luc
reduce_metrics, task_name:  in_house_lnp_DC24_luc
get_valid_stats stats:  OrderedDict([('loss', 0.058), ('loss_in_house_lnp_B16F10_luc', 0.033), ('loss_in_house_lnp_DC24_luc', 0.024), ('in_house_lnp_B16F10_luc_valid_spearmanr_coeff', 0.861), ('in_house_lnp_B16F10_luc_valid_spearmanr_p_val', 0.0), ('in_house_lnp_B16F10_luc_valid_pearsonr_coeff', 0.832), ('in_house_lnp_B16F10_luc_valid_pearsonr_p_val', 0.0), ('in_house_lnp_B16F10_luc_valid_mae', 2.58), ('in_house_lnp_B16F10_luc_valid_mse', 9.987), ('in_house_lnp_B16F10_luc_valid_agg_mae', 2.58), ('in_house_lnp_B16F10_luc_valid_agg_mse', 9.987), ('in_house_lnp_B16F10_luc_valid_contrastive_L', 0.383), ('in_house_lnp_B16F10_luc_valid_agg_rmse', 3.1603), ('in_house_lnp_DC24_luc_valid_spearmanr_coeff', 0.942), ('in_house_lnp_DC24_luc_valid_spearmanr_p_val', 0.0), ('in_house_lnp_DC24_luc_valid_pearsonr_coeff', 0.936), ('in_house_lnp_DC24_luc_valid_pearsonr_p_val', 0.0), ('in_house_lnp_DC24_luc_valid_mae', 4.376), ('in_house_lnp_DC24_luc_valid_mse', 25.121), ('in_house_lnp_DC24_luc_valid_agg_mae', 4.376), ('in_house_lnp_DC24_luc_valid_agg_mse', 25.121), ('in_house_lnp_DC24_luc_valid_contrastive_L', 0.251), ('in_house_lnp_DC24_luc_valid_agg_rmse', 5.012), ('bsz', 312.0), ('num_updates', 10930)])
2026-04-17 00:09:25 | INFO | valid | epoch 080 | valid on 'valid' subset | loss 0.058 | loss_in_house_lnp_B16F10_luc 0.033 | loss_in_house_lnp_DC24_luc 0.024 | in_house_lnp_B16F10_luc_valid_spearmanr_coeff 0.861 | in_house_lnp_B16F10_luc_valid_spearmanr_p_val 0 | in_house_lnp_B16F10_luc_valid_pearsonr_coeff 0.832 | in_house_lnp_B16F10_luc_valid_pearsonr_p_val 0 | in_house_lnp_B16F10_luc_valid_mae 2.58 | in_house_lnp_B16F10_luc_valid_mse 9.987 | in_house_lnp_B16F10_luc_valid_agg_mae 2.58 | in_house_lnp_B16F10_luc_valid_agg_mse 9.987 | in_house_lnp_B16F10_luc_valid_contrastive_L 0.383 | in_house_lnp_B16F10_luc_valid_agg_rmse 3.1603 | in_house_lnp_DC24_luc_valid_spearmanr_coeff 0.942 | in_house_lnp_DC24_luc_valid_spearmanr_p_val 0 | in_house_lnp_DC24_luc_valid_pearsonr_coeff 0.936 | in_house_lnp_DC24_luc_valid_pearsonr_p_val 0 | in_house_lnp_DC24_luc_valid_mae 4.376 | in_house_lnp_DC24_luc_valid_mse 25.121 | in_house_lnp_DC24_luc_valid_agg_mae 4.376 | in_house_lnp_DC24_luc_valid_agg_mse 25.121 | in_house_lnp_DC24_luc_valid_contrastive_L 0.251 | in_house_lnp_DC24_luc_valid_agg_rmse 5.012 | bsz 312 | num_updates 10930
validate stats:  OrderedDict([('loss', 0.058), ('loss_in_house_lnp_B16F10_luc', 0.033), ('loss_in_house_lnp_DC24_luc', 0.024), ('in_house_lnp_B16F10_luc_valid_spearmanr_coeff', 0.861), ('in_house_lnp_B16F10_luc_valid_spearmanr_p_val', 0.0), ('in_house_lnp_B16F10_luc_valid_pearsonr_coeff', 0.832), ('in_house_lnp_B16F10_luc_valid_pearsonr_p_val', 0.0), ('in_house_lnp_B16F10_luc_valid_mae', 2.58), ('in_house_lnp_B16F10_luc_valid_mse', 9.987), ('in_house_lnp_B16F10_luc_valid_agg_mae', 2.58), ('in_house_lnp_B16F10_luc_valid_agg_mse', 9.987), ('in_house_lnp_B16F10_luc_valid_contrastive_L', 0.383), ('in_house_lnp_B16F10_luc_valid_agg_rmse', 3.1603), ('in_house_lnp_DC24_luc_valid_spearmanr_coeff', 0.942), ('in_house_lnp_DC24_luc_valid_spearmanr_p_val', 0.0), ('in_house_lnp_DC24_luc_valid_pearsonr_coeff', 0.936), ('in_house_lnp_DC24_luc_valid_pearsonr_p_val', 0.0), ('in_house_lnp_DC24_luc_valid_mae', 4.376), ('in_house_lnp_DC24_luc_valid_mse', 25.121), ('in_house_lnp_DC24_luc_valid_agg_mae', 4.376), ('in_house_lnp_DC24_luc_valid_agg_mse', 25.121), ('in_house_lnp_DC24_luc_valid_contrastive_L', 0.251), ('in_house_lnp_DC24_luc_valid_agg_rmse', 5.012), ('bsz', 312.0), ('num_updates', 10930)])
2026-04-17 00:09:25 | INFO | unicore_cli.train | averaging ['in_house_lnp_B16F10_luc_valid_spearmanr_coeff', 'in_house_lnp_DC24_luc_valid_spearmanr_coeff'] for valid_spearmanr_coeff
2026-04-17 00:09:25 | INFO | unimol.core.checkpoint_utils | Preparing to save checkpoint for epoch 80 @ 10930 updates
2026-04-17 00:09:25 | INFO | unimol.core.trainer | Saving checkpoint to ./tmp_save_demo/save_InfoMax_Run/checkpoint80.pt
2026-04-17 00:09:26 | INFO | unimol.core.trainer | Finished saving checkpoint to ./tmp_save_demo/save_InfoMax_Run/checkpoint80.pt
2026-04-17 00:09:26 | INFO | unimol.core.checkpoint_utils | Saved checkpoint ./tmp_save_demo/save_InfoMax_Run/checkpoint80.pt (epoch 80 @ 10930 updates, score 0.9015) (writing took 0.9340790279675275 seconds)
2026-04-17 00:09:26 | INFO | unimol.core.checkpoint_utils | copy ./tmp_save_demo/save_InfoMax_Run/checkpoint80.pt to ./save_demo/save_InfoMax_Run/checkpoint80.pt
2026-04-17 00:09:26 | INFO | unicore_cli.train | end of epoch 80 (average epoch stats below)
2026-04-17 00:09:26 | INFO | train | epoch 080 | loss 0.05 | loss_in_house_lnp_B16F10_luc 0.027 | loss_in_house_lnp_DC24_luc 0.017 | ups 7.15 | bsz 15.9 | num_updates 10930 | lr 6.42538e-05 | gnorm 9.291 | clip 98.5 | loss_scale 64 | train_wall 15.36 | epoch_itr_sz 137 | gb_free 76 | wall 1571
2026-04-17 00:09:26 | INFO | unimol.core.tasks.unicore_task | get EpochBatchIterator for epoch 81
2026-04-17 00:09:26 | INFO | unimol.core.trainer | begin training epoch 81
2026-04-17 00:09:26 | INFO | unicore_cli.train | Start iterating over samples
2026-04-17 00:09:27 | INFO | unimol.core.checkpoint_utils | copy ./tmp_save_demo/save_InfoMax_Run/checkpoint80.pt to ./save_demo/save_InfoMax_Run/checkpoint_last.pt
2026-04-17 00:09:28 | INFO | unimol.core.checkpoint_utils | removing temp file ./tmp_save_demo/save_InfoMax_Run/checkpoint80.pt ...
2026-04-17 00:09:28 | INFO | unimol.core.checkpoint_utils | removed ./save_demo/save_InfoMax_Run/checkpoint70.pt
2026-04-17 00:09:28 | INFO | unimol.core.checkpoint_utils | finished async ckp saving.
2026-04-17 00:09:35 | INFO | train_inner | epoch 081:     70 / 137 loss=0.048, loss_in_house_lnp_B16F10_luc=0.027, loss_in_house_lnp_DC24_luc=0.016, ups=6.74, bsz=16, num_updates=11000, lr=6.3984e-05, gnorm=8.318, clip=99, loss_scale=64, train_wall=11.19, gb_free=76, wall=1580
2026-04-17 00:09:42 | INFO | unicore_cli.train | begin validation on "valid" subset
2026-04-17 00:09:42 | INFO | unimol.core.tasks.unicore_task | get EpochBatchIterator for epoch 1
reduce_metrics, task_name:  in_house_lnp_B16F10_luc
reduce_metrics, task_name:  in_house_lnp_DC24_luc
get_valid_stats stats:  OrderedDict([('loss', 0.056), ('loss_in_house_lnp_B16F10_luc', 0.032), ('loss_in_house_lnp_DC24_luc', 0.023), ('in_house_lnp_B16F10_luc_valid_spearmanr_coeff', 0.866), ('in_house_lnp_B16F10_luc_valid_spearmanr_p_val', 0.0), ('in_house_lnp_B16F10_luc_valid_pearsonr_coeff', 0.837), ('in_house_lnp_B16F10_luc_valid_pearsonr_p_val', 0.0), ('in_house_lnp_B16F10_luc_valid_mae', 2.568), ('in_house_lnp_B16F10_luc_valid_mse', 9.595), ('in_house_lnp_B16F10_luc_valid_agg_mae', 2.568), ('in_house_lnp_B16F10_luc_valid_agg_mse', 9.595), ('in_house_lnp_B16F10_luc_valid_contrastive_L', 0.374), ('in_house_lnp_B16F10_luc_valid_agg_rmse', 3.0976), ('in_house_lnp_DC24_luc_valid_spearmanr_coeff', 0.947), ('in_house_lnp_DC24_luc_valid_spearmanr_p_val', 0.0), ('in_house_lnp_DC24_luc_valid_pearsonr_coeff', 0.934), ('in_house_lnp_DC24_luc_valid_pearsonr_p_val', 0.0), ('in_house_lnp_DC24_luc_valid_mae', 4.302), ('in_house_lnp_DC24_luc_valid_mse', 24.725), ('in_house_lnp_DC24_luc_valid_agg_mae', 4.302), ('in_house_lnp_DC24_luc_valid_agg_mse', 24.725), ('in_house_lnp_DC24_luc_valid_contrastive_L', 0.237), ('in_house_lnp_DC24_luc_valid_agg_rmse', 4.9724), ('bsz', 312.0), ('num_updates', 11067)])
2026-04-17 00:09:44 | INFO | valid | epoch 081 | valid on 'valid' subset | loss 0.056 | loss_in_house_lnp_B16F10_luc 0.032 | loss_in_house_lnp_DC24_luc 0.023 | in_house_lnp_B16F10_luc_valid_spearmanr_coeff 0.866 | in_house_lnp_B16F10_luc_valid_spearmanr_p_val 0 | in_house_lnp_B16F10_luc_valid_pearsonr_coeff 0.837 | in_house_lnp_B16F10_luc_valid_pearsonr_p_val 0 | in_house_lnp_B16F10_luc_valid_mae 2.568 | in_house_lnp_B16F10_luc_valid_mse 9.595 | in_house_lnp_B16F10_luc_valid_agg_mae 2.568 | in_house_lnp_B16F10_luc_valid_agg_mse 9.595 | in_house_lnp_B16F10_luc_valid_contrastive_L 0.374 | in_house_lnp_B16F10_luc_valid_agg_rmse 3.0976 | in_house_lnp_DC24_luc_valid_spearmanr_coeff 0.947 | in_house_lnp_DC24_luc_valid_spearmanr_p_val 0 | in_house_lnp_DC24_luc_valid_pearsonr_coeff 0.934 | in_house_lnp_DC24_luc_valid_pearsonr_p_val 0 | in_house_lnp_DC24_luc_valid_mae 4.302 | in_house_lnp_DC24_luc_valid_mse 24.725 | in_house_lnp_DC24_luc_valid_agg_mae 4.302 | in_house_lnp_DC24_luc_valid_agg_mse 24.725 | in_house_lnp_DC24_luc_valid_contrastive_L 0.237 | in_house_lnp_DC24_luc_valid_agg_rmse 4.9724 | bsz 312 | num_updates 11067
validate stats:  OrderedDict([('loss', 0.056), ('loss_in_house_lnp_B16F10_luc', 0.032), ('loss_in_house_lnp_DC24_luc', 0.023), ('in_house_lnp_B16F10_luc_valid_spearmanr_coeff', 0.866), ('in_house_lnp_B16F10_luc_valid_spearmanr_p_val', 0.0), ('in_house_lnp_B16F10_luc_valid_pearsonr_coeff', 0.837), ('in_house_lnp_B16F10_luc_valid_pearsonr_p_val', 0.0), ('in_house_lnp_B16F10_luc_valid_mae', 2.568), ('in_house_lnp_B16F10_luc_valid_mse', 9.595), ('in_house_lnp_B16F10_luc_valid_agg_mae', 2.568), ('in_house_lnp_B16F10_luc_valid_agg_mse', 9.595), ('in_house_lnp_B16F10_luc_valid_contrastive_L', 0.374), ('in_house_lnp_B16F10_luc_valid_agg_rmse', 3.0976), ('in_house_lnp_DC24_luc_valid_spearmanr_coeff', 0.947), ('in_house_lnp_DC24_luc_valid_spearmanr_p_val', 0.0), ('in_house_lnp_DC24_luc_valid_pearsonr_coeff', 0.934), ('in_house_lnp_DC24_luc_valid_pearsonr_p_val', 0.0), ('in_house_lnp_DC24_luc_valid_mae', 4.302), ('in_house_lnp_DC24_luc_valid_mse', 24.725), ('in_house_lnp_DC24_luc_valid_agg_mae', 4.302), ('in_house_lnp_DC24_luc_valid_agg_mse', 24.725), ('in_house_lnp_DC24_luc_valid_contrastive_L', 0.237), ('in_house_lnp_DC24_luc_valid_agg_rmse', 4.9724), ('bsz', 312.0), ('num_updates', 11067)])
2026-04-17 00:09:44 | INFO | unicore_cli.train | averaging ['in_house_lnp_B16F10_luc_valid_spearmanr_coeff', 'in_house_lnp_DC24_luc_valid_spearmanr_coeff'] for valid_spearmanr_coeff
2026-04-17 00:09:44 | INFO | unimol.core.checkpoint_utils | Preparing to save checkpoint for epoch 81 @ 11067 updates
2026-04-17 00:09:44 | INFO | unimol.core.trainer | Saving checkpoint to ./tmp_save_demo/save_InfoMax_Run/checkpoint81.pt
2026-04-17 00:09:45 | INFO | unimol.core.trainer | Finished saving checkpoint to ./tmp_save_demo/save_InfoMax_Run/checkpoint81.pt
2026-04-17 00:09:45 | INFO | unimol.core.checkpoint_utils | Saved checkpoint ./tmp_save_demo/save_InfoMax_Run/checkpoint81.pt (epoch 81 @ 11067 updates, score 0.9065) (writing took 0.935999933979474 seconds)
2026-04-17 00:09:45 | INFO | unimol.core.checkpoint_utils | copy ./tmp_save_demo/save_InfoMax_Run/checkpoint81.pt to ./save_demo/save_InfoMax_Run/checkpoint81.pt
2026-04-17 00:09:45 | INFO | unicore_cli.train | end of epoch 81 (average epoch stats below)
2026-04-17 00:09:45 | INFO | train | epoch 081 | loss 0.051 | loss_in_house_lnp_B16F10_luc 0.028 | loss_in_house_lnp_DC24_luc 0.018 | ups 7.18 | bsz 15.9 | num_updates 11067 | lr 6.37257e-05 | gnorm 9.337 | clip 99.3 | loss_scale 64 | train_wall 15.32 | epoch_itr_sz 137 | gb_free 76 | wall 1590
2026-04-17 00:09:45 | INFO | unimol.core.tasks.unicore_task | get EpochBatchIterator for epoch 82
2026-04-17 00:09:45 | INFO | unimol.core.trainer | begin training epoch 82
2026-04-17 00:09:45 | INFO | unicore_cli.train | Start iterating over samples
2026-04-17 00:09:46 | INFO | unimol.core.checkpoint_utils | copy ./tmp_save_demo/save_InfoMax_Run/checkpoint81.pt to ./save_demo/save_InfoMax_Run/checkpoint_last.pt
2026-04-17 00:09:47 | INFO | unimol.core.checkpoint_utils | removing temp file ./tmp_save_demo/save_InfoMax_Run/checkpoint81.pt ...
2026-04-17 00:09:47 | INFO | unimol.core.checkpoint_utils | removed ./save_demo/save_InfoMax_Run/checkpoint71.pt
2026-04-17 00:09:47 | INFO | unimol.core.checkpoint_utils | finished async ckp saving.
2026-04-17 00:09:50 | INFO | train_inner | epoch 082:     33 / 137 loss=0.051, loss_in_house_lnp_B16F10_luc=0.028, loss_in_house_lnp_DC24_luc=0.018, ups=6.66, bsz=15.9, num_updates=11100, lr=6.35985e-05, gnorm=10.2, clip=100, loss_scale=128, train_wall=11.21, gb_free=76, wall=1595
2026-04-17 00:09:52 | INFO | unimol.core.trainer | NOTE: gradient overflow detected, ignoring gradient, setting loss scale to: 64.0
2026-04-17 00:10:02 | INFO | train_inner | epoch 082:    134 / 137 loss=0.05, loss_in_house_lnp_B16F10_luc=0.027, loss_in_house_lnp_DC24_luc=0.017, ups=8.48, bsz=15.9, num_updates=11200, lr=6.32131e-05, gnorm=9.774, clip=99, loss_scale=64, train_wall=11.48, gb_free=76, wall=1607
2026-04-17 00:10:02 | INFO | unicore_cli.train | begin validation on "valid" subset
2026-04-17 00:10:02 | INFO | unimol.core.tasks.unicore_task | get EpochBatchIterator for epoch 1
reduce_metrics, task_name:  in_house_lnp_B16F10_luc
reduce_metrics, task_name:  in_house_lnp_DC24_luc
get_valid_stats stats:  OrderedDict([('loss', 0.056), ('loss_in_house_lnp_B16F10_luc', 0.032), ('loss_in_house_lnp_DC24_luc', 0.024), ('in_house_lnp_B16F10_luc_valid_spearmanr_coeff', 0.872), ('in_house_lnp_B16F10_luc_valid_spearmanr_p_val', 0.0), ('in_house_lnp_B16F10_luc_valid_pearsonr_coeff', 0.84), ('in_house_lnp_B16F10_luc_valid_pearsonr_p_val', 0.0), ('in_house_lnp_B16F10_luc_valid_mae', 2.452), ('in_house_lnp_B16F10_luc_valid_mse', 8.754), ('in_house_lnp_B16F10_luc_valid_agg_mae', 2.452), ('in_house_lnp_B16F10_luc_valid_agg_mse', 8.754), ('in_house_lnp_B16F10_luc_valid_contrastive_L', 0.362), ('in_house_lnp_B16F10_luc_valid_agg_rmse', 2.9587), ('in_house_lnp_DC24_luc_valid_spearmanr_coeff', 0.945), ('in_house_lnp_DC24_luc_valid_spearmanr_p_val', 0.0), ('in_house_lnp_DC24_luc_valid_pearsonr_coeff', 0.929), ('in_house_lnp_DC24_luc_valid_pearsonr_p_val', 0.0), ('in_house_lnp_DC24_luc_valid_mae', 4.395), ('in_house_lnp_DC24_luc_valid_mse', 25.981), ('in_house_lnp_DC24_luc_valid_agg_mae', 4.395), ('in_house_lnp_DC24_luc_valid_agg_mse', 25.981), ('in_house_lnp_DC24_luc_valid_contrastive_L', 0.246), ('in_house_lnp_DC24_luc_valid_agg_rmse', 5.0972), ('bsz', 312.0), ('num_updates', 11203)])
2026-04-17 00:10:04 | INFO | valid | epoch 082 | valid on 'valid' subset | loss 0.056 | loss_in_house_lnp_B16F10_luc 0.032 | loss_in_house_lnp_DC24_luc 0.024 | in_house_lnp_B16F10_luc_valid_spearmanr_coeff 0.872 | in_house_lnp_B16F10_luc_valid_spearmanr_p_val 0 | in_house_lnp_B16F10_luc_valid_pearsonr_coeff 0.84 | in_house_lnp_B16F10_luc_valid_pearsonr_p_val 0 | in_house_lnp_B16F10_luc_valid_mae 2.452 | in_house_lnp_B16F10_luc_valid_mse 8.754 | in_house_lnp_B16F10_luc_valid_agg_mae 2.452 | in_house_lnp_B16F10_luc_valid_agg_mse 8.754 | in_house_lnp_B16F10_luc_valid_contrastive_L 0.362 | in_house_lnp_B16F10_luc_valid_agg_rmse 2.9587 | in_house_lnp_DC24_luc_valid_spearmanr_coeff 0.945 | in_house_lnp_DC24_luc_valid_spearmanr_p_val 0 | in_house_lnp_DC24_luc_valid_pearsonr_coeff 0.929 | in_house_lnp_DC24_luc_valid_pearsonr_p_val 0 | in_house_lnp_DC24_luc_valid_mae 4.395 | in_house_lnp_DC24_luc_valid_mse 25.981 | in_house_lnp_DC24_luc_valid_agg_mae 4.395 | in_house_lnp_DC24_luc_valid_agg_mse 25.981 | in_house_lnp_DC24_luc_valid_contrastive_L 0.246 | in_house_lnp_DC24_luc_valid_agg_rmse 5.0972 | bsz 312 | num_updates 11203
validate stats:  OrderedDict([('loss', 0.056), ('loss_in_house_lnp_B16F10_luc', 0.032), ('loss_in_house_lnp_DC24_luc', 0.024), ('in_house_lnp_B16F10_luc_valid_spearmanr_coeff', 0.872), ('in_house_lnp_B16F10_luc_valid_spearmanr_p_val', 0.0), ('in_house_lnp_B16F10_luc_valid_pearsonr_coeff', 0.84), ('in_house_lnp_B16F10_luc_valid_pearsonr_p_val', 0.0), ('in_house_lnp_B16F10_luc_valid_mae', 2.452), ('in_house_lnp_B16F10_luc_valid_mse', 8.754), ('in_house_lnp_B16F10_luc_valid_agg_mae', 2.452), ('in_house_lnp_B16F10_luc_valid_agg_mse', 8.754), ('in_house_lnp_B16F10_luc_valid_contrastive_L', 0.362), ('in_house_lnp_B16F10_luc_valid_agg_rmse', 2.9587), ('in_house_lnp_DC24_luc_valid_spearmanr_coeff', 0.945), ('in_house_lnp_DC24_luc_valid_spearmanr_p_val', 0.0), ('in_house_lnp_DC24_luc_valid_pearsonr_coeff', 0.929), ('in_house_lnp_DC24_luc_valid_pearsonr_p_val', 0.0), ('in_house_lnp_DC24_luc_valid_mae', 4.395), ('in_house_lnp_DC24_luc_valid_mse', 25.981), ('in_house_lnp_DC24_luc_valid_agg_mae', 4.395), ('in_house_lnp_DC24_luc_valid_agg_mse', 25.981), ('in_house_lnp_DC24_luc_valid_contrastive_L', 0.246), ('in_house_lnp_DC24_luc_valid_agg_rmse', 5.0972), ('bsz', 312.0), ('num_updates', 11203)])
2026-04-17 00:10:04 | INFO | unicore_cli.train | averaging ['in_house_lnp_B16F10_luc_valid_spearmanr_coeff', 'in_house_lnp_DC24_luc_valid_spearmanr_coeff'] for valid_spearmanr_coeff
2026-04-17 00:10:04 | INFO | unimol.core.checkpoint_utils | Preparing to save checkpoint for epoch 82 @ 11203 updates
2026-04-17 00:10:04 | INFO | unimol.core.trainer | Saving checkpoint to ./tmp_save_demo/save_InfoMax_Run/checkpoint82.pt
2026-04-17 00:10:04 | INFO | unimol.core.trainer | Finished saving checkpoint to ./tmp_save_demo/save_InfoMax_Run/checkpoint82.pt
2026-04-17 00:10:04 | INFO | unimol.core.checkpoint_utils | Saved checkpoint ./tmp_save_demo/save_InfoMax_Run/checkpoint82.pt (epoch 82 @ 11203 updates, score 0.9085) (writing took 0.9266261359443888 seconds)
2026-04-17 00:10:04 | INFO | unicore_cli.train | end of epoch 82 (average epoch stats below)
2026-04-17 00:10:04 | INFO | unimol.core.checkpoint_utils | copy ./tmp_save_demo/save_InfoMax_Run/checkpoint82.pt to ./save_demo/save_InfoMax_Run/checkpoint82.pt
2026-04-17 00:10:04 | INFO | train | epoch 082 | loss 0.05 | loss_in_house_lnp_B16F10_luc 0.027 | loss_in_house_lnp_DC24_luc 0.017 | ups 6.94 | bsz 15.9 | num_updates 11203 | lr 6.32015e-05 | gnorm 10.287 | clip 99.3 | loss_scale 64 | train_wall 15.68 | epoch_itr_sz 137 | gb_free 76 | wall 1609
2026-04-17 00:10:04 | INFO | unimol.core.tasks.unicore_task | get EpochBatchIterator for epoch 83
2026-04-17 00:10:04 | INFO | unimol.core.trainer | begin training epoch 83
2026-04-17 00:10:04 | INFO | unicore_cli.train | Start iterating over samples
2026-04-17 00:10:06 | INFO | unimol.core.checkpoint_utils | copy ./tmp_save_demo/save_InfoMax_Run/checkpoint82.pt to ./save_demo/save_InfoMax_Run/checkpoint_best.pt
2026-04-17 00:10:07 | INFO | unimol.core.checkpoint_utils | copy ./tmp_save_demo/save_InfoMax_Run/checkpoint82.pt to ./save_demo/save_InfoMax_Run/checkpoint_last.pt
2026-04-17 00:10:07 | INFO | unimol.core.checkpoint_utils | removing temp file ./tmp_save_demo/save_InfoMax_Run/checkpoint82.pt ...
2026-04-17 00:10:07 | INFO | unimol.core.checkpoint_utils | removed ./save_demo/save_InfoMax_Run/checkpoint72.pt
2026-04-17 00:10:07 | INFO | unimol.core.checkpoint_utils | finished async ckp saving.
2026-04-17 00:10:17 | INFO | unimol.core.trainer | NOTE: gradient overflow detected, ignoring gradient, setting loss scale to: 32.0
2026-04-17 00:10:17 | INFO | train_inner | epoch 083:     98 / 137 loss=0.049, loss_in_house_lnp_B16F10_luc=0.026, loss_in_house_lnp_DC24_luc=0.017, ups=6.46, bsz=15.9, num_updates=11300, lr=6.28276e-05, gnorm=11.173, clip=100, loss_scale=32, train_wall=11.63, gb_free=76, wall=1622
2026-04-17 00:10:21 | INFO | unicore_cli.train | begin validation on "valid" subset
2026-04-17 00:10:21 | INFO | unimol.core.tasks.unicore_task | get EpochBatchIterator for epoch 1
reduce_metrics, task_name:  in_house_lnp_B16F10_luc
reduce_metrics, task_name:  in_house_lnp_DC24_luc
get_valid_stats stats:  OrderedDict([('loss', 0.056), ('loss_in_house_lnp_B16F10_luc', 0.033), ('loss_in_house_lnp_DC24_luc', 0.024), ('in_house_lnp_B16F10_luc_valid_spearmanr_coeff', 0.873), ('in_house_lnp_B16F10_luc_valid_spearmanr_p_val', 0.0), ('in_house_lnp_B16F10_luc_valid_pearsonr_coeff', 0.845), ('in_house_lnp_B16F10_luc_valid_pearsonr_p_val', 0.0), ('in_house_lnp_B16F10_luc_valid_mae', 2.636), ('in_house_lnp_B16F10_luc_valid_mse', 10.077), ('in_house_lnp_B16F10_luc_valid_agg_mae', 2.636), ('in_house_lnp_B16F10_luc_valid_agg_mse', 10.077), ('in_house_lnp_B16F10_luc_valid_contrastive_L', 0.368), ('in_house_lnp_B16F10_luc_valid_agg_rmse', 3.1745), ('in_house_lnp_DC24_luc_valid_spearmanr_coeff', 0.948), ('in_house_lnp_DC24_luc_valid_spearmanr_p_val', 0.0), ('in_house_lnp_DC24_luc_valid_pearsonr_coeff', 0.94), ('in_house_lnp_DC24_luc_valid_pearsonr_p_val', 0.0), ('in_house_lnp_DC24_luc_valid_mae', 4.503), ('in_house_lnp_DC24_luc_valid_mse', 26.99), ('in_house_lnp_DC24_luc_valid_agg_mae', 4.503), ('in_house_lnp_DC24_luc_valid_agg_mse', 26.99), ('in_house_lnp_DC24_luc_valid_contrastive_L', 0.237), ('in_house_lnp_DC24_luc_valid_agg_rmse', 5.1952), ('bsz', 312.0), ('num_updates', 11339)])
2026-04-17 00:10:23 | INFO | valid | epoch 083 | valid on 'valid' subset | loss 0.056 | loss_in_house_lnp_B16F10_luc 0.033 | loss_in_house_lnp_DC24_luc 0.024 | in_house_lnp_B16F10_luc_valid_spearmanr_coeff 0.873 | in_house_lnp_B16F10_luc_valid_spearmanr_p_val 0 | in_house_lnp_B16F10_luc_valid_pearsonr_coeff 0.845 | in_house_lnp_B16F10_luc_valid_pearsonr_p_val 0 | in_house_lnp_B16F10_luc_valid_mae 2.636 | in_house_lnp_B16F10_luc_valid_mse 10.077 | in_house_lnp_B16F10_luc_valid_agg_mae 2.636 | in_house_lnp_B16F10_luc_valid_agg_mse 10.077 | in_house_lnp_B16F10_luc_valid_contrastive_L 0.368 | in_house_lnp_B16F10_luc_valid_agg_rmse 3.1745 | in_house_lnp_DC24_luc_valid_spearmanr_coeff 0.948 | in_house_lnp_DC24_luc_valid_spearmanr_p_val 0 | in_house_lnp_DC24_luc_valid_pearsonr_coeff 0.94 | in_house_lnp_DC24_luc_valid_pearsonr_p_val 0 | in_house_lnp_DC24_luc_valid_mae 4.503 | in_house_lnp_DC24_luc_valid_mse 26.99 | in_house_lnp_DC24_luc_valid_agg_mae 4.503 | in_house_lnp_DC24_luc_valid_agg_mse 26.99 | in_house_lnp_DC24_luc_valid_contrastive_L 0.237 | in_house_lnp_DC24_luc_valid_agg_rmse 5.1952 | bsz 312 | num_updates 11339
validate stats:  OrderedDict([('loss', 0.056), ('loss_in_house_lnp_B16F10_luc', 0.033), ('loss_in_house_lnp_DC24_luc', 0.024), ('in_house_lnp_B16F10_luc_valid_spearmanr_coeff', 0.873), ('in_house_lnp_B16F10_luc_valid_spearmanr_p_val', 0.0), ('in_house_lnp_B16F10_luc_valid_pearsonr_coeff', 0.845), ('in_house_lnp_B16F10_luc_valid_pearsonr_p_val', 0.0), ('in_house_lnp_B16F10_luc_valid_mae', 2.636), ('in_house_lnp_B16F10_luc_valid_mse', 10.077), ('in_house_lnp_B16F10_luc_valid_agg_mae', 2.636), ('in_house_lnp_B16F10_luc_valid_agg_mse', 10.077), ('in_house_lnp_B16F10_luc_valid_contrastive_L', 0.368), ('in_house_lnp_B16F10_luc_valid_agg_rmse', 3.1745), ('in_house_lnp_DC24_luc_valid_spearmanr_coeff', 0.948), ('in_house_lnp_DC24_luc_valid_spearmanr_p_val', 0.0), ('in_house_lnp_DC24_luc_valid_pearsonr_coeff', 0.94), ('in_house_lnp_DC24_luc_valid_pearsonr_p_val', 0.0), ('in_house_lnp_DC24_luc_valid_mae', 4.503), ('in_house_lnp_DC24_luc_valid_mse', 26.99), ('in_house_lnp_DC24_luc_valid_agg_mae', 4.503), ('in_house_lnp_DC24_luc_valid_agg_mse', 26.99), ('in_house_lnp_DC24_luc_valid_contrastive_L', 0.237), ('in_house_lnp_DC24_luc_valid_agg_rmse', 5.1952), ('bsz', 312.0), ('num_updates', 11339)])
2026-04-17 00:10:23 | INFO | unicore_cli.train | averaging ['in_house_lnp_B16F10_luc_valid_spearmanr_coeff', 'in_house_lnp_DC24_luc_valid_spearmanr_coeff'] for valid_spearmanr_coeff
2026-04-17 00:10:23 | INFO | unimol.core.checkpoint_utils | Preparing to save checkpoint for epoch 83 @ 11339 updates
2026-04-17 00:10:23 | INFO | unimol.core.trainer | Saving checkpoint to ./tmp_save_demo/save_InfoMax_Run/checkpoint83.pt
2026-04-17 00:10:24 | INFO | unimol.core.trainer | Finished saving checkpoint to ./tmp_save_demo/save_InfoMax_Run/checkpoint83.pt
2026-04-17 00:10:24 | INFO | unimol.core.checkpoint_utils | Saved checkpoint ./tmp_save_demo/save_InfoMax_Run/checkpoint83.pt (epoch 83 @ 11339 updates, score 0.9105) (writing took 0.9093629460548982 seconds)
2026-04-17 00:10:24 | INFO | unimol.core.checkpoint_utils | copy ./tmp_save_demo/save_InfoMax_Run/checkpoint83.pt to ./save_demo/save_InfoMax_Run/checkpoint83.pt
2026-04-17 00:10:24 | INFO | unicore_cli.train | end of epoch 83 (average epoch stats below)
2026-04-17 00:10:24 | INFO | train | epoch 083 | loss 0.049 | loss_in_house_lnp_B16F10_luc 0.027 | loss_in_house_lnp_DC24_luc 0.017 | ups 6.9 | bsz 15.9 | num_updates 11339 | lr 6.26773e-05 | gnorm 10.383 | clip 100 | loss_scale 32 | train_wall 15.5 | epoch_itr_sz 137 | gb_free 76 | wall 1629
2026-04-17 00:10:24 | INFO | unimol.core.tasks.unicore_task | get EpochBatchIterator for epoch 84
2026-04-17 00:10:24 | INFO | unimol.core.trainer | begin training epoch 84
2026-04-17 00:10:24 | INFO | unicore_cli.train | Start iterating over samples
2026-04-17 00:10:26 | INFO | unimol.core.checkpoint_utils | copy ./tmp_save_demo/save_InfoMax_Run/checkpoint83.pt to ./save_demo/save_InfoMax_Run/checkpoint_best.pt
2026-04-17 00:10:26 | INFO | unimol.core.checkpoint_utils | copy ./tmp_save_demo/save_InfoMax_Run/checkpoint83.pt to ./save_demo/save_InfoMax_Run/checkpoint_last.pt
2026-04-17 00:10:27 | INFO | unimol.core.checkpoint_utils | removing temp file ./tmp_save_demo/save_InfoMax_Run/checkpoint83.pt ...
2026-04-17 00:10:27 | INFO | unimol.core.checkpoint_utils | removed ./save_demo/save_InfoMax_Run/checkpoint73.pt
2026-04-17 00:10:27 | INFO | unimol.core.checkpoint_utils | finished async ckp saving.
2026-04-17 00:10:32 | INFO | train_inner | epoch 084:     61 / 137 loss=0.051, loss_in_house_lnp_B16F10_luc=0.028, loss_in_house_lnp_DC24_luc=0.018, ups=6.57, bsz=16, num_updates=11400, lr=6.24422e-05, gnorm=10.165, clip=100, loss_scale=32, train_wall=11.18, gb_free=76, wall=1637
2026-04-17 00:10:41 | INFO | unicore_cli.train | begin validation on "valid" subset
2026-04-17 00:10:41 | INFO | unimol.core.tasks.unicore_task | get EpochBatchIterator for epoch 1
reduce_metrics, task_name:  in_house_lnp_B16F10_luc
reduce_metrics, task_name:  in_house_lnp_DC24_luc
get_valid_stats stats:  OrderedDict([('loss', 0.058), ('loss_in_house_lnp_B16F10_luc', 0.034), ('loss_in_house_lnp_DC24_luc', 0.024), ('in_house_lnp_B16F10_luc_valid_spearmanr_coeff', 0.869), ('in_house_lnp_B16F10_luc_valid_spearmanr_p_val', 0.0), ('in_house_lnp_B16F10_luc_valid_pearsonr_coeff', 0.835), ('in_house_lnp_B16F10_luc_valid_pearsonr_p_val', 0.0), ('in_house_lnp_B16F10_luc_valid_mae', 2.713), ('in_house_lnp_B16F10_luc_valid_mse', 10.833), ('in_house_lnp_B16F10_luc_valid_agg_mae', 2.713), ('in_house_lnp_B16F10_luc_valid_agg_mse', 10.833), ('in_house_lnp_B16F10_luc_valid_contrastive_L', 0.381), ('in_house_lnp_B16F10_luc_valid_agg_rmse', 3.2913), ('in_house_lnp_DC24_luc_valid_spearmanr_coeff', 0.944), ('in_house_lnp_DC24_luc_valid_spearmanr_p_val', 0.0), ('in_house_lnp_DC24_luc_valid_pearsonr_coeff', 0.935), ('in_house_lnp_DC24_luc_valid_pearsonr_p_val', 0.0), ('in_house_lnp_DC24_luc_valid_mae', 4.409), ('in_house_lnp_DC24_luc_valid_mse', 25.497), ('in_house_lnp_DC24_luc_valid_agg_mae', 4.409), ('in_house_lnp_DC24_luc_valid_agg_mse', 25.497), ('in_house_lnp_DC24_luc_valid_contrastive_L', 0.248), ('in_house_lnp_DC24_luc_valid_agg_rmse', 5.0494), ('bsz', 312.0), ('num_updates', 11476)])
2026-04-17 00:10:42 | INFO | valid | epoch 084 | valid on 'valid' subset | loss 0.058 | loss_in_house_lnp_B16F10_luc 0.034 | loss_in_house_lnp_DC24_luc 0.024 | in_house_lnp_B16F10_luc_valid_spearmanr_coeff 0.869 | in_house_lnp_B16F10_luc_valid_spearmanr_p_val 0 | in_house_lnp_B16F10_luc_valid_pearsonr_coeff 0.835 | in_house_lnp_B16F10_luc_valid_pearsonr_p_val 0 | in_house_lnp_B16F10_luc_valid_mae 2.713 | in_house_lnp_B16F10_luc_valid_mse 10.833 | in_house_lnp_B16F10_luc_valid_agg_mae 2.713 | in_house_lnp_B16F10_luc_valid_agg_mse 10.833 | in_house_lnp_B16F10_luc_valid_contrastive_L 0.381 | in_house_lnp_B16F10_luc_valid_agg_rmse 3.2913 | in_house_lnp_DC24_luc_valid_spearmanr_coeff 0.944 | in_house_lnp_DC24_luc_valid_spearmanr_p_val 0 | in_house_lnp_DC24_luc_valid_pearsonr_coeff 0.935 | in_house_lnp_DC24_luc_valid_pearsonr_p_val 0 | in_house_lnp_DC24_luc_valid_mae 4.409 | in_house_lnp_DC24_luc_valid_mse 25.497 | in_house_lnp_DC24_luc_valid_agg_mae 4.409 | in_house_lnp_DC24_luc_valid_agg_mse 25.497 | in_house_lnp_DC24_luc_valid_contrastive_L 0.248 | in_house_lnp_DC24_luc_valid_agg_rmse 5.0494 | bsz 312 | num_updates 11476
validate stats:  OrderedDict([('loss', 0.058), ('loss_in_house_lnp_B16F10_luc', 0.034), ('loss_in_house_lnp_DC24_luc', 0.024), ('in_house_lnp_B16F10_luc_valid_spearmanr_coeff', 0.869), ('in_house_lnp_B16F10_luc_valid_spearmanr_p_val', 0.0), ('in_house_lnp_B16F10_luc_valid_pearsonr_coeff', 0.835), ('in_house_lnp_B16F10_luc_valid_pearsonr_p_val', 0.0), ('in_house_lnp_B16F10_luc_valid_mae', 2.713), ('in_house_lnp_B16F10_luc_valid_mse', 10.833), ('in_house_lnp_B16F10_luc_valid_agg_mae', 2.713), ('in_house_lnp_B16F10_luc_valid_agg_mse', 10.833), ('in_house_lnp_B16F10_luc_valid_contrastive_L', 0.381), ('in_house_lnp_B16F10_luc_valid_agg_rmse', 3.2913), ('in_house_lnp_DC24_luc_valid_spearmanr_coeff', 0.944), ('in_house_lnp_DC24_luc_valid_spearmanr_p_val', 0.0), ('in_house_lnp_DC24_luc_valid_pearsonr_coeff', 0.935), ('in_house_lnp_DC24_luc_valid_pearsonr_p_val', 0.0), ('in_house_lnp_DC24_luc_valid_mae', 4.409), ('in_house_lnp_DC24_luc_valid_mse', 25.497), ('in_house_lnp_DC24_luc_valid_agg_mae', 4.409), ('in_house_lnp_DC24_luc_valid_agg_mse', 25.497), ('in_house_lnp_DC24_luc_valid_contrastive_L', 0.248), ('in_house_lnp_DC24_luc_valid_agg_rmse', 5.0494), ('bsz', 312.0), ('num_updates', 11476)])
2026-04-17 00:10:42 | INFO | unicore_cli.train | averaging ['in_house_lnp_B16F10_luc_valid_spearmanr_coeff', 'in_house_lnp_DC24_luc_valid_spearmanr_coeff'] for valid_spearmanr_coeff
2026-04-17 00:10:42 | INFO | unimol.core.checkpoint_utils | Preparing to save checkpoint for epoch 84 @ 11476 updates
2026-04-17 00:10:42 | INFO | unimol.core.trainer | Saving checkpoint to ./tmp_save_demo/save_InfoMax_Run/checkpoint84.pt
2026-04-17 00:10:43 | INFO | unimol.core.trainer | Finished saving checkpoint to ./tmp_save_demo/save_InfoMax_Run/checkpoint84.pt
2026-04-17 00:10:43 | INFO | unimol.core.checkpoint_utils | Saved checkpoint ./tmp_save_demo/save_InfoMax_Run/checkpoint84.pt (epoch 84 @ 11476 updates, score 0.9065) (writing took 0.8534204859752208 seconds)
2026-04-17 00:10:43 | INFO | unimol.core.checkpoint_utils | copy ./tmp_save_demo/save_InfoMax_Run/checkpoint84.pt to ./save_demo/save_InfoMax_Run/checkpoint84.pt
2026-04-17 00:10:43 | INFO | unicore_cli.train | end of epoch 84 (average epoch stats below)
2026-04-17 00:10:43 | INFO | train | epoch 084 | loss 0.049 | loss_in_house_lnp_B16F10_luc 0.027 | loss_in_house_lnp_DC24_luc 0.017 | ups 7.16 | bsz 15.9 | num_updates 11476 | lr 6.21492e-05 | gnorm 10.77 | clip 100 | loss_scale 32 | train_wall 15.17 | epoch_itr_sz 137 | gb_free 76 | wall 1648
2026-04-17 00:10:43 | INFO | unimol.core.tasks.unicore_task | get EpochBatchIterator for epoch 85
2026-04-17 00:10:43 | INFO | unimol.core.trainer | begin training epoch 85
2026-04-17 00:10:43 | INFO | unicore_cli.train | Start iterating over samples
2026-04-17 00:10:45 | INFO | unimol.core.checkpoint_utils | copy ./tmp_save_demo/save_InfoMax_Run/checkpoint84.pt to ./save_demo/save_InfoMax_Run/checkpoint_last.pt
2026-04-17 00:10:45 | INFO | unimol.core.checkpoint_utils | removing temp file ./tmp_save_demo/save_InfoMax_Run/checkpoint84.pt ...
2026-04-17 00:10:45 | INFO | unimol.core.checkpoint_utils | removed ./save_demo/save_InfoMax_Run/checkpoint74.pt
2026-04-17 00:10:45 | INFO | unimol.core.checkpoint_utils | finished async ckp saving.
2026-04-17 00:10:47 | INFO | train_inner | epoch 085:     24 / 137 loss=0.048, loss_in_house_lnp_B16F10_luc=0.027, loss_in_house_lnp_DC24_luc=0.016, ups=6.68, bsz=15.8, num_updates=11500, lr=6.20567e-05, gnorm=11.217, clip=100, loss_scale=32, train_wall=11.11, gb_free=76, wall=1652
2026-04-17 00:10:59 | INFO | train_inner | epoch 085:    124 / 137 loss=0.049, loss_in_house_lnp_B16F10_luc=0.027, loss_in_house_lnp_DC24_luc=0.017, ups=8.65, bsz=16, num_updates=11600, lr=6.16713e-05, gnorm=9.311, clip=100, loss_scale=64, train_wall=11.31, gb_free=76, wall=1664
2026-04-17 00:11:00 | INFO | unicore_cli.train | begin validation on "valid" subset
2026-04-17 00:11:00 | INFO | unimol.core.tasks.unicore_task | get EpochBatchIterator for epoch 1
reduce_metrics, task_name:  in_house_lnp_B16F10_luc
reduce_metrics, task_name:  in_house_lnp_DC24_luc
get_valid_stats stats:  OrderedDict([('loss', 0.06), ('loss_in_house_lnp_B16F10_luc', 0.034), ('loss_in_house_lnp_DC24_luc', 0.026), ('in_house_lnp_B16F10_luc_valid_spearmanr_coeff', 0.863), ('in_house_lnp_B16F10_luc_valid_spearmanr_p_val', 0.0), ('in_house_lnp_B16F10_luc_valid_pearsonr_coeff', 0.836), ('in_house_lnp_B16F10_luc_valid_pearsonr_p_val', 0.0), ('in_house_lnp_B16F10_luc_valid_mae', 2.712), ('in_house_lnp_B16F10_luc_valid_mse', 10.744), ('in_house_lnp_B16F10_luc_valid_agg_mae', 2.712), ('in_house_lnp_B16F10_luc_valid_agg_mse', 10.744), ('in_house_lnp_B16F10_luc_valid_contrastive_L', 0.386), ('in_house_lnp_B16F10_luc_valid_agg_rmse', 3.2778), ('in_house_lnp_DC24_luc_valid_spearmanr_coeff', 0.94), ('in_house_lnp_DC24_luc_valid_spearmanr_p_val', 0.0), ('in_house_lnp_DC24_luc_valid_pearsonr_coeff', 0.932), ('in_house_lnp_DC24_luc_valid_pearsonr_p_val', 0.0), ('in_house_lnp_DC24_luc_valid_mae', 4.506), ('in_house_lnp_DC24_luc_valid_mse', 26.956), ('in_house_lnp_DC24_luc_valid_agg_mae', 4.506), ('in_house_lnp_DC24_luc_valid_agg_mse', 26.956), ('in_house_lnp_DC24_luc_valid_contrastive_L', 0.26), ('in_house_lnp_DC24_luc_valid_agg_rmse', 5.1919), ('bsz', 312.0), ('num_updates', 11613)])
2026-04-17 00:11:02 | INFO | valid | epoch 085 | valid on 'valid' subset | loss 0.06 | loss_in_house_lnp_B16F10_luc 0.034 | loss_in_house_lnp_DC24_luc 0.026 | in_house_lnp_B16F10_luc_valid_spearmanr_coeff 0.863 | in_house_lnp_B16F10_luc_valid_spearmanr_p_val 0 | in_house_lnp_B16F10_luc_valid_pearsonr_coeff 0.836 | in_house_lnp_B16F10_luc_valid_pearsonr_p_val 0 | in_house_lnp_B16F10_luc_valid_mae 2.712 | in_house_lnp_B16F10_luc_valid_mse 10.744 | in_house_lnp_B16F10_luc_valid_agg_mae 2.712 | in_house_lnp_B16F10_luc_valid_agg_mse 10.744 | in_house_lnp_B16F10_luc_valid_contrastive_L 0.386 | in_house_lnp_B16F10_luc_valid_agg_rmse 3.2778 | in_house_lnp_DC24_luc_valid_spearmanr_coeff 0.94 | in_house_lnp_DC24_luc_valid_spearmanr_p_val 0 | in_house_lnp_DC24_luc_valid_pearsonr_coeff 0.932 | in_house_lnp_DC24_luc_valid_pearsonr_p_val 0 | in_house_lnp_DC24_luc_valid_mae 4.506 | in_house_lnp_DC24_luc_valid_mse 26.956 | in_house_lnp_DC24_luc_valid_agg_mae 4.506 | in_house_lnp_DC24_luc_valid_agg_mse 26.956 | in_house_lnp_DC24_luc_valid_contrastive_L 0.26 | in_house_lnp_DC24_luc_valid_agg_rmse 5.1919 | bsz 312 | num_updates 11613
validate stats:  OrderedDict([('loss', 0.06), ('loss_in_house_lnp_B16F10_luc', 0.034), ('loss_in_house_lnp_DC24_luc', 0.026), ('in_house_lnp_B16F10_luc_valid_spearmanr_coeff', 0.863), ('in_house_lnp_B16F10_luc_valid_spearmanr_p_val', 0.0), ('in_house_lnp_B16F10_luc_valid_pearsonr_coeff', 0.836), ('in_house_lnp_B16F10_luc_valid_pearsonr_p_val', 0.0), ('in_house_lnp_B16F10_luc_valid_mae', 2.712), ('in_house_lnp_B16F10_luc_valid_mse', 10.744), ('in_house_lnp_B16F10_luc_valid_agg_mae', 2.712), ('in_house_lnp_B16F10_luc_valid_agg_mse', 10.744), ('in_house_lnp_B16F10_luc_valid_contrastive_L', 0.386), ('in_house_lnp_B16F10_luc_valid_agg_rmse', 3.2778), ('in_house_lnp_DC24_luc_valid_spearmanr_coeff', 0.94), ('in_house_lnp_DC24_luc_valid_spearmanr_p_val', 0.0), ('in_house_lnp_DC24_luc_valid_pearsonr_coeff', 0.932), ('in_house_lnp_DC24_luc_valid_pearsonr_p_val', 0.0), ('in_house_lnp_DC24_luc_valid_mae', 4.506), ('in_house_lnp_DC24_luc_valid_mse', 26.956), ('in_house_lnp_DC24_luc_valid_agg_mae', 4.506), ('in_house_lnp_DC24_luc_valid_agg_mse', 26.956), ('in_house_lnp_DC24_luc_valid_contrastive_L', 0.26), ('in_house_lnp_DC24_luc_valid_agg_rmse', 5.1919), ('bsz', 312.0), ('num_updates', 11613)])
2026-04-17 00:11:02 | INFO | unicore_cli.train | averaging ['in_house_lnp_B16F10_luc_valid_spearmanr_coeff', 'in_house_lnp_DC24_luc_valid_spearmanr_coeff'] for valid_spearmanr_coeff
2026-04-17 00:11:02 | INFO | unimol.core.checkpoint_utils | Preparing to save checkpoint for epoch 85 @ 11613 updates
2026-04-17 00:11:02 | INFO | unimol.core.trainer | Saving checkpoint to ./tmp_save_demo/save_InfoMax_Run/checkpoint85.pt
2026-04-17 00:11:03 | INFO | unimol.core.trainer | Finished saving checkpoint to ./tmp_save_demo/save_InfoMax_Run/checkpoint85.pt
2026-04-17 00:11:03 | INFO | unimol.core.checkpoint_utils | Saved checkpoint ./tmp_save_demo/save_InfoMax_Run/checkpoint85.pt (epoch 85 @ 11613 updates, score 0.9015) (writing took 0.9213042400078848 seconds)
2026-04-17 00:11:03 | INFO | unicore_cli.train | end of epoch 85 (average epoch stats below)
2026-04-17 00:11:03 | INFO | unimol.core.checkpoint_utils | copy ./tmp_save_demo/save_InfoMax_Run/checkpoint85.pt to ./save_demo/save_InfoMax_Run/checkpoint85.pt
2026-04-17 00:11:03 | INFO | train | epoch 085 | loss 0.049 | loss_in_house_lnp_B16F10_luc 0.026 | loss_in_house_lnp_DC24_luc 0.017 | ups 7.02 | bsz 15.9 | num_updates 11613 | lr 6.16212e-05 | gnorm 10.015 | clip 100 | loss_scale 64 | train_wall 15.57 | epoch_itr_sz 137 | gb_free 76 | wall 1668
2026-04-17 00:11:03 | INFO | unimol.core.tasks.unicore_task | get EpochBatchIterator for epoch 86
2026-04-17 00:11:03 | INFO | unimol.core.trainer | begin training epoch 86
2026-04-17 00:11:03 | INFO | unicore_cli.train | Start iterating over samples
2026-04-17 00:11:04 | INFO | unimol.core.checkpoint_utils | copy ./tmp_save_demo/save_InfoMax_Run/checkpoint85.pt to ./save_demo/save_InfoMax_Run/checkpoint_last.pt
2026-04-17 00:11:05 | INFO | unimol.core.checkpoint_utils | removing temp file ./tmp_save_demo/save_InfoMax_Run/checkpoint85.pt ...
2026-04-17 00:11:05 | INFO | unimol.core.checkpoint_utils | removed ./save_demo/save_InfoMax_Run/checkpoint75.pt
2026-04-17 00:11:05 | INFO | unimol.core.checkpoint_utils | finished async ckp saving.
2026-04-17 00:11:14 | INFO | train_inner | epoch 086:     87 / 137 loss=0.049, loss_in_house_lnp_B16F10_luc=0.026, loss_in_house_lnp_DC24_luc=0.017, ups=6.63, bsz=15.9, num_updates=11700, lr=6.12858e-05, gnorm=10.784, clip=100, loss_scale=64, train_wall=11.36, gb_free=76, wall=1679
2026-04-17 00:11:20 | INFO | unicore_cli.train | begin validation on "valid" subset
2026-04-17 00:11:20 | INFO | unimol.core.tasks.unicore_task | get EpochBatchIterator for epoch 1
reduce_metrics, task_name:  in_house_lnp_B16F10_luc
reduce_metrics, task_name:  in_house_lnp_DC24_luc
get_valid_stats stats:  OrderedDict([('loss', 0.056), ('loss_in_house_lnp_B16F10_luc', 0.033), ('loss_in_house_lnp_DC24_luc', 0.023), ('in_house_lnp_B16F10_luc_valid_spearmanr_coeff', 0.865), ('in_house_lnp_B16F10_luc_valid_spearmanr_p_val', 0.0), ('in_house_lnp_B16F10_luc_valid_pearsonr_coeff', 0.833), ('in_house_lnp_B16F10_luc_valid_pearsonr_p_val', 0.0), ('in_house_lnp_B16F10_luc_valid_mae', 2.638), ('in_house_lnp_B16F10_luc_valid_mse', 10.023), ('in_house_lnp_B16F10_luc_valid_agg_mae', 2.638), ('in_house_lnp_B16F10_luc_valid_agg_mse', 10.023), ('in_house_lnp_B16F10_luc_valid_contrastive_L', 0.379), ('in_house_lnp_B16F10_luc_valid_agg_rmse', 3.1659), ('in_house_lnp_DC24_luc_valid_spearmanr_coeff', 0.947), ('in_house_lnp_DC24_luc_valid_spearmanr_p_val', 0.0), ('in_house_lnp_DC24_luc_valid_pearsonr_coeff', 0.936), ('in_house_lnp_DC24_luc_valid_pearsonr_p_val', 0.0), ('in_house_lnp_DC24_luc_valid_mae', 4.538), ('in_house_lnp_DC24_luc_valid_mse', 26.968), ('in_house_lnp_DC24_luc_valid_agg_mae', 4.538), ('in_house_lnp_DC24_luc_valid_agg_mse', 26.968), ('in_house_lnp_DC24_luc_valid_contrastive_L', 0.241), ('in_house_lnp_DC24_luc_valid_agg_rmse', 5.193), ('bsz', 312.0), ('num_updates', 11750)])
2026-04-17 00:11:21 | INFO | valid | epoch 086 | valid on 'valid' subset | loss 0.056 | loss_in_house_lnp_B16F10_luc 0.033 | loss_in_house_lnp_DC24_luc 0.023 | in_house_lnp_B16F10_luc_valid_spearmanr_coeff 0.865 | in_house_lnp_B16F10_luc_valid_spearmanr_p_val 0 | in_house_lnp_B16F10_luc_valid_pearsonr_coeff 0.833 | in_house_lnp_B16F10_luc_valid_pearsonr_p_val 0 | in_house_lnp_B16F10_luc_valid_mae 2.638 | in_house_lnp_B16F10_luc_valid_mse 10.023 | in_house_lnp_B16F10_luc_valid_agg_mae 2.638 | in_house_lnp_B16F10_luc_valid_agg_mse 10.023 | in_house_lnp_B16F10_luc_valid_contrastive_L 0.379 | in_house_lnp_B16F10_luc_valid_agg_rmse 3.1659 | in_house_lnp_DC24_luc_valid_spearmanr_coeff 0.947 | in_house_lnp_DC24_luc_valid_spearmanr_p_val 0 | in_house_lnp_DC24_luc_valid_pearsonr_coeff 0.936 | in_house_lnp_DC24_luc_valid_pearsonr_p_val 0 | in_house_lnp_DC24_luc_valid_mae 4.538 | in_house_lnp_DC24_luc_valid_mse 26.968 | in_house_lnp_DC24_luc_valid_agg_mae 4.538 | in_house_lnp_DC24_luc_valid_agg_mse 26.968 | in_house_lnp_DC24_luc_valid_contrastive_L 0.241 | in_house_lnp_DC24_luc_valid_agg_rmse 5.193 | bsz 312 | num_updates 11750
validate stats:  OrderedDict([('loss', 0.056), ('loss_in_house_lnp_B16F10_luc', 0.033), ('loss_in_house_lnp_DC24_luc', 0.023), ('in_house_lnp_B16F10_luc_valid_spearmanr_coeff', 0.865), ('in_house_lnp_B16F10_luc_valid_spearmanr_p_val', 0.0), ('in_house_lnp_B16F10_luc_valid_pearsonr_coeff', 0.833), ('in_house_lnp_B16F10_luc_valid_pearsonr_p_val', 0.0), ('in_house_lnp_B16F10_luc_valid_mae', 2.638), ('in_house_lnp_B16F10_luc_valid_mse', 10.023), ('in_house_lnp_B16F10_luc_valid_agg_mae', 2.638), ('in_house_lnp_B16F10_luc_valid_agg_mse', 10.023), ('in_house_lnp_B16F10_luc_valid_contrastive_L', 0.379), ('in_house_lnp_B16F10_luc_valid_agg_rmse', 3.1659), ('in_house_lnp_DC24_luc_valid_spearmanr_coeff', 0.947), ('in_house_lnp_DC24_luc_valid_spearmanr_p_val', 0.0), ('in_house_lnp_DC24_luc_valid_pearsonr_coeff', 0.936), ('in_house_lnp_DC24_luc_valid_pearsonr_p_val', 0.0), ('in_house_lnp_DC24_luc_valid_mae', 4.538), ('in_house_lnp_DC24_luc_valid_mse', 26.968), ('in_house_lnp_DC24_luc_valid_agg_mae', 4.538), ('in_house_lnp_DC24_luc_valid_agg_mse', 26.968), ('in_house_lnp_DC24_luc_valid_contrastive_L', 0.241), ('in_house_lnp_DC24_luc_valid_agg_rmse', 5.193), ('bsz', 312.0), ('num_updates', 11750)])
2026-04-17 00:11:21 | INFO | unicore_cli.train | averaging ['in_house_lnp_B16F10_luc_valid_spearmanr_coeff', 'in_house_lnp_DC24_luc_valid_spearmanr_coeff'] for valid_spearmanr_coeff
2026-04-17 00:11:21 | INFO | unimol.core.checkpoint_utils | Preparing to save checkpoint for epoch 86 @ 11750 updates
2026-04-17 00:11:21 | INFO | unimol.core.trainer | Saving checkpoint to ./tmp_save_demo/save_InfoMax_Run/checkpoint86.pt
2026-04-17 00:11:22 | INFO | unimol.core.trainer | Finished saving checkpoint to ./tmp_save_demo/save_InfoMax_Run/checkpoint86.pt
2026-04-17 00:11:22 | INFO | unimol.core.checkpoint_utils | Saved checkpoint ./tmp_save_demo/save_InfoMax_Run/checkpoint86.pt (epoch 86 @ 11750 updates, score 0.9059999999999999) (writing took 0.8746098859701306 seconds)
2026-04-17 00:11:22 | INFO | unicore_cli.train | end of epoch 86 (average epoch stats below)
2026-04-17 00:11:22 | INFO | unimol.core.checkpoint_utils | copy ./tmp_save_demo/save_InfoMax_Run/checkpoint86.pt to ./save_demo/save_InfoMax_Run/checkpoint86.pt
2026-04-17 00:11:22 | INFO | train | epoch 086 | loss 0.049 | loss_in_house_lnp_B16F10_luc 0.026 | loss_in_house_lnp_DC24_luc 0.017 | ups 7.04 | bsz 15.9 | num_updates 11750 | lr 6.10931e-05 | gnorm 10.531 | clip 100 | loss_scale 64 | train_wall 15.5 | epoch_itr_sz 137 | gb_free 76 | wall 1687
2026-04-17 00:11:22 | INFO | unimol.core.tasks.unicore_task | get EpochBatchIterator for epoch 87
2026-04-17 00:11:22 | INFO | unimol.core.trainer | begin training epoch 87
2026-04-17 00:11:22 | INFO | unicore_cli.train | Start iterating over samples
2026-04-17 00:11:24 | INFO | unimol.core.checkpoint_utils | copy ./tmp_save_demo/save_InfoMax_Run/checkpoint86.pt to ./save_demo/save_InfoMax_Run/checkpoint_last.pt
2026-04-17 00:11:24 | INFO | unimol.core.checkpoint_utils | removing temp file ./tmp_save_demo/save_InfoMax_Run/checkpoint86.pt ...
2026-04-17 00:11:24 | INFO | unimol.core.checkpoint_utils | removed ./save_demo/save_InfoMax_Run/checkpoint76.pt
2026-04-17 00:11:24 | INFO | unimol.core.checkpoint_utils | finished async ckp saving.
2026-04-17 00:11:30 | INFO | train_inner | epoch 087:     50 / 137 loss=0.049, loss_in_house_lnp_B16F10_luc=0.026, loss_in_house_lnp_DC24_luc=0.017, ups=6.46, bsz=16, num_updates=11800, lr=6.09004e-05, gnorm=10.137, clip=100, loss_scale=64, train_wall=11.3, gb_free=76, wall=1694
2026-04-17 00:11:32 | INFO | unimol.core.trainer | NOTE: gradient overflow detected, ignoring gradient, setting loss scale to: 64.0
2026-04-17 00:11:39 | INFO | unicore_cli.train | begin validation on "valid" subset
2026-04-17 00:11:39 | INFO | unimol.core.tasks.unicore_task | get EpochBatchIterator for epoch 1
reduce_metrics, task_name:  in_house_lnp_B16F10_luc
reduce_metrics, task_name:  in_house_lnp_DC24_luc
get_valid_stats stats:  OrderedDict([('loss', 0.057), ('loss_in_house_lnp_B16F10_luc', 0.034), ('loss_in_house_lnp_DC24_luc', 0.023), ('in_house_lnp_B16F10_luc_valid_spearmanr_coeff', 0.868), ('in_house_lnp_B16F10_luc_valid_spearmanr_p_val', 0.0), ('in_house_lnp_B16F10_luc_valid_pearsonr_coeff', 0.835), ('in_house_lnp_B16F10_luc_valid_pearsonr_p_val', 0.0), ('in_house_lnp_B16F10_luc_valid_mae', 2.804), ('in_house_lnp_B16F10_luc_valid_mse', 11.372), ('in_house_lnp_B16F10_luc_valid_agg_mae', 2.804), ('in_house_lnp_B16F10_luc_valid_agg_mse', 11.372), ('in_house_lnp_B16F10_luc_valid_contrastive_L', 0.386), ('in_house_lnp_B16F10_luc_valid_agg_rmse', 3.3723), ('in_house_lnp_DC24_luc_valid_spearmanr_coeff', 0.948), ('in_house_lnp_DC24_luc_valid_spearmanr_p_val', 0.0), ('in_house_lnp_DC24_luc_valid_pearsonr_coeff', 0.942), ('in_house_lnp_DC24_luc_valid_pearsonr_p_val', 0.0), ('in_house_lnp_DC24_luc_valid_mae', 4.56), ('in_house_lnp_DC24_luc_valid_mse', 27.883), ('in_house_lnp_DC24_luc_valid_agg_mae', 4.56), ('in_house_lnp_DC24_luc_valid_agg_mse', 27.883), ('in_house_lnp_DC24_luc_valid_contrastive_L', 0.238), ('in_house_lnp_DC24_luc_valid_agg_rmse', 5.2804), ('bsz', 312.0), ('num_updates', 11886)])
2026-04-17 00:11:41 | INFO | valid | epoch 087 | valid on 'valid' subset | loss 0.057 | loss_in_house_lnp_B16F10_luc 0.034 | loss_in_house_lnp_DC24_luc 0.023 | in_house_lnp_B16F10_luc_valid_spearmanr_coeff 0.868 | in_house_lnp_B16F10_luc_valid_spearmanr_p_val 0 | in_house_lnp_B16F10_luc_valid_pearsonr_coeff 0.835 | in_house_lnp_B16F10_luc_valid_pearsonr_p_val 0 | in_house_lnp_B16F10_luc_valid_mae 2.804 | in_house_lnp_B16F10_luc_valid_mse 11.372 | in_house_lnp_B16F10_luc_valid_agg_mae 2.804 | in_house_lnp_B16F10_luc_valid_agg_mse 11.372 | in_house_lnp_B16F10_luc_valid_contrastive_L 0.386 | in_house_lnp_B16F10_luc_valid_agg_rmse 3.3723 | in_house_lnp_DC24_luc_valid_spearmanr_coeff 0.948 | in_house_lnp_DC24_luc_valid_spearmanr_p_val 0 | in_house_lnp_DC24_luc_valid_pearsonr_coeff 0.942 | in_house_lnp_DC24_luc_valid_pearsonr_p_val 0 | in_house_lnp_DC24_luc_valid_mae 4.56 | in_house_lnp_DC24_luc_valid_mse 27.883 | in_house_lnp_DC24_luc_valid_agg_mae 4.56 | in_house_lnp_DC24_luc_valid_agg_mse 27.883 | in_house_lnp_DC24_luc_valid_contrastive_L 0.238 | in_house_lnp_DC24_luc_valid_agg_rmse 5.2804 | bsz 312 | num_updates 11886
validate stats:  OrderedDict([('loss', 0.057), ('loss_in_house_lnp_B16F10_luc', 0.034), ('loss_in_house_lnp_DC24_luc', 0.023), ('in_house_lnp_B16F10_luc_valid_spearmanr_coeff', 0.868), ('in_house_lnp_B16F10_luc_valid_spearmanr_p_val', 0.0), ('in_house_lnp_B16F10_luc_valid_pearsonr_coeff', 0.835), ('in_house_lnp_B16F10_luc_valid_pearsonr_p_val', 0.0), ('in_house_lnp_B16F10_luc_valid_mae', 2.804), ('in_house_lnp_B16F10_luc_valid_mse', 11.372), ('in_house_lnp_B16F10_luc_valid_agg_mae', 2.804), ('in_house_lnp_B16F10_luc_valid_agg_mse', 11.372), ('in_house_lnp_B16F10_luc_valid_contrastive_L', 0.386), ('in_house_lnp_B16F10_luc_valid_agg_rmse', 3.3723), ('in_house_lnp_DC24_luc_valid_spearmanr_coeff', 0.948), ('in_house_lnp_DC24_luc_valid_spearmanr_p_val', 0.0), ('in_house_lnp_DC24_luc_valid_pearsonr_coeff', 0.942), ('in_house_lnp_DC24_luc_valid_pearsonr_p_val', 0.0), ('in_house_lnp_DC24_luc_valid_mae', 4.56), ('in_house_lnp_DC24_luc_valid_mse', 27.883), ('in_house_lnp_DC24_luc_valid_agg_mae', 4.56), ('in_house_lnp_DC24_luc_valid_agg_mse', 27.883), ('in_house_lnp_DC24_luc_valid_contrastive_L', 0.238), ('in_house_lnp_DC24_luc_valid_agg_rmse', 5.2804), ('bsz', 312.0), ('num_updates', 11886)])
2026-04-17 00:11:41 | INFO | unicore_cli.train | averaging ['in_house_lnp_B16F10_luc_valid_spearmanr_coeff', 'in_house_lnp_DC24_luc_valid_spearmanr_coeff'] for valid_spearmanr_coeff
2026-04-17 00:11:41 | INFO | unimol.core.checkpoint_utils | Preparing to save checkpoint for epoch 87 @ 11886 updates
2026-04-17 00:11:41 | INFO | unimol.core.trainer | Saving checkpoint to ./tmp_save_demo/save_InfoMax_Run/checkpoint87.pt
2026-04-17 00:11:42 | INFO | unimol.core.trainer | Finished saving checkpoint to ./tmp_save_demo/save_InfoMax_Run/checkpoint87.pt
2026-04-17 00:11:42 | INFO | unimol.core.checkpoint_utils | Saved checkpoint ./tmp_save_demo/save_InfoMax_Run/checkpoint87.pt (epoch 87 @ 11886 updates, score 0.9079999999999999) (writing took 0.9099711159942672 seconds)
2026-04-17 00:11:42 | INFO | unicore_cli.train | end of epoch 87 (average epoch stats below)
2026-04-17 00:11:42 | INFO | unimol.core.checkpoint_utils | copy ./tmp_save_demo/save_InfoMax_Run/checkpoint87.pt to ./save_demo/save_InfoMax_Run/checkpoint87.pt
2026-04-17 00:11:42 | INFO | train | epoch 087 | loss 0.047 | loss_in_house_lnp_B16F10_luc 0.025 | loss_in_house_lnp_DC24_luc 0.016 | ups 6.94 | bsz 15.9 | num_updates 11886 | lr 6.05689e-05 | gnorm 9.79 | clip 100 | loss_scale 64 | train_wall 15.45 | epoch_itr_sz 137 | gb_free 76 | wall 1707
2026-04-17 00:11:42 | INFO | unimol.core.tasks.unicore_task | get EpochBatchIterator for epoch 88
2026-04-17 00:11:42 | INFO | unimol.core.trainer | begin training epoch 88
2026-04-17 00:11:42 | INFO | unicore_cli.train | Start iterating over samples
2026-04-17 00:11:43 | INFO | unimol.core.checkpoint_utils | copy ./tmp_save_demo/save_InfoMax_Run/checkpoint87.pt to ./save_demo/save_InfoMax_Run/checkpoint_last.pt
2026-04-17 00:11:44 | INFO | unimol.core.checkpoint_utils | removing temp file ./tmp_save_demo/save_InfoMax_Run/checkpoint87.pt ...
2026-04-17 00:11:44 | INFO | unimol.core.checkpoint_utils | removed ./save_demo/save_InfoMax_Run/checkpoint77.pt
2026-04-17 00:11:44 | INFO | unimol.core.checkpoint_utils | finished async ckp saving.
2026-04-17 00:11:45 | INFO | train_inner | epoch 088:     14 / 137 loss=0.045, loss_in_house_lnp_B16F10_luc=0.025, loss_in_house_lnp_DC24_luc=0.016, ups=6.6, bsz=15.9, num_updates=11900, lr=6.0515e-05, gnorm=9.383, clip=100, loss_scale=64, train_wall=11.42, gb_free=76, wall=1710
2026-04-17 00:11:45 | INFO | unimol.core.trainer | NOTE: gradient overflow detected, ignoring gradient, setting loss scale to: 32.0
2026-04-17 00:11:56 | INFO | train_inner | epoch 088:    115 / 137 loss=0.046, loss_in_house_lnp_B16F10_luc=0.025, loss_in_house_lnp_DC24_luc=0.016, ups=8.64, bsz=15.9, num_updates=12000, lr=6.01295e-05, gnorm=10.667, clip=99, loss_scale=32, train_wall=11.33, gb_free=76, wall=1721
2026-04-17 00:11:59 | INFO | unicore_cli.train | begin validation on "valid" subset
2026-04-17 00:11:59 | INFO | unimol.core.tasks.unicore_task | get EpochBatchIterator for epoch 1
reduce_metrics, task_name:  in_house_lnp_B16F10_luc
reduce_metrics, task_name:  in_house_lnp_DC24_luc
get_valid_stats stats:  OrderedDict([('loss', 0.059), ('loss_in_house_lnp_B16F10_luc', 0.034), ('loss_in_house_lnp_DC24_luc', 0.025), ('in_house_lnp_B16F10_luc_valid_spearmanr_coeff', 0.865), ('in_house_lnp_B16F10_luc_valid_spearmanr_p_val', 0.0), ('in_house_lnp_B16F10_luc_valid_pearsonr_coeff', 0.836), ('in_house_lnp_B16F10_luc_valid_pearsonr_p_val', 0.0), ('in_house_lnp_B16F10_luc_valid_mae', 2.876), ('in_house_lnp_B16F10_luc_valid_mse', 11.719), ('in_house_lnp_B16F10_luc_valid_agg_mae', 2.876), ('in_house_lnp_B16F10_luc_valid_agg_mse', 11.719), ('in_house_lnp_B16F10_luc_valid_contrastive_L', 0.39), ('in_house_lnp_B16F10_luc_valid_agg_rmse', 3.4232), ('in_house_lnp_DC24_luc_valid_spearmanr_coeff', 0.945), ('in_house_lnp_DC24_luc_valid_spearmanr_p_val', 0.0), ('in_house_lnp_DC24_luc_valid_pearsonr_coeff', 0.94), ('in_house_lnp_DC24_luc_valid_pearsonr_p_val', 0.0), ('in_house_lnp_DC24_luc_valid_mae', 4.6), ('in_house_lnp_DC24_luc_valid_mse', 27.888), ('in_house_lnp_DC24_luc_valid_agg_mae', 4.6), ('in_house_lnp_DC24_luc_valid_agg_mse', 27.888), ('in_house_lnp_DC24_luc_valid_contrastive_L', 0.254), ('in_house_lnp_DC24_luc_valid_agg_rmse', 5.2809), ('bsz', 312.0), ('num_updates', 12022)])
2026-04-17 00:12:00 | INFO | valid | epoch 088 | valid on 'valid' subset | loss 0.059 | loss_in_house_lnp_B16F10_luc 0.034 | loss_in_house_lnp_DC24_luc 0.025 | in_house_lnp_B16F10_luc_valid_spearmanr_coeff 0.865 | in_house_lnp_B16F10_luc_valid_spearmanr_p_val 0 | in_house_lnp_B16F10_luc_valid_pearsonr_coeff 0.836 | in_house_lnp_B16F10_luc_valid_pearsonr_p_val 0 | in_house_lnp_B16F10_luc_valid_mae 2.876 | in_house_lnp_B16F10_luc_valid_mse 11.719 | in_house_lnp_B16F10_luc_valid_agg_mae 2.876 | in_house_lnp_B16F10_luc_valid_agg_mse 11.719 | in_house_lnp_B16F10_luc_valid_contrastive_L 0.39 | in_house_lnp_B16F10_luc_valid_agg_rmse 3.4232 | in_house_lnp_DC24_luc_valid_spearmanr_coeff 0.945 | in_house_lnp_DC24_luc_valid_spearmanr_p_val 0 | in_house_lnp_DC24_luc_valid_pearsonr_coeff 0.94 | in_house_lnp_DC24_luc_valid_pearsonr_p_val 0 | in_house_lnp_DC24_luc_valid_mae 4.6 | in_house_lnp_DC24_luc_valid_mse 27.888 | in_house_lnp_DC24_luc_valid_agg_mae 4.6 | in_house_lnp_DC24_luc_valid_agg_mse 27.888 | in_house_lnp_DC24_luc_valid_contrastive_L 0.254 | in_house_lnp_DC24_luc_valid_agg_rmse 5.2809 | bsz 312 | num_updates 12022
validate stats:  OrderedDict([('loss', 0.059), ('loss_in_house_lnp_B16F10_luc', 0.034), ('loss_in_house_lnp_DC24_luc', 0.025), ('in_house_lnp_B16F10_luc_valid_spearmanr_coeff', 0.865), ('in_house_lnp_B16F10_luc_valid_spearmanr_p_val', 0.0), ('in_house_lnp_B16F10_luc_valid_pearsonr_coeff', 0.836), ('in_house_lnp_B16F10_luc_valid_pearsonr_p_val', 0.0), ('in_house_lnp_B16F10_luc_valid_mae', 2.876), ('in_house_lnp_B16F10_luc_valid_mse', 11.719), ('in_house_lnp_B16F10_luc_valid_agg_mae', 2.876), ('in_house_lnp_B16F10_luc_valid_agg_mse', 11.719), ('in_house_lnp_B16F10_luc_valid_contrastive_L', 0.39), ('in_house_lnp_B16F10_luc_valid_agg_rmse', 3.4232), ('in_house_lnp_DC24_luc_valid_spearmanr_coeff', 0.945), ('in_house_lnp_DC24_luc_valid_spearmanr_p_val', 0.0), ('in_house_lnp_DC24_luc_valid_pearsonr_coeff', 0.94), ('in_house_lnp_DC24_luc_valid_pearsonr_p_val', 0.0), ('in_house_lnp_DC24_luc_valid_mae', 4.6), ('in_house_lnp_DC24_luc_valid_mse', 27.888), ('in_house_lnp_DC24_luc_valid_agg_mae', 4.6), ('in_house_lnp_DC24_luc_valid_agg_mse', 27.888), ('in_house_lnp_DC24_luc_valid_contrastive_L', 0.254), ('in_house_lnp_DC24_luc_valid_agg_rmse', 5.2809), ('bsz', 312.0), ('num_updates', 12022)])
2026-04-17 00:12:00 | INFO | unicore_cli.train | averaging ['in_house_lnp_B16F10_luc_valid_spearmanr_coeff', 'in_house_lnp_DC24_luc_valid_spearmanr_coeff'] for valid_spearmanr_coeff
2026-04-17 00:12:00 | INFO | unimol.core.checkpoint_utils | Preparing to save checkpoint for epoch 88 @ 12022 updates
2026-04-17 00:12:00 | INFO | unimol.core.trainer | Saving checkpoint to ./tmp_save_demo/save_InfoMax_Run/checkpoint88.pt
2026-04-17 00:12:01 | INFO | unimol.core.trainer | Finished saving checkpoint to ./tmp_save_demo/save_InfoMax_Run/checkpoint88.pt
2026-04-17 00:12:01 | INFO | unimol.core.checkpoint_utils | Saved checkpoint ./tmp_save_demo/save_InfoMax_Run/checkpoint88.pt (epoch 88 @ 12022 updates, score 0.905) (writing took 0.9398688689107075 seconds)
2026-04-17 00:12:01 | INFO | unimol.core.checkpoint_utils | copy ./tmp_save_demo/save_InfoMax_Run/checkpoint88.pt to ./save_demo/save_InfoMax_Run/checkpoint88.pt
2026-04-17 00:12:01 | INFO | unicore_cli.train | end of epoch 88 (average epoch stats below)
2026-04-17 00:12:01 | INFO | train | epoch 088 | loss 0.048 | loss_in_house_lnp_B16F10_luc 0.026 | loss_in_house_lnp_DC24_luc 0.017 | ups 7 | bsz 15.9 | num_updates 12022 | lr 6.00447e-05 | gnorm 10.763 | clip 99.3 | loss_scale 32 | train_wall 15.4 | epoch_itr_sz 137 | gb_free 76 | wall 1726
2026-04-17 00:12:01 | INFO | unimol.core.tasks.unicore_task | get EpochBatchIterator for epoch 89
2026-04-17 00:12:01 | INFO | unimol.core.trainer | begin training epoch 89
2026-04-17 00:12:01 | INFO | unicore_cli.train | Start iterating over samples
2026-04-17 00:12:03 | INFO | unimol.core.checkpoint_utils | copy ./tmp_save_demo/save_InfoMax_Run/checkpoint88.pt to ./save_demo/save_InfoMax_Run/checkpoint_last.pt
2026-04-17 00:12:04 | INFO | unimol.core.checkpoint_utils | removing temp file ./tmp_save_demo/save_InfoMax_Run/checkpoint88.pt ...
2026-04-17 00:12:04 | INFO | unimol.core.checkpoint_utils | removed ./save_demo/save_InfoMax_Run/checkpoint78.pt
2026-04-17 00:12:04 | INFO | unimol.core.checkpoint_utils | finished async ckp saving.
2026-04-17 00:12:12 | INFO | train_inner | epoch 089:     78 / 137 loss=0.05, loss_in_house_lnp_B16F10_luc=0.028, loss_in_house_lnp_DC24_luc=0.017, ups=6.48, bsz=15.9, num_updates=12100, lr=5.97441e-05, gnorm=11.513, clip=100, loss_scale=32, train_wall=11.44, gb_free=76, wall=1737
2026-04-17 00:12:18 | INFO | unicore_cli.train | begin validation on "valid" subset
2026-04-17 00:12:18 | INFO | unimol.core.tasks.unicore_task | get EpochBatchIterator for epoch 1
reduce_metrics, task_name:  in_house_lnp_B16F10_luc
reduce_metrics, task_name:  in_house_lnp_DC24_luc
get_valid_stats stats:  OrderedDict([('loss', 0.058), ('loss_in_house_lnp_B16F10_luc', 0.034), ('loss_in_house_lnp_DC24_luc', 0.025), ('in_house_lnp_B16F10_luc_valid_spearmanr_coeff', 0.863), ('in_house_lnp_B16F10_luc_valid_spearmanr_p_val', 0.0), ('in_house_lnp_B16F10_luc_valid_pearsonr_coeff', 0.837), ('in_house_lnp_B16F10_luc_valid_pearsonr_p_val', 0.0), ('in_house_lnp_B16F10_luc_valid_mae', 2.752), ('in_house_lnp_B16F10_luc_valid_mse', 10.885), ('in_house_lnp_B16F10_luc_valid_agg_mae', 2.752), ('in_house_lnp_B16F10_luc_valid_agg_mse', 10.885), ('in_house_lnp_B16F10_luc_valid_contrastive_L', 0.388), ('in_house_lnp_B16F10_luc_valid_agg_rmse', 3.2992), ('in_house_lnp_DC24_luc_valid_spearmanr_coeff', 0.944), ('in_house_lnp_DC24_luc_valid_spearmanr_p_val', 0.0), ('in_house_lnp_DC24_luc_valid_pearsonr_coeff', 0.939), ('in_house_lnp_DC24_luc_valid_pearsonr_p_val', 0.0), ('in_house_lnp_DC24_luc_valid_mae', 4.749), ('in_house_lnp_DC24_luc_valid_mse', 29.273), ('in_house_lnp_DC24_luc_valid_agg_mae', 4.749), ('in_house_lnp_DC24_luc_valid_agg_mse', 29.273), ('in_house_lnp_DC24_luc_valid_contrastive_L', 0.25), ('in_house_lnp_DC24_luc_valid_agg_rmse', 5.4105), ('bsz', 312.0), ('num_updates', 12159)])
2026-04-17 00:12:20 | INFO | valid | epoch 089 | valid on 'valid' subset | loss 0.058 | loss_in_house_lnp_B16F10_luc 0.034 | loss_in_house_lnp_DC24_luc 0.025 | in_house_lnp_B16F10_luc_valid_spearmanr_coeff 0.863 | in_house_lnp_B16F10_luc_valid_spearmanr_p_val 0 | in_house_lnp_B16F10_luc_valid_pearsonr_coeff 0.837 | in_house_lnp_B16F10_luc_valid_pearsonr_p_val 0 | in_house_lnp_B16F10_luc_valid_mae 2.752 | in_house_lnp_B16F10_luc_valid_mse 10.885 | in_house_lnp_B16F10_luc_valid_agg_mae 2.752 | in_house_lnp_B16F10_luc_valid_agg_mse 10.885 | in_house_lnp_B16F10_luc_valid_contrastive_L 0.388 | in_house_lnp_B16F10_luc_valid_agg_rmse 3.2992 | in_house_lnp_DC24_luc_valid_spearmanr_coeff 0.944 | in_house_lnp_DC24_luc_valid_spearmanr_p_val 0 | in_house_lnp_DC24_luc_valid_pearsonr_coeff 0.939 | in_house_lnp_DC24_luc_valid_pearsonr_p_val 0 | in_house_lnp_DC24_luc_valid_mae 4.749 | in_house_lnp_DC24_luc_valid_mse 29.273 | in_house_lnp_DC24_luc_valid_agg_mae 4.749 | in_house_lnp_DC24_luc_valid_agg_mse 29.273 | in_house_lnp_DC24_luc_valid_contrastive_L 0.25 | in_house_lnp_DC24_luc_valid_agg_rmse 5.4105 | bsz 312 | num_updates 12159
validate stats:  OrderedDict([('loss', 0.058), ('loss_in_house_lnp_B16F10_luc', 0.034), ('loss_in_house_lnp_DC24_luc', 0.025), ('in_house_lnp_B16F10_luc_valid_spearmanr_coeff', 0.863), ('in_house_lnp_B16F10_luc_valid_spearmanr_p_val', 0.0), ('in_house_lnp_B16F10_luc_valid_pearsonr_coeff', 0.837), ('in_house_lnp_B16F10_luc_valid_pearsonr_p_val', 0.0), ('in_house_lnp_B16F10_luc_valid_mae', 2.752), ('in_house_lnp_B16F10_luc_valid_mse', 10.885), ('in_house_lnp_B16F10_luc_valid_agg_mae', 2.752), ('in_house_lnp_B16F10_luc_valid_agg_mse', 10.885), ('in_house_lnp_B16F10_luc_valid_contrastive_L', 0.388), ('in_house_lnp_B16F10_luc_valid_agg_rmse', 3.2992), ('in_house_lnp_DC24_luc_valid_spearmanr_coeff', 0.944), ('in_house_lnp_DC24_luc_valid_spearmanr_p_val', 0.0), ('in_house_lnp_DC24_luc_valid_pearsonr_coeff', 0.939), ('in_house_lnp_DC24_luc_valid_pearsonr_p_val', 0.0), ('in_house_lnp_DC24_luc_valid_mae', 4.749), ('in_house_lnp_DC24_luc_valid_mse', 29.273), ('in_house_lnp_DC24_luc_valid_agg_mae', 4.749), ('in_house_lnp_DC24_luc_valid_agg_mse', 29.273), ('in_house_lnp_DC24_luc_valid_contrastive_L', 0.25), ('in_house_lnp_DC24_luc_valid_agg_rmse', 5.4105), ('bsz', 312.0), ('num_updates', 12159)])
2026-04-17 00:12:20 | INFO | unicore_cli.train | averaging ['in_house_lnp_B16F10_luc_valid_spearmanr_coeff', 'in_house_lnp_DC24_luc_valid_spearmanr_coeff'] for valid_spearmanr_coeff
2026-04-17 00:12:20 | INFO | unimol.core.checkpoint_utils | Preparing to save checkpoint for epoch 89 @ 12159 updates
2026-04-17 00:12:20 | INFO | unimol.core.trainer | Saving checkpoint to ./tmp_save_demo/save_InfoMax_Run/checkpoint89.pt
2026-04-17 00:12:21 | INFO | unimol.core.trainer | Finished saving checkpoint to ./tmp_save_demo/save_InfoMax_Run/checkpoint89.pt
2026-04-17 00:12:21 | INFO | unimol.core.checkpoint_utils | Saved checkpoint ./tmp_save_demo/save_InfoMax_Run/checkpoint89.pt (epoch 89 @ 12159 updates, score 0.9035) (writing took 0.904048900003545 seconds)
2026-04-17 00:12:21 | INFO | unicore_cli.train | end of epoch 89 (average epoch stats below)
2026-04-17 00:12:21 | INFO | unimol.core.checkpoint_utils | copy ./tmp_save_demo/save_InfoMax_Run/checkpoint89.pt to ./save_demo/save_InfoMax_Run/checkpoint89.pt
2026-04-17 00:12:21 | INFO | train | epoch 089 | loss 0.048 | loss_in_house_lnp_B16F10_luc 0.027 | loss_in_house_lnp_DC24_luc 0.016 | ups 7.05 | bsz 15.9 | num_updates 12159 | lr 5.95167e-05 | gnorm 12.537 | clip 100 | loss_scale 32 | train_wall 15.59 | epoch_itr_sz 137 | gb_free 76 | wall 1746
2026-04-17 00:12:21 | INFO | unimol.core.tasks.unicore_task | get EpochBatchIterator for epoch 90
2026-04-17 00:12:21 | INFO | unimol.core.trainer | begin training epoch 90
2026-04-17 00:12:21 | INFO | unicore_cli.train | Start iterating over samples
2026-04-17 00:12:22 | INFO | unimol.core.checkpoint_utils | copy ./tmp_save_demo/save_InfoMax_Run/checkpoint89.pt to ./save_demo/save_InfoMax_Run/checkpoint_last.pt
2026-04-17 00:12:23 | INFO | unimol.core.checkpoint_utils | removing temp file ./tmp_save_demo/save_InfoMax_Run/checkpoint89.pt ...
2026-04-17 00:12:23 | INFO | unimol.core.checkpoint_utils | removed ./save_demo/save_InfoMax_Run/checkpoint79.pt
2026-04-17 00:12:23 | INFO | unimol.core.checkpoint_utils | finished async ckp saving.
2026-04-17 00:12:27 | INFO | train_inner | epoch 090:     41 / 137 loss=0.049, loss_in_house_lnp_B16F10_luc=0.027, loss_in_house_lnp_DC24_luc=0.017, ups=6.72, bsz=16, num_updates=12200, lr=5.93586e-05, gnorm=13.69, clip=100, loss_scale=64, train_wall=11.21, gb_free=76, wall=1752
2026-04-17 00:12:37 | INFO | unicore_cli.train | begin validation on "valid" subset
2026-04-17 00:12:37 | INFO | unimol.core.tasks.unicore_task | get EpochBatchIterator for epoch 1
reduce_metrics, task_name:  in_house_lnp_B16F10_luc
reduce_metrics, task_name:  in_house_lnp_DC24_luc
get_valid_stats stats:  OrderedDict([('loss', 0.058), ('loss_in_house_lnp_B16F10_luc', 0.034), ('loss_in_house_lnp_DC24_luc', 0.024), ('in_house_lnp_B16F10_luc_valid_spearmanr_coeff', 0.868), ('in_house_lnp_B16F10_luc_valid_spearmanr_p_val', 0.0), ('in_house_lnp_B16F10_luc_valid_pearsonr_coeff', 0.843), ('in_house_lnp_B16F10_luc_valid_pearsonr_p_val', 0.0), ('in_house_lnp_B16F10_luc_valid_mae', 2.844), ('in_house_lnp_B16F10_luc_valid_mse', 11.66), ('in_house_lnp_B16F10_luc_valid_agg_mae', 2.844), ('in_house_lnp_B16F10_luc_valid_agg_mse', 11.66), ('in_house_lnp_B16F10_luc_valid_contrastive_L', 0.382), ('in_house_lnp_B16F10_luc_valid_agg_rmse', 3.4146), ('in_house_lnp_DC24_luc_valid_spearmanr_coeff', 0.945), ('in_house_lnp_DC24_luc_valid_spearmanr_p_val', 0.0), ('in_house_lnp_DC24_luc_valid_pearsonr_coeff', 0.941), ('in_house_lnp_DC24_luc_valid_pearsonr_p_val', 0.0), ('in_house_lnp_DC24_luc_valid_mae', 4.544), ('in_house_lnp_DC24_luc_valid_mse', 27.199), ('in_house_lnp_DC24_luc_valid_agg_mae', 4.544), ('in_house_lnp_DC24_luc_valid_agg_mse', 27.199), ('in_house_lnp_DC24_luc_valid_contrastive_L', 0.249), ('in_house_lnp_DC24_luc_valid_agg_rmse', 5.2153), ('bsz', 312.0), ('num_updates', 12296)])
2026-04-17 00:12:39 | INFO | valid | epoch 090 | valid on 'valid' subset | loss 0.058 | loss_in_house_lnp_B16F10_luc 0.034 | loss_in_house_lnp_DC24_luc 0.024 | in_house_lnp_B16F10_luc_valid_spearmanr_coeff 0.868 | in_house_lnp_B16F10_luc_valid_spearmanr_p_val 0 | in_house_lnp_B16F10_luc_valid_pearsonr_coeff 0.843 | in_house_lnp_B16F10_luc_valid_pearsonr_p_val 0 | in_house_lnp_B16F10_luc_valid_mae 2.844 | in_house_lnp_B16F10_luc_valid_mse 11.66 | in_house_lnp_B16F10_luc_valid_agg_mae 2.844 | in_house_lnp_B16F10_luc_valid_agg_mse 11.66 | in_house_lnp_B16F10_luc_valid_contrastive_L 0.382 | in_house_lnp_B16F10_luc_valid_agg_rmse 3.4146 | in_house_lnp_DC24_luc_valid_spearmanr_coeff 0.945 | in_house_lnp_DC24_luc_valid_spearmanr_p_val 0 | in_house_lnp_DC24_luc_valid_pearsonr_coeff 0.941 | in_house_lnp_DC24_luc_valid_pearsonr_p_val 0 | in_house_lnp_DC24_luc_valid_mae 4.544 | in_house_lnp_DC24_luc_valid_mse 27.199 | in_house_lnp_DC24_luc_valid_agg_mae 4.544 | in_house_lnp_DC24_luc_valid_agg_mse 27.199 | in_house_lnp_DC24_luc_valid_contrastive_L 0.249 | in_house_lnp_DC24_luc_valid_agg_rmse 5.2153 | bsz 312 | num_updates 12296
validate stats:  OrderedDict([('loss', 0.058), ('loss_in_house_lnp_B16F10_luc', 0.034), ('loss_in_house_lnp_DC24_luc', 0.024), ('in_house_lnp_B16F10_luc_valid_spearmanr_coeff', 0.868), ('in_house_lnp_B16F10_luc_valid_spearmanr_p_val', 0.0), ('in_house_lnp_B16F10_luc_valid_pearsonr_coeff', 0.843), ('in_house_lnp_B16F10_luc_valid_pearsonr_p_val', 0.0), ('in_house_lnp_B16F10_luc_valid_mae', 2.844), ('in_house_lnp_B16F10_luc_valid_mse', 11.66), ('in_house_lnp_B16F10_luc_valid_agg_mae', 2.844), ('in_house_lnp_B16F10_luc_valid_agg_mse', 11.66), ('in_house_lnp_B16F10_luc_valid_contrastive_L', 0.382), ('in_house_lnp_B16F10_luc_valid_agg_rmse', 3.4146), ('in_house_lnp_DC24_luc_valid_spearmanr_coeff', 0.945), ('in_house_lnp_DC24_luc_valid_spearmanr_p_val', 0.0), ('in_house_lnp_DC24_luc_valid_pearsonr_coeff', 0.941), ('in_house_lnp_DC24_luc_valid_pearsonr_p_val', 0.0), ('in_house_lnp_DC24_luc_valid_mae', 4.544), ('in_house_lnp_DC24_luc_valid_mse', 27.199), ('in_house_lnp_DC24_luc_valid_agg_mae', 4.544), ('in_house_lnp_DC24_luc_valid_agg_mse', 27.199), ('in_house_lnp_DC24_luc_valid_contrastive_L', 0.249), ('in_house_lnp_DC24_luc_valid_agg_rmse', 5.2153), ('bsz', 312.0), ('num_updates', 12296)])
2026-04-17 00:12:39 | INFO | unicore_cli.train | averaging ['in_house_lnp_B16F10_luc_valid_spearmanr_coeff', 'in_house_lnp_DC24_luc_valid_spearmanr_coeff'] for valid_spearmanr_coeff
2026-04-17 00:12:39 | INFO | unimol.core.checkpoint_utils | Preparing to save checkpoint for epoch 90 @ 12296 updates
2026-04-17 00:12:39 | INFO | unimol.core.trainer | Saving checkpoint to ./tmp_save_demo/save_InfoMax_Run/checkpoint90.pt
2026-04-17 00:12:40 | INFO | unimol.core.trainer | Finished saving checkpoint to ./tmp_save_demo/save_InfoMax_Run/checkpoint90.pt
2026-04-17 00:12:40 | INFO | unimol.core.checkpoint_utils | Saved checkpoint ./tmp_save_demo/save_InfoMax_Run/checkpoint90.pt (epoch 90 @ 12296 updates, score 0.9065) (writing took 0.9301401210250333 seconds)
2026-04-17 00:12:40 | INFO | unicore_cli.train | end of epoch 90 (average epoch stats below)
2026-04-17 00:12:40 | INFO | unimol.core.checkpoint_utils | copy ./tmp_save_demo/save_InfoMax_Run/checkpoint90.pt to ./save_demo/save_InfoMax_Run/checkpoint90.pt
2026-04-17 00:12:40 | INFO | train | epoch 090 | loss 0.048 | loss_in_house_lnp_B16F10_luc 0.026 | loss_in_house_lnp_DC24_luc 0.016 | ups 7.18 | bsz 15.9 | num_updates 12296 | lr 5.89886e-05 | gnorm 10.458 | clip 100 | loss_scale 64 | train_wall 15.24 | epoch_itr_sz 137 | gb_free 76 | wall 1765
2026-04-17 00:12:40 | INFO | unimol.core.tasks.unicore_task | get EpochBatchIterator for epoch 91
2026-04-17 00:12:40 | INFO | unimol.core.trainer | begin training epoch 91
2026-04-17 00:12:40 | INFO | unicore_cli.train | Start iterating over samples
2026-04-17 00:12:41 | INFO | unimol.core.checkpoint_utils | copy ./tmp_save_demo/save_InfoMax_Run/checkpoint90.pt to ./save_demo/save_InfoMax_Run/checkpoint_last.pt
2026-04-17 00:12:42 | INFO | train_inner | epoch 091:      4 / 137 loss=0.047, loss_in_house_lnp_B16F10_luc=0.026, loss_in_house_lnp_DC24_luc=0.016, ups=6.69, bsz=15.9, num_updates=12300, lr=5.89732e-05, gnorm=9.53, clip=100, loss_scale=64, train_wall=10.98, gb_free=76, wall=1766
2026-04-17 00:12:42 | INFO | unimol.core.checkpoint_utils | removing temp file ./tmp_save_demo/save_InfoMax_Run/checkpoint90.pt ...
2026-04-17 00:12:42 | INFO | unimol.core.checkpoint_utils | removed ./save_demo/save_InfoMax_Run/checkpoint80.pt
2026-04-17 00:12:42 | INFO | unimol.core.checkpoint_utils | finished async ckp saving.
2026-04-17 00:12:50 | INFO | unimol.core.trainer | NOTE: gradient overflow detected, ignoring gradient, setting loss scale to: 32.0
2026-04-17 00:12:53 | INFO | train_inner | epoch 091:    105 / 137 loss=0.047, loss_in_house_lnp_B16F10_luc=0.026, loss_in_house_lnp_DC24_luc=0.016, ups=8.71, bsz=15.9, num_updates=12400, lr=5.85877e-05, gnorm=10.697, clip=99, loss_scale=32, train_wall=11.23, gb_free=76.1, wall=1778
2026-04-17 00:12:57 | INFO | unicore_cli.train | begin validation on "valid" subset
2026-04-17 00:12:57 | INFO | unimol.core.tasks.unicore_task | get EpochBatchIterator for epoch 1
reduce_metrics, task_name:  in_house_lnp_B16F10_luc
reduce_metrics, task_name:  in_house_lnp_DC24_luc
get_valid_stats stats:  OrderedDict([('loss', 0.059), ('loss_in_house_lnp_B16F10_luc', 0.034), ('loss_in_house_lnp_DC24_luc', 0.025), ('in_house_lnp_B16F10_luc_valid_spearmanr_coeff', 0.858), ('in_house_lnp_B16F10_luc_valid_spearmanr_p_val', 0.0), ('in_house_lnp_B16F10_luc_valid_pearsonr_coeff', 0.828), ('in_house_lnp_B16F10_luc_valid_pearsonr_p_val', 0.0), ('in_house_lnp_B16F10_luc_valid_mae', 2.435), ('in_house_lnp_B16F10_luc_valid_mse', 8.911), ('in_house_lnp_B16F10_luc_valid_agg_mae', 2.435), ('in_house_lnp_B16F10_luc_valid_agg_mse', 8.911), ('in_house_lnp_B16F10_luc_valid_contrastive_L', 0.384), ('in_house_lnp_B16F10_luc_valid_agg_rmse', 2.9851), ('in_house_lnp_DC24_luc_valid_spearmanr_coeff', 0.94), ('in_house_lnp_DC24_luc_valid_spearmanr_p_val', 0.0), ('in_house_lnp_DC24_luc_valid_pearsonr_coeff', 0.932), ('in_house_lnp_DC24_luc_valid_pearsonr_p_val', 0.0), ('in_house_lnp_DC24_luc_valid_mae', 4.498), ('in_house_lnp_DC24_luc_valid_mse', 26.597), ('in_house_lnp_DC24_luc_valid_agg_mae', 4.498), ('in_house_lnp_DC24_luc_valid_agg_mse', 26.597), ('in_house_lnp_DC24_luc_valid_contrastive_L', 0.257), ('in_house_lnp_DC24_luc_valid_agg_rmse', 5.1573), ('bsz', 312.0), ('num_updates', 12432)])
2026-04-17 00:12:58 | INFO | valid | epoch 091 | valid on 'valid' subset | loss 0.059 | loss_in_house_lnp_B16F10_luc 0.034 | loss_in_house_lnp_DC24_luc 0.025 | in_house_lnp_B16F10_luc_valid_spearmanr_coeff 0.858 | in_house_lnp_B16F10_luc_valid_spearmanr_p_val 0 | in_house_lnp_B16F10_luc_valid_pearsonr_coeff 0.828 | in_house_lnp_B16F10_luc_valid_pearsonr_p_val 0 | in_house_lnp_B16F10_luc_valid_mae 2.435 | in_house_lnp_B16F10_luc_valid_mse 8.911 | in_house_lnp_B16F10_luc_valid_agg_mae 2.435 | in_house_lnp_B16F10_luc_valid_agg_mse 8.911 | in_house_lnp_B16F10_luc_valid_contrastive_L 0.384 | in_house_lnp_B16F10_luc_valid_agg_rmse 2.9851 | in_house_lnp_DC24_luc_valid_spearmanr_coeff 0.94 | in_house_lnp_DC24_luc_valid_spearmanr_p_val 0 | in_house_lnp_DC24_luc_valid_pearsonr_coeff 0.932 | in_house_lnp_DC24_luc_valid_pearsonr_p_val 0 | in_house_lnp_DC24_luc_valid_mae 4.498 | in_house_lnp_DC24_luc_valid_mse 26.597 | in_house_lnp_DC24_luc_valid_agg_mae 4.498 | in_house_lnp_DC24_luc_valid_agg_mse 26.597 | in_house_lnp_DC24_luc_valid_contrastive_L 0.257 | in_house_lnp_DC24_luc_valid_agg_rmse 5.1573 | bsz 312 | num_updates 12432
validate stats:  OrderedDict([('loss', 0.059), ('loss_in_house_lnp_B16F10_luc', 0.034), ('loss_in_house_lnp_DC24_luc', 0.025), ('in_house_lnp_B16F10_luc_valid_spearmanr_coeff', 0.858), ('in_house_lnp_B16F10_luc_valid_spearmanr_p_val', 0.0), ('in_house_lnp_B16F10_luc_valid_pearsonr_coeff', 0.828), ('in_house_lnp_B16F10_luc_valid_pearsonr_p_val', 0.0), ('in_house_lnp_B16F10_luc_valid_mae', 2.435), ('in_house_lnp_B16F10_luc_valid_mse', 8.911), ('in_house_lnp_B16F10_luc_valid_agg_mae', 2.435), ('in_house_lnp_B16F10_luc_valid_agg_mse', 8.911), ('in_house_lnp_B16F10_luc_valid_contrastive_L', 0.384), ('in_house_lnp_B16F10_luc_valid_agg_rmse', 2.9851), ('in_house_lnp_DC24_luc_valid_spearmanr_coeff', 0.94), ('in_house_lnp_DC24_luc_valid_spearmanr_p_val', 0.0), ('in_house_lnp_DC24_luc_valid_pearsonr_coeff', 0.932), ('in_house_lnp_DC24_luc_valid_pearsonr_p_val', 0.0), ('in_house_lnp_DC24_luc_valid_mae', 4.498), ('in_house_lnp_DC24_luc_valid_mse', 26.597), ('in_house_lnp_DC24_luc_valid_agg_mae', 4.498), ('in_house_lnp_DC24_luc_valid_agg_mse', 26.597), ('in_house_lnp_DC24_luc_valid_contrastive_L', 0.257), ('in_house_lnp_DC24_luc_valid_agg_rmse', 5.1573), ('bsz', 312.0), ('num_updates', 12432)])
2026-04-17 00:12:58 | INFO | unicore_cli.train | averaging ['in_house_lnp_B16F10_luc_valid_spearmanr_coeff', 'in_house_lnp_DC24_luc_valid_spearmanr_coeff'] for valid_spearmanr_coeff
2026-04-17 00:12:58 | INFO | unimol.core.checkpoint_utils | Preparing to save checkpoint for epoch 91 @ 12432 updates
2026-04-17 00:12:58 | INFO | unimol.core.trainer | Saving checkpoint to ./tmp_save_demo/save_InfoMax_Run/checkpoint91.pt
2026-04-17 00:12:59 | INFO | unimol.core.trainer | Finished saving checkpoint to ./tmp_save_demo/save_InfoMax_Run/checkpoint91.pt
2026-04-17 00:12:59 | INFO | unimol.core.checkpoint_utils | Saved checkpoint ./tmp_save_demo/save_InfoMax_Run/checkpoint91.pt (epoch 91 @ 12432 updates, score 0.899) (writing took 0.9161222419934347 seconds)
2026-04-17 00:12:59 | INFO | unicore_cli.train | end of epoch 91 (average epoch stats below)
2026-04-17 00:12:59 | INFO | unimol.core.checkpoint_utils | copy ./tmp_save_demo/save_InfoMax_Run/checkpoint91.pt to ./save_demo/save_InfoMax_Run/checkpoint91.pt
2026-04-17 00:12:59 | INFO | train | epoch 091 | loss 0.049 | loss_in_house_lnp_B16F10_luc 0.027 | loss_in_house_lnp_DC24_luc 0.017 | ups 7.04 | bsz 15.9 | num_updates 12432 | lr 5.84644e-05 | gnorm 10.951 | clip 99.3 | loss_scale 32 | train_wall 15.19 | epoch_itr_sz 137 | gb_free 76 | wall 1784
2026-04-17 00:12:59 | INFO | unimol.core.tasks.unicore_task | get EpochBatchIterator for epoch 92
2026-04-17 00:12:59 | INFO | unimol.core.trainer | begin training epoch 92
2026-04-17 00:12:59 | INFO | unicore_cli.train | Start iterating over samples
2026-04-17 00:13:01 | INFO | unimol.core.checkpoint_utils | copy ./tmp_save_demo/save_InfoMax_Run/checkpoint91.pt to ./save_demo/save_InfoMax_Run/checkpoint_last.pt
2026-04-17 00:13:01 | INFO | unimol.core.checkpoint_utils | removing temp file ./tmp_save_demo/save_InfoMax_Run/checkpoint91.pt ...
2026-04-17 00:13:01 | INFO | unimol.core.checkpoint_utils | removed ./save_demo/save_InfoMax_Run/checkpoint81.pt
2026-04-17 00:13:01 | INFO | unimol.core.checkpoint_utils | finished async ckp saving.
2026-04-17 00:13:09 | INFO | train_inner | epoch 092:     68 / 137 loss=0.048, loss_in_house_lnp_B16F10_luc=0.026, loss_in_house_lnp_DC24_luc=0.017, ups=6.47, bsz=16, num_updates=12500, lr=5.82023e-05, gnorm=11.352, clip=100, loss_scale=32, train_wall=11.4, gb_free=76, wall=1793
2026-04-17 00:13:16 | INFO | unicore_cli.train | begin validation on "valid" subset
2026-04-17 00:13:16 | INFO | unimol.core.tasks.unicore_task | get EpochBatchIterator for epoch 1
reduce_metrics, task_name:  in_house_lnp_B16F10_luc
reduce_metrics, task_name:  in_house_lnp_DC24_luc
get_valid_stats stats:  OrderedDict([('loss', 0.063), ('loss_in_house_lnp_B16F10_luc', 0.035), ('loss_in_house_lnp_DC24_luc', 0.028), ('in_house_lnp_B16F10_luc_valid_spearmanr_coeff', 0.862), ('in_house_lnp_B16F10_luc_valid_spearmanr_p_val', 0.0), ('in_house_lnp_B16F10_luc_valid_pearsonr_coeff', 0.829), ('in_house_lnp_B16F10_luc_valid_pearsonr_p_val', 0.0), ('in_house_lnp_B16F10_luc_valid_mae', 2.866), ('in_house_lnp_B16F10_luc_valid_mse', 11.815), ('in_house_lnp_B16F10_luc_valid_agg_mae', 2.866), ('in_house_lnp_B16F10_luc_valid_agg_mse', 11.815), ('in_house_lnp_B16F10_luc_valid_contrastive_L', 0.401), ('in_house_lnp_B16F10_luc_valid_agg_rmse', 3.4372), ('in_house_lnp_DC24_luc_valid_spearmanr_coeff', 0.935), ('in_house_lnp_DC24_luc_valid_spearmanr_p_val', 0.0), ('in_house_lnp_DC24_luc_valid_pearsonr_coeff', 0.931), ('in_house_lnp_DC24_luc_valid_pearsonr_p_val', 0.0), ('in_house_lnp_DC24_luc_valid_mae', 4.953), ('in_house_lnp_DC24_luc_valid_mse', 32.067), ('in_house_lnp_DC24_luc_valid_agg_mae', 4.953), ('in_house_lnp_DC24_luc_valid_agg_mse', 32.067), ('in_house_lnp_DC24_luc_valid_contrastive_L', 0.282), ('in_house_lnp_DC24_luc_valid_agg_rmse', 5.6628), ('bsz', 312.0), ('num_updates', 12569)])
2026-04-17 00:13:18 | INFO | valid | epoch 092 | valid on 'valid' subset | loss 0.063 | loss_in_house_lnp_B16F10_luc 0.035 | loss_in_house_lnp_DC24_luc 0.028 | in_house_lnp_B16F10_luc_valid_spearmanr_coeff 0.862 | in_house_lnp_B16F10_luc_valid_spearmanr_p_val 0 | in_house_lnp_B16F10_luc_valid_pearsonr_coeff 0.829 | in_house_lnp_B16F10_luc_valid_pearsonr_p_val 0 | in_house_lnp_B16F10_luc_valid_mae 2.866 | in_house_lnp_B16F10_luc_valid_mse 11.815 | in_house_lnp_B16F10_luc_valid_agg_mae 2.866 | in_house_lnp_B16F10_luc_valid_agg_mse 11.815 | in_house_lnp_B16F10_luc_valid_contrastive_L 0.401 | in_house_lnp_B16F10_luc_valid_agg_rmse 3.4372 | in_house_lnp_DC24_luc_valid_spearmanr_coeff 0.935 | in_house_lnp_DC24_luc_valid_spearmanr_p_val 0 | in_house_lnp_DC24_luc_valid_pearsonr_coeff 0.931 | in_house_lnp_DC24_luc_valid_pearsonr_p_val 0 | in_house_lnp_DC24_luc_valid_mae 4.953 | in_house_lnp_DC24_luc_valid_mse 32.067 | in_house_lnp_DC24_luc_valid_agg_mae 4.953 | in_house_lnp_DC24_luc_valid_agg_mse 32.067 | in_house_lnp_DC24_luc_valid_contrastive_L 0.282 | in_house_lnp_DC24_luc_valid_agg_rmse 5.6628 | bsz 312 | num_updates 12569
validate stats:  OrderedDict([('loss', 0.063), ('loss_in_house_lnp_B16F10_luc', 0.035), ('loss_in_house_lnp_DC24_luc', 0.028), ('in_house_lnp_B16F10_luc_valid_spearmanr_coeff', 0.862), ('in_house_lnp_B16F10_luc_valid_spearmanr_p_val', 0.0), ('in_house_lnp_B16F10_luc_valid_pearsonr_coeff', 0.829), ('in_house_lnp_B16F10_luc_valid_pearsonr_p_val', 0.0), ('in_house_lnp_B16F10_luc_valid_mae', 2.866), ('in_house_lnp_B16F10_luc_valid_mse', 11.815), ('in_house_lnp_B16F10_luc_valid_agg_mae', 2.866), ('in_house_lnp_B16F10_luc_valid_agg_mse', 11.815), ('in_house_lnp_B16F10_luc_valid_contrastive_L', 0.401), ('in_house_lnp_B16F10_luc_valid_agg_rmse', 3.4372), ('in_house_lnp_DC24_luc_valid_spearmanr_coeff', 0.935), ('in_house_lnp_DC24_luc_valid_spearmanr_p_val', 0.0), ('in_house_lnp_DC24_luc_valid_pearsonr_coeff', 0.931), ('in_house_lnp_DC24_luc_valid_pearsonr_p_val', 0.0), ('in_house_lnp_DC24_luc_valid_mae', 4.953), ('in_house_lnp_DC24_luc_valid_mse', 32.067), ('in_house_lnp_DC24_luc_valid_agg_mae', 4.953), ('in_house_lnp_DC24_luc_valid_agg_mse', 32.067), ('in_house_lnp_DC24_luc_valid_contrastive_L', 0.282), ('in_house_lnp_DC24_luc_valid_agg_rmse', 5.6628), ('bsz', 312.0), ('num_updates', 12569)])
2026-04-17 00:13:18 | INFO | unicore_cli.train | averaging ['in_house_lnp_B16F10_luc_valid_spearmanr_coeff', 'in_house_lnp_DC24_luc_valid_spearmanr_coeff'] for valid_spearmanr_coeff
2026-04-17 00:13:18 | INFO | unimol.core.checkpoint_utils | Preparing to save checkpoint for epoch 92 @ 12569 updates
2026-04-17 00:13:18 | INFO | unimol.core.trainer | Saving checkpoint to ./tmp_save_demo/save_InfoMax_Run/checkpoint92.pt
2026-04-17 00:13:19 | INFO | unimol.core.trainer | Finished saving checkpoint to ./tmp_save_demo/save_InfoMax_Run/checkpoint92.pt
2026-04-17 00:13:19 | INFO | unimol.core.checkpoint_utils | Saved checkpoint ./tmp_save_demo/save_InfoMax_Run/checkpoint92.pt (epoch 92 @ 12569 updates, score 0.8985000000000001) (writing took 0.8616515250178054 seconds)
2026-04-17 00:13:19 | INFO | unicore_cli.train | end of epoch 92 (average epoch stats below)
2026-04-17 00:13:19 | INFO | unimol.core.checkpoint_utils | copy ./tmp_save_demo/save_InfoMax_Run/checkpoint92.pt to ./save_demo/save_InfoMax_Run/checkpoint92.pt
2026-04-17 00:13:19 | INFO | train | epoch 092 | loss 0.047 | loss_in_house_lnp_B16F10_luc 0.026 | loss_in_house_lnp_DC24_luc 0.016 | ups 6.94 | bsz 15.9 | num_updates 12569 | lr 5.79363e-05 | gnorm 10.955 | clip 99.3 | loss_scale 32 | train_wall 15.57 | epoch_itr_sz 137 | gb_free 76 | wall 1804
2026-04-17 00:13:19 | INFO | unimol.core.tasks.unicore_task | get EpochBatchIterator for epoch 93
2026-04-17 00:13:19 | INFO | unimol.core.trainer | begin training epoch 93
2026-04-17 00:13:19 | INFO | unicore_cli.train | Start iterating over samples
2026-04-17 00:13:20 | INFO | unimol.core.checkpoint_utils | copy ./tmp_save_demo/save_InfoMax_Run/checkpoint92.pt to ./save_demo/save_InfoMax_Run/checkpoint_last.pt
2026-04-17 00:13:21 | INFO | unimol.core.checkpoint_utils | removing temp file ./tmp_save_demo/save_InfoMax_Run/checkpoint92.pt ...
2026-04-17 00:13:21 | INFO | unimol.core.checkpoint_utils | removed ./save_demo/save_InfoMax_Run/checkpoint82.pt
2026-04-17 00:13:21 | INFO | unimol.core.checkpoint_utils | finished async ckp saving.
2026-04-17 00:13:24 | INFO | train_inner | epoch 093:     31 / 137 loss=0.046, loss_in_house_lnp_B16F10_luc=0.025, loss_in_house_lnp_DC24_luc=0.016, ups=6.5, bsz=15.9, num_updates=12600, lr=5.78168e-05, gnorm=10.609, clip=99, loss_scale=32, train_wall=11.34, gb_free=76, wall=1809
2026-04-17 00:13:35 | INFO | unimol.core.trainer | NOTE: gradient overflow detected, ignoring gradient, setting loss scale to: 32.0
2026-04-17 00:13:35 | INFO | train_inner | epoch 093:    132 / 137 loss=0.048, loss_in_house_lnp_B16F10_luc=0.027, loss_in_house_lnp_DC24_luc=0.016, ups=8.68, bsz=15.9, num_updates=12700, lr=5.74314e-05, gnorm=13.673, clip=100, loss_scale=32, train_wall=11.22, gb_free=76, wall=1820
2026-04-17 00:13:36 | INFO | unicore_cli.train | begin validation on "valid" subset
2026-04-17 00:13:36 | INFO | unimol.core.tasks.unicore_task | get EpochBatchIterator for epoch 1
reduce_metrics, task_name:  in_house_lnp_B16F10_luc
reduce_metrics, task_name:  in_house_lnp_DC24_luc
get_valid_stats stats:  OrderedDict([('loss', 0.062), ('loss_in_house_lnp_B16F10_luc', 0.035), ('loss_in_house_lnp_DC24_luc', 0.027), ('in_house_lnp_B16F10_luc_valid_spearmanr_coeff', 0.863), ('in_house_lnp_B16F10_luc_valid_spearmanr_p_val', 0.0), ('in_house_lnp_B16F10_luc_valid_pearsonr_coeff', 0.842), ('in_house_lnp_B16F10_luc_valid_pearsonr_p_val', 0.0), ('in_house_lnp_B16F10_luc_valid_mae', 2.91), ('in_house_lnp_B16F10_luc_valid_mse', 12.183), ('in_house_lnp_B16F10_luc_valid_agg_mae', 2.91), ('in_house_lnp_B16F10_luc_valid_agg_mse', 12.183), ('in_house_lnp_B16F10_luc_valid_contrastive_L', 0.394), ('in_house_lnp_B16F10_luc_valid_agg_rmse', 3.4905), ('in_house_lnp_DC24_luc_valid_spearmanr_coeff', 0.939), ('in_house_lnp_DC24_luc_valid_spearmanr_p_val', 0.0), ('in_house_lnp_DC24_luc_valid_pearsonr_coeff', 0.94), ('in_house_lnp_DC24_luc_valid_pearsonr_p_val', 0.0), ('in_house_lnp_DC24_luc_valid_mae', 4.933), ('in_house_lnp_DC24_luc_valid_mse', 31.061), ('in_house_lnp_DC24_luc_valid_agg_mae', 4.933), ('in_house_lnp_DC24_luc_valid_agg_mse', 31.061), ('in_house_lnp_DC24_luc_valid_contrastive_L', 0.269), ('in_house_lnp_DC24_luc_valid_agg_rmse', 5.5732), ('bsz', 312.0), ('num_updates', 12705)])
2026-04-17 00:13:38 | INFO | valid | epoch 093 | valid on 'valid' subset | loss 0.062 | loss_in_house_lnp_B16F10_luc 0.035 | loss_in_house_lnp_DC24_luc 0.027 | in_house_lnp_B16F10_luc_valid_spearmanr_coeff 0.863 | in_house_lnp_B16F10_luc_valid_spearmanr_p_val 0 | in_house_lnp_B16F10_luc_valid_pearsonr_coeff 0.842 | in_house_lnp_B16F10_luc_valid_pearsonr_p_val 0 | in_house_lnp_B16F10_luc_valid_mae 2.91 | in_house_lnp_B16F10_luc_valid_mse 12.183 | in_house_lnp_B16F10_luc_valid_agg_mae 2.91 | in_house_lnp_B16F10_luc_valid_agg_mse 12.183 | in_house_lnp_B16F10_luc_valid_contrastive_L 0.394 | in_house_lnp_B16F10_luc_valid_agg_rmse 3.4905 | in_house_lnp_DC24_luc_valid_spearmanr_coeff 0.939 | in_house_lnp_DC24_luc_valid_spearmanr_p_val 0 | in_house_lnp_DC24_luc_valid_pearsonr_coeff 0.94 | in_house_lnp_DC24_luc_valid_pearsonr_p_val 0 | in_house_lnp_DC24_luc_valid_mae 4.933 | in_house_lnp_DC24_luc_valid_mse 31.061 | in_house_lnp_DC24_luc_valid_agg_mae 4.933 | in_house_lnp_DC24_luc_valid_agg_mse 31.061 | in_house_lnp_DC24_luc_valid_contrastive_L 0.269 | in_house_lnp_DC24_luc_valid_agg_rmse 5.5732 | bsz 312 | num_updates 12705
validate stats:  OrderedDict([('loss', 0.062), ('loss_in_house_lnp_B16F10_luc', 0.035), ('loss_in_house_lnp_DC24_luc', 0.027), ('in_house_lnp_B16F10_luc_valid_spearmanr_coeff', 0.863), ('in_house_lnp_B16F10_luc_valid_spearmanr_p_val', 0.0), ('in_house_lnp_B16F10_luc_valid_pearsonr_coeff', 0.842), ('in_house_lnp_B16F10_luc_valid_pearsonr_p_val', 0.0), ('in_house_lnp_B16F10_luc_valid_mae', 2.91), ('in_house_lnp_B16F10_luc_valid_mse', 12.183), ('in_house_lnp_B16F10_luc_valid_agg_mae', 2.91), ('in_house_lnp_B16F10_luc_valid_agg_mse', 12.183), ('in_house_lnp_B16F10_luc_valid_contrastive_L', 0.394), ('in_house_lnp_B16F10_luc_valid_agg_rmse', 3.4905), ('in_house_lnp_DC24_luc_valid_spearmanr_coeff', 0.939), ('in_house_lnp_DC24_luc_valid_spearmanr_p_val', 0.0), ('in_house_lnp_DC24_luc_valid_pearsonr_coeff', 0.94), ('in_house_lnp_DC24_luc_valid_pearsonr_p_val', 0.0), ('in_house_lnp_DC24_luc_valid_mae', 4.933), ('in_house_lnp_DC24_luc_valid_mse', 31.061), ('in_house_lnp_DC24_luc_valid_agg_mae', 4.933), ('in_house_lnp_DC24_luc_valid_agg_mse', 31.061), ('in_house_lnp_DC24_luc_valid_contrastive_L', 0.269), ('in_house_lnp_DC24_luc_valid_agg_rmse', 5.5732), ('bsz', 312.0), ('num_updates', 12705)])
2026-04-17 00:13:38 | INFO | unicore_cli.train | averaging ['in_house_lnp_B16F10_luc_valid_spearmanr_coeff', 'in_house_lnp_DC24_luc_valid_spearmanr_coeff'] for valid_spearmanr_coeff
2026-04-17 00:13:38 | INFO | unimol.core.checkpoint_utils | Preparing to save checkpoint for epoch 93 @ 12705 updates
2026-04-17 00:13:38 | INFO | unimol.core.trainer | Saving checkpoint to ./tmp_save_demo/save_InfoMax_Run/checkpoint93.pt
2026-04-17 00:13:38 | INFO | unimol.core.trainer | Finished saving checkpoint to ./tmp_save_demo/save_InfoMax_Run/checkpoint93.pt
2026-04-17 00:13:38 | INFO | unimol.core.checkpoint_utils | Saved checkpoint ./tmp_save_demo/save_InfoMax_Run/checkpoint93.pt (epoch 93 @ 12705 updates, score 0.901) (writing took 0.9312244690954685 seconds)
2026-04-17 00:13:38 | INFO | unicore_cli.train | end of epoch 93 (average epoch stats below)
2026-04-17 00:13:38 | INFO | unimol.core.checkpoint_utils | copy ./tmp_save_demo/save_InfoMax_Run/checkpoint93.pt to ./save_demo/save_InfoMax_Run/checkpoint93.pt
2026-04-17 00:13:38 | INFO | train | epoch 093 | loss 0.047 | loss_in_house_lnp_B16F10_luc 0.025 | loss_in_house_lnp_DC24_luc 0.016 | ups 6.97 | bsz 15.9 | num_updates 12705 | lr 5.74121e-05 | gnorm 12.788 | clip 100 | loss_scale 32 | train_wall 15.49 | epoch_itr_sz 137 | gb_free 76 | wall 1823
2026-04-17 00:13:38 | INFO | unimol.core.tasks.unicore_task | get EpochBatchIterator for epoch 94
2026-04-17 00:13:38 | INFO | unimol.core.trainer | begin training epoch 94
2026-04-17 00:13:38 | INFO | unicore_cli.train | Start iterating over samples
2026-04-17 00:13:40 | INFO | unimol.core.checkpoint_utils | copy ./tmp_save_demo/save_InfoMax_Run/checkpoint93.pt to ./save_demo/save_InfoMax_Run/checkpoint_last.pt
2026-04-17 00:13:41 | INFO | unimol.core.checkpoint_utils | removing temp file ./tmp_save_demo/save_InfoMax_Run/checkpoint93.pt ...
2026-04-17 00:13:41 | INFO | unimol.core.checkpoint_utils | removed ./save_demo/save_InfoMax_Run/checkpoint83.pt
2026-04-17 00:13:41 | INFO | unimol.core.checkpoint_utils | finished async ckp saving.
2026-04-17 00:13:51 | INFO | train_inner | epoch 094:     95 / 137 loss=0.047, loss_in_house_lnp_B16F10_luc=0.025, loss_in_house_lnp_DC24_luc=0.016, ups=6.55, bsz=15.9, num_updates=12800, lr=5.70459e-05, gnorm=9.26, clip=99, loss_scale=32, train_wall=11.49, gb_free=76, wall=1836
2026-04-17 00:13:54 | INFO | unimol.core.trainer | NOTE: gradient overflow detected, ignoring gradient, setting loss scale to: 16.0
2026-04-17 00:13:55 | INFO | unicore_cli.train | begin validation on "valid" subset
2026-04-17 00:13:55 | INFO | unimol.core.tasks.unicore_task | get EpochBatchIterator for epoch 1
reduce_metrics, task_name:  in_house_lnp_B16F10_luc
reduce_metrics, task_name:  in_house_lnp_DC24_luc
get_valid_stats stats:  OrderedDict([('loss', 0.059), ('loss_in_house_lnp_B16F10_luc', 0.033), ('loss_in_house_lnp_DC24_luc', 0.026), ('in_house_lnp_B16F10_luc_valid_spearmanr_coeff', 0.871), ('in_house_lnp_B16F10_luc_valid_spearmanr_p_val', 0.0), ('in_house_lnp_B16F10_luc_valid_pearsonr_coeff', 0.849), ('in_house_lnp_B16F10_luc_valid_pearsonr_p_val', 0.0), ('in_house_lnp_B16F10_luc_valid_mae', 2.865), ('in_house_lnp_B16F10_luc_valid_mse', 11.64), ('in_house_lnp_B16F10_luc_valid_agg_mae', 2.865), ('in_house_lnp_B16F10_luc_valid_agg_mse', 11.64), ('in_house_lnp_B16F10_luc_valid_contrastive_L', 0.379), ('in_house_lnp_B16F10_luc_valid_agg_rmse', 3.4118), ('in_house_lnp_DC24_luc_valid_spearmanr_coeff', 0.94), ('in_house_lnp_DC24_luc_valid_spearmanr_p_val', 0.0), ('in_house_lnp_DC24_luc_valid_pearsonr_coeff', 0.938), ('in_house_lnp_DC24_luc_valid_pearsonr_p_val', 0.0), ('in_house_lnp_DC24_luc_valid_mae', 4.987), ('in_house_lnp_DC24_luc_valid_mse', 31.852), ('in_house_lnp_DC24_luc_valid_agg_mae', 4.987), ('in_house_lnp_DC24_luc_valid_agg_mse', 31.852), ('in_house_lnp_DC24_luc_valid_contrastive_L', 0.266), ('in_house_lnp_DC24_luc_valid_agg_rmse', 5.6437), ('bsz', 312.0), ('num_updates', 12841)])
2026-04-17 00:13:57 | INFO | valid | epoch 094 | valid on 'valid' subset | loss 0.059 | loss_in_house_lnp_B16F10_luc 0.033 | loss_in_house_lnp_DC24_luc 0.026 | in_house_lnp_B16F10_luc_valid_spearmanr_coeff 0.871 | in_house_lnp_B16F10_luc_valid_spearmanr_p_val 0 | in_house_lnp_B16F10_luc_valid_pearsonr_coeff 0.849 | in_house_lnp_B16F10_luc_valid_pearsonr_p_val 0 | in_house_lnp_B16F10_luc_valid_mae 2.865 | in_house_lnp_B16F10_luc_valid_mse 11.64 | in_house_lnp_B16F10_luc_valid_agg_mae 2.865 | in_house_lnp_B16F10_luc_valid_agg_mse 11.64 | in_house_lnp_B16F10_luc_valid_contrastive_L 0.379 | in_house_lnp_B16F10_luc_valid_agg_rmse 3.4118 | in_house_lnp_DC24_luc_valid_spearmanr_coeff 0.94 | in_house_lnp_DC24_luc_valid_spearmanr_p_val 0 | in_house_lnp_DC24_luc_valid_pearsonr_coeff 0.938 | in_house_lnp_DC24_luc_valid_pearsonr_p_val 0 | in_house_lnp_DC24_luc_valid_mae 4.987 | in_house_lnp_DC24_luc_valid_mse 31.852 | in_house_lnp_DC24_luc_valid_agg_mae 4.987 | in_house_lnp_DC24_luc_valid_agg_mse 31.852 | in_house_lnp_DC24_luc_valid_contrastive_L 0.266 | in_house_lnp_DC24_luc_valid_agg_rmse 5.6437 | bsz 312 | num_updates 12841
validate stats:  OrderedDict([('loss', 0.059), ('loss_in_house_lnp_B16F10_luc', 0.033), ('loss_in_house_lnp_DC24_luc', 0.026), ('in_house_lnp_B16F10_luc_valid_spearmanr_coeff', 0.871), ('in_house_lnp_B16F10_luc_valid_spearmanr_p_val', 0.0), ('in_house_lnp_B16F10_luc_valid_pearsonr_coeff', 0.849), ('in_house_lnp_B16F10_luc_valid_pearsonr_p_val', 0.0), ('in_house_lnp_B16F10_luc_valid_mae', 2.865), ('in_house_lnp_B16F10_luc_valid_mse', 11.64), ('in_house_lnp_B16F10_luc_valid_agg_mae', 2.865), ('in_house_lnp_B16F10_luc_valid_agg_mse', 11.64), ('in_house_lnp_B16F10_luc_valid_contrastive_L', 0.379), ('in_house_lnp_B16F10_luc_valid_agg_rmse', 3.4118), ('in_house_lnp_DC24_luc_valid_spearmanr_coeff', 0.94), ('in_house_lnp_DC24_luc_valid_spearmanr_p_val', 0.0), ('in_house_lnp_DC24_luc_valid_pearsonr_coeff', 0.938), ('in_house_lnp_DC24_luc_valid_pearsonr_p_val', 0.0), ('in_house_lnp_DC24_luc_valid_mae', 4.987), ('in_house_lnp_DC24_luc_valid_mse', 31.852), ('in_house_lnp_DC24_luc_valid_agg_mae', 4.987), ('in_house_lnp_DC24_luc_valid_agg_mse', 31.852), ('in_house_lnp_DC24_luc_valid_contrastive_L', 0.266), ('in_house_lnp_DC24_luc_valid_agg_rmse', 5.6437), ('bsz', 312.0), ('num_updates', 12841)])
2026-04-17 00:13:57 | INFO | unicore_cli.train | averaging ['in_house_lnp_B16F10_luc_valid_spearmanr_coeff', 'in_house_lnp_DC24_luc_valid_spearmanr_coeff'] for valid_spearmanr_coeff
2026-04-17 00:13:57 | INFO | unimol.core.checkpoint_utils | Preparing to save checkpoint for epoch 94 @ 12841 updates
2026-04-17 00:13:57 | INFO | unimol.core.trainer | Saving checkpoint to ./tmp_save_demo/save_InfoMax_Run/checkpoint94.pt
2026-04-17 00:13:58 | INFO | unimol.core.trainer | Finished saving checkpoint to ./tmp_save_demo/save_InfoMax_Run/checkpoint94.pt
2026-04-17 00:13:58 | INFO | unimol.core.checkpoint_utils | Saved checkpoint ./tmp_save_demo/save_InfoMax_Run/checkpoint94.pt (epoch 94 @ 12841 updates, score 0.9055) (writing took 0.8712733129505068 seconds)
2026-04-17 00:13:58 | INFO | unicore_cli.train | end of epoch 94 (average epoch stats below)
2026-04-17 00:13:58 | INFO | unimol.core.checkpoint_utils | copy ./tmp_save_demo/save_InfoMax_Run/checkpoint94.pt to ./save_demo/save_InfoMax_Run/checkpoint94.pt
2026-04-17 00:13:58 | INFO | train | epoch 094 | loss 0.048 | loss_in_house_lnp_B16F10_luc 0.026 | loss_in_house_lnp_DC24_luc 0.017 | ups 7 | bsz 15.9 | num_updates 12841 | lr 5.68879e-05 | gnorm 10.797 | clip 99.3 | loss_scale 16 | train_wall 15.55 | epoch_itr_sz 137 | gb_free 76.1 | wall 1843
2026-04-17 00:13:58 | INFO | unimol.core.tasks.unicore_task | get EpochBatchIterator for epoch 95
2026-04-17 00:13:58 | INFO | unimol.core.trainer | begin training epoch 95
2026-04-17 00:13:58 | INFO | unicore_cli.train | Start iterating over samples
2026-04-17 00:14:00 | INFO | unimol.core.checkpoint_utils | copy ./tmp_save_demo/save_InfoMax_Run/checkpoint94.pt to ./save_demo/save_InfoMax_Run/checkpoint_last.pt
2026-04-17 00:14:00 | INFO | unimol.core.checkpoint_utils | removing temp file ./tmp_save_demo/save_InfoMax_Run/checkpoint94.pt ...
2026-04-17 00:14:00 | INFO | unimol.core.checkpoint_utils | removed ./save_demo/save_InfoMax_Run/checkpoint84.pt
2026-04-17 00:14:00 | INFO | unimol.core.checkpoint_utils | finished async ckp saving.
2026-04-17 00:14:06 | INFO | train_inner | epoch 095:     59 / 137 loss=0.049, loss_in_house_lnp_B16F10_luc=0.027, loss_in_house_lnp_DC24_luc=0.017, ups=6.47, bsz=16, num_updates=12900, lr=5.66605e-05, gnorm=13.812, clip=100, loss_scale=16, train_wall=11.54, gb_free=76, wall=1851
2026-04-17 00:14:15 | INFO | unicore_cli.train | begin validation on "valid" subset
2026-04-17 00:14:15 | INFO | unimol.core.tasks.unicore_task | get EpochBatchIterator for epoch 1
reduce_metrics, task_name:  in_house_lnp_B16F10_luc
reduce_metrics, task_name:  in_house_lnp_DC24_luc
get_valid_stats stats:  OrderedDict([('loss', 0.062), ('loss_in_house_lnp_B16F10_luc', 0.034), ('loss_in_house_lnp_DC24_luc', 0.027), ('in_house_lnp_B16F10_luc_valid_spearmanr_coeff', 0.864), ('in_house_lnp_B16F10_luc_valid_spearmanr_p_val', 0.0), ('in_house_lnp_B16F10_luc_valid_pearsonr_coeff', 0.825), ('in_house_lnp_B16F10_luc_valid_pearsonr_p_val', 0.0), ('in_house_lnp_B16F10_luc_valid_mae', 2.742), ('in_house_lnp_B16F10_luc_valid_mse', 11.115), ('in_house_lnp_B16F10_luc_valid_agg_mae', 2.742), ('in_house_lnp_B16F10_luc_valid_agg_mse', 11.115), ('in_house_lnp_B16F10_luc_valid_contrastive_L', 0.392), ('in_house_lnp_B16F10_luc_valid_agg_rmse', 3.3339), ('in_house_lnp_DC24_luc_valid_spearmanr_coeff', 0.939), ('in_house_lnp_DC24_luc_valid_spearmanr_p_val', 0.0), ('in_house_lnp_DC24_luc_valid_pearsonr_coeff', 0.93), ('in_house_lnp_DC24_luc_valid_pearsonr_p_val', 0.0), ('in_house_lnp_DC24_luc_valid_mae', 4.759), ('in_house_lnp_DC24_luc_valid_mse', 30.226), ('in_house_lnp_DC24_luc_valid_agg_mae', 4.759), ('in_house_lnp_DC24_luc_valid_agg_mse', 30.226), ('in_house_lnp_DC24_luc_valid_contrastive_L', 0.27), ('in_house_lnp_DC24_luc_valid_agg_rmse', 5.4978), ('bsz', 312.0), ('num_updates', 12978)])
2026-04-17 00:14:17 | INFO | valid | epoch 095 | valid on 'valid' subset | loss 0.062 | loss_in_house_lnp_B16F10_luc 0.034 | loss_in_house_lnp_DC24_luc 0.027 | in_house_lnp_B16F10_luc_valid_spearmanr_coeff 0.864 | in_house_lnp_B16F10_luc_valid_spearmanr_p_val 0 | in_house_lnp_B16F10_luc_valid_pearsonr_coeff 0.825 | in_house_lnp_B16F10_luc_valid_pearsonr_p_val 0 | in_house_lnp_B16F10_luc_valid_mae 2.742 | in_house_lnp_B16F10_luc_valid_mse 11.115 | in_house_lnp_B16F10_luc_valid_agg_mae 2.742 | in_house_lnp_B16F10_luc_valid_agg_mse 11.115 | in_house_lnp_B16F10_luc_valid_contrastive_L 0.392 | in_house_lnp_B16F10_luc_valid_agg_rmse 3.3339 | in_house_lnp_DC24_luc_valid_spearmanr_coeff 0.939 | in_house_lnp_DC24_luc_valid_spearmanr_p_val 0 | in_house_lnp_DC24_luc_valid_pearsonr_coeff 0.93 | in_house_lnp_DC24_luc_valid_pearsonr_p_val 0 | in_house_lnp_DC24_luc_valid_mae 4.759 | in_house_lnp_DC24_luc_valid_mse 30.226 | in_house_lnp_DC24_luc_valid_agg_mae 4.759 | in_house_lnp_DC24_luc_valid_agg_mse 30.226 | in_house_lnp_DC24_luc_valid_contrastive_L 0.27 | in_house_lnp_DC24_luc_valid_agg_rmse 5.4978 | bsz 312 | num_updates 12978
validate stats:  OrderedDict([('loss', 0.062), ('loss_in_house_lnp_B16F10_luc', 0.034), ('loss_in_house_lnp_DC24_luc', 0.027), ('in_house_lnp_B16F10_luc_valid_spearmanr_coeff', 0.864), ('in_house_lnp_B16F10_luc_valid_spearmanr_p_val', 0.0), ('in_house_lnp_B16F10_luc_valid_pearsonr_coeff', 0.825), ('in_house_lnp_B16F10_luc_valid_pearsonr_p_val', 0.0), ('in_house_lnp_B16F10_luc_valid_mae', 2.742), ('in_house_lnp_B16F10_luc_valid_mse', 11.115), ('in_house_lnp_B16F10_luc_valid_agg_mae', 2.742), ('in_house_lnp_B16F10_luc_valid_agg_mse', 11.115), ('in_house_lnp_B16F10_luc_valid_contrastive_L', 0.392), ('in_house_lnp_B16F10_luc_valid_agg_rmse', 3.3339), ('in_house_lnp_DC24_luc_valid_spearmanr_coeff', 0.939), ('in_house_lnp_DC24_luc_valid_spearmanr_p_val', 0.0), ('in_house_lnp_DC24_luc_valid_pearsonr_coeff', 0.93), ('in_house_lnp_DC24_luc_valid_pearsonr_p_val', 0.0), ('in_house_lnp_DC24_luc_valid_mae', 4.759), ('in_house_lnp_DC24_luc_valid_mse', 30.226), ('in_house_lnp_DC24_luc_valid_agg_mae', 4.759), ('in_house_lnp_DC24_luc_valid_agg_mse', 30.226), ('in_house_lnp_DC24_luc_valid_contrastive_L', 0.27), ('in_house_lnp_DC24_luc_valid_agg_rmse', 5.4978), ('bsz', 312.0), ('num_updates', 12978)])
2026-04-17 00:14:17 | INFO | unicore_cli.train | averaging ['in_house_lnp_B16F10_luc_valid_spearmanr_coeff', 'in_house_lnp_DC24_luc_valid_spearmanr_coeff'] for valid_spearmanr_coeff
2026-04-17 00:14:17 | INFO | unimol.core.checkpoint_utils | Preparing to save checkpoint for epoch 95 @ 12978 updates
2026-04-17 00:14:17 | INFO | unimol.core.trainer | Saving checkpoint to ./tmp_save_demo/save_InfoMax_Run/checkpoint95.pt
2026-04-17 00:14:17 | INFO | unimol.core.trainer | Finished saving checkpoint to ./tmp_save_demo/save_InfoMax_Run/checkpoint95.pt
2026-04-17 00:14:17 | INFO | unimol.core.checkpoint_utils | Saved checkpoint ./tmp_save_demo/save_InfoMax_Run/checkpoint95.pt (epoch 95 @ 12978 updates, score 0.9015) (writing took 0.8434382360428572 seconds)
2026-04-17 00:14:17 | INFO | unicore_cli.train | end of epoch 95 (average epoch stats below)
2026-04-17 00:14:17 | INFO | unimol.core.checkpoint_utils | copy ./tmp_save_demo/save_InfoMax_Run/checkpoint95.pt to ./save_demo/save_InfoMax_Run/checkpoint95.pt
2026-04-17 00:14:17 | INFO | train | epoch 095 | loss 0.046 | loss_in_house_lnp_B16F10_luc 0.026 | loss_in_house_lnp_DC24_luc 0.016 | ups 7.02 | bsz 15.9 | num_updates 12978 | lr 5.63599e-05 | gnorm 11.736 | clip 100 | loss_scale 16 | train_wall 15.5 | epoch_itr_sz 137 | gb_free 76 | wall 1862
2026-04-17 00:14:17 | INFO | unimol.core.tasks.unicore_task | get EpochBatchIterator for epoch 96
2026-04-17 00:14:17 | INFO | unimol.core.trainer | begin training epoch 96
2026-04-17 00:14:17 | INFO | unicore_cli.train | Start iterating over samples
2026-04-17 00:14:19 | INFO | unimol.core.checkpoint_utils | copy ./tmp_save_demo/save_InfoMax_Run/checkpoint95.pt to ./save_demo/save_InfoMax_Run/checkpoint_last.pt
2026-04-17 00:14:19 | INFO | unimol.core.checkpoint_utils | removing temp file ./tmp_save_demo/save_InfoMax_Run/checkpoint95.pt ...
2026-04-17 00:14:19 | INFO | unimol.core.checkpoint_utils | removed ./save_demo/save_InfoMax_Run/checkpoint85.pt
2026-04-17 00:14:19 | INFO | unimol.core.checkpoint_utils | finished async ckp saving.
2026-04-17 00:14:21 | INFO | train_inner | epoch 096:     22 / 137 loss=0.045, loss_in_house_lnp_B16F10_luc=0.025, loss_in_house_lnp_DC24_luc=0.015, ups=6.72, bsz=15.9, num_updates=13000, lr=5.62751e-05, gnorm=11.348, clip=100, loss_scale=16, train_wall=11.16, gb_free=76, wall=1866
2026-04-17 00:14:33 | INFO | train_inner | epoch 096:    122 / 137 loss=0.045, loss_in_house_lnp_B16F10_luc=0.025, loss_in_house_lnp_DC24_luc=0.016, ups=8.77, bsz=15.9, num_updates=13100, lr=5.58896e-05, gnorm=12.121, clip=100, loss_scale=32, train_wall=11.15, gb_free=76.1, wall=1877
2026-04-17 00:14:34 | INFO | unicore_cli.train | begin validation on "valid" subset
2026-04-17 00:14:34 | INFO | unimol.core.tasks.unicore_task | get EpochBatchIterator for epoch 1
reduce_metrics, task_name:  in_house_lnp_B16F10_luc
reduce_metrics, task_name:  in_house_lnp_DC24_luc
get_valid_stats stats:  OrderedDict([('loss', 0.057), ('loss_in_house_lnp_B16F10_luc', 0.033), ('loss_in_house_lnp_DC24_luc', 0.024), ('in_house_lnp_B16F10_luc_valid_spearmanr_coeff', 0.871), ('in_house_lnp_B16F10_luc_valid_spearmanr_p_val', 0.0), ('in_house_lnp_B16F10_luc_valid_pearsonr_coeff', 0.84), ('in_house_lnp_B16F10_luc_valid_pearsonr_p_val', 0.0), ('in_house_lnp_B16F10_luc_valid_mae', 2.772), ('in_house_lnp_B16F10_luc_valid_mse', 10.625), ('in_house_lnp_B16F10_luc_valid_agg_mae', 2.772), ('in_house_lnp_B16F10_luc_valid_agg_mse', 10.625), ('in_house_lnp_B16F10_luc_valid_contrastive_L', 0.373), ('in_house_lnp_B16F10_luc_valid_agg_rmse', 3.2595), ('in_house_lnp_DC24_luc_valid_spearmanr_coeff', 0.949), ('in_house_lnp_DC24_luc_valid_spearmanr_p_val', 0.0), ('in_house_lnp_DC24_luc_valid_pearsonr_coeff', 0.938), ('in_house_lnp_DC24_luc_valid_pearsonr_p_val', 0.0), ('in_house_lnp_DC24_luc_valid_mae', 4.888), ('in_house_lnp_DC24_luc_valid_mse', 31.247), ('in_house_lnp_DC24_luc_valid_agg_mae', 4.888), ('in_house_lnp_DC24_luc_valid_agg_mse', 31.247), ('in_house_lnp_DC24_luc_valid_contrastive_L', 0.243), ('in_house_lnp_DC24_luc_valid_agg_rmse', 5.5899), ('bsz', 312.0), ('num_updates', 13115)])
2026-04-17 00:14:36 | INFO | valid | epoch 096 | valid on 'valid' subset | loss 0.057 | loss_in_house_lnp_B16F10_luc 0.033 | loss_in_house_lnp_DC24_luc 0.024 | in_house_lnp_B16F10_luc_valid_spearmanr_coeff 0.871 | in_house_lnp_B16F10_luc_valid_spearmanr_p_val 0 | in_house_lnp_B16F10_luc_valid_pearsonr_coeff 0.84 | in_house_lnp_B16F10_luc_valid_pearsonr_p_val 0 | in_house_lnp_B16F10_luc_valid_mae 2.772 | in_house_lnp_B16F10_luc_valid_mse 10.625 | in_house_lnp_B16F10_luc_valid_agg_mae 2.772 | in_house_lnp_B16F10_luc_valid_agg_mse 10.625 | in_house_lnp_B16F10_luc_valid_contrastive_L 0.373 | in_house_lnp_B16F10_luc_valid_agg_rmse 3.2595 | in_house_lnp_DC24_luc_valid_spearmanr_coeff 0.949 | in_house_lnp_DC24_luc_valid_spearmanr_p_val 0 | in_house_lnp_DC24_luc_valid_pearsonr_coeff 0.938 | in_house_lnp_DC24_luc_valid_pearsonr_p_val 0 | in_house_lnp_DC24_luc_valid_mae 4.888 | in_house_lnp_DC24_luc_valid_mse 31.247 | in_house_lnp_DC24_luc_valid_agg_mae 4.888 | in_house_lnp_DC24_luc_valid_agg_mse 31.247 | in_house_lnp_DC24_luc_valid_contrastive_L 0.243 | in_house_lnp_DC24_luc_valid_agg_rmse 5.5899 | bsz 312 | num_updates 13115
validate stats:  OrderedDict([('loss', 0.057), ('loss_in_house_lnp_B16F10_luc', 0.033), ('loss_in_house_lnp_DC24_luc', 0.024), ('in_house_lnp_B16F10_luc_valid_spearmanr_coeff', 0.871), ('in_house_lnp_B16F10_luc_valid_spearmanr_p_val', 0.0), ('in_house_lnp_B16F10_luc_valid_pearsonr_coeff', 0.84), ('in_house_lnp_B16F10_luc_valid_pearsonr_p_val', 0.0), ('in_house_lnp_B16F10_luc_valid_mae', 2.772), ('in_house_lnp_B16F10_luc_valid_mse', 10.625), ('in_house_lnp_B16F10_luc_valid_agg_mae', 2.772), ('in_house_lnp_B16F10_luc_valid_agg_mse', 10.625), ('in_house_lnp_B16F10_luc_valid_contrastive_L', 0.373), ('in_house_lnp_B16F10_luc_valid_agg_rmse', 3.2595), ('in_house_lnp_DC24_luc_valid_spearmanr_coeff', 0.949), ('in_house_lnp_DC24_luc_valid_spearmanr_p_val', 0.0), ('in_house_lnp_DC24_luc_valid_pearsonr_coeff', 0.938), ('in_house_lnp_DC24_luc_valid_pearsonr_p_val', 0.0), ('in_house_lnp_DC24_luc_valid_mae', 4.888), ('in_house_lnp_DC24_luc_valid_mse', 31.247), ('in_house_lnp_DC24_luc_valid_agg_mae', 4.888), ('in_house_lnp_DC24_luc_valid_agg_mse', 31.247), ('in_house_lnp_DC24_luc_valid_contrastive_L', 0.243), ('in_house_lnp_DC24_luc_valid_agg_rmse', 5.5899), ('bsz', 312.0), ('num_updates', 13115)])
2026-04-17 00:14:36 | INFO | unicore_cli.train | averaging ['in_house_lnp_B16F10_luc_valid_spearmanr_coeff', 'in_house_lnp_DC24_luc_valid_spearmanr_coeff'] for valid_spearmanr_coeff
2026-04-17 00:14:36 | INFO | unimol.core.checkpoint_utils | Preparing to save checkpoint for epoch 96 @ 13115 updates
2026-04-17 00:14:36 | INFO | unimol.core.trainer | Saving checkpoint to ./tmp_save_demo/save_InfoMax_Run/checkpoint96.pt
2026-04-17 00:14:37 | INFO | unimol.core.trainer | Finished saving checkpoint to ./tmp_save_demo/save_InfoMax_Run/checkpoint96.pt
2026-04-17 00:14:37 | INFO | unimol.core.checkpoint_utils | Saved checkpoint ./tmp_save_demo/save_InfoMax_Run/checkpoint96.pt (epoch 96 @ 13115 updates, score 0.9099999999999999) (writing took 0.9287151640746742 seconds)
2026-04-17 00:14:37 | INFO | unicore_cli.train | end of epoch 96 (average epoch stats below)
2026-04-17 00:14:37 | INFO | unimol.core.checkpoint_utils | copy ./tmp_save_demo/save_InfoMax_Run/checkpoint96.pt to ./save_demo/save_InfoMax_Run/checkpoint96.pt
2026-04-17 00:14:37 | INFO | train | epoch 096 | loss 0.046 | loss_in_house_lnp_B16F10_luc 0.025 | loss_in_house_lnp_DC24_luc 0.016 | ups 7.14 | bsz 15.9 | num_updates 13115 | lr 5.58318e-05 | gnorm 12.918 | clip 100 | loss_scale 32 | train_wall 15.31 | epoch_itr_sz 137 | gb_free 76 | wall 1881
2026-04-17 00:14:37 | INFO | unimol.core.tasks.unicore_task | get EpochBatchIterator for epoch 97
2026-04-17 00:14:37 | INFO | unimol.core.trainer | begin training epoch 97
2026-04-17 00:14:37 | INFO | unicore_cli.train | Start iterating over samples
2026-04-17 00:14:38 | INFO | unimol.core.checkpoint_utils | copy ./tmp_save_demo/save_InfoMax_Run/checkpoint96.pt to ./save_demo/save_InfoMax_Run/checkpoint_last.pt
2026-04-17 00:14:38 | INFO | unimol.core.checkpoint_utils | removing temp file ./tmp_save_demo/save_InfoMax_Run/checkpoint96.pt ...
2026-04-17 00:14:38 | INFO | unimol.core.checkpoint_utils | removed ./save_demo/save_InfoMax_Run/checkpoint86.pt
2026-04-17 00:14:38 | INFO | unimol.core.checkpoint_utils | finished async ckp saving.
2026-04-17 00:14:48 | INFO | train_inner | epoch 097:     85 / 137 loss=0.047, loss_in_house_lnp_B16F10_luc=0.026, loss_in_house_lnp_DC24_luc=0.015, ups=6.63, bsz=16, num_updates=13200, lr=5.55042e-05, gnorm=11.168, clip=100, loss_scale=32, train_wall=11.38, gb_free=76, wall=1892
2026-04-17 00:14:53 | INFO | unicore_cli.train | begin validation on "valid" subset
2026-04-17 00:14:53 | INFO | unimol.core.tasks.unicore_task | get EpochBatchIterator for epoch 1
reduce_metrics, task_name:  in_house_lnp_B16F10_luc
reduce_metrics, task_name:  in_house_lnp_DC24_luc
get_valid_stats stats:  OrderedDict([('loss', 0.056), ('loss_in_house_lnp_B16F10_luc', 0.032), ('loss_in_house_lnp_DC24_luc', 0.024), ('in_house_lnp_B16F10_luc_valid_spearmanr_coeff', 0.877), ('in_house_lnp_B16F10_luc_valid_spearmanr_p_val', 0.0), ('in_house_lnp_B16F10_luc_valid_pearsonr_coeff', 0.841), ('in_house_lnp_B16F10_luc_valid_pearsonr_p_val', 0.0), ('in_house_lnp_B16F10_luc_valid_mae', 2.751), ('in_house_lnp_B16F10_luc_valid_mse', 10.81), ('in_house_lnp_B16F10_luc_valid_agg_mae', 2.751), ('in_house_lnp_B16F10_luc_valid_agg_mse', 10.81), ('in_house_lnp_B16F10_luc_valid_contrastive_L', 0.364), ('in_house_lnp_B16F10_luc_valid_agg_rmse', 3.2878), ('in_house_lnp_DC24_luc_valid_spearmanr_coeff', 0.949), ('in_house_lnp_DC24_luc_valid_spearmanr_p_val', 0.0), ('in_house_lnp_DC24_luc_valid_pearsonr_coeff', 0.941), ('in_house_lnp_DC24_luc_valid_pearsonr_p_val', 0.0), ('in_house_lnp_DC24_luc_valid_mae', 4.674), ('in_house_lnp_DC24_luc_valid_mse', 29.795), ('in_house_lnp_DC24_luc_valid_agg_mae', 4.674), ('in_house_lnp_DC24_luc_valid_agg_mse', 29.795), ('in_house_lnp_DC24_luc_valid_contrastive_L', 0.237), ('in_house_lnp_DC24_luc_valid_agg_rmse', 5.4584), ('bsz', 312.0), ('num_updates', 13252)])
2026-04-17 00:14:55 | INFO | valid | epoch 097 | valid on 'valid' subset | loss 0.056 | loss_in_house_lnp_B16F10_luc 0.032 | loss_in_house_lnp_DC24_luc 0.024 | in_house_lnp_B16F10_luc_valid_spearmanr_coeff 0.877 | in_house_lnp_B16F10_luc_valid_spearmanr_p_val 0 | in_house_lnp_B16F10_luc_valid_pearsonr_coeff 0.841 | in_house_lnp_B16F10_luc_valid_pearsonr_p_val 0 | in_house_lnp_B16F10_luc_valid_mae 2.751 | in_house_lnp_B16F10_luc_valid_mse 10.81 | in_house_lnp_B16F10_luc_valid_agg_mae 2.751 | in_house_lnp_B16F10_luc_valid_agg_mse 10.81 | in_house_lnp_B16F10_luc_valid_contrastive_L 0.364 | in_house_lnp_B16F10_luc_valid_agg_rmse 3.2878 | in_house_lnp_DC24_luc_valid_spearmanr_coeff 0.949 | in_house_lnp_DC24_luc_valid_spearmanr_p_val 0 | in_house_lnp_DC24_luc_valid_pearsonr_coeff 0.941 | in_house_lnp_DC24_luc_valid_pearsonr_p_val 0 | in_house_lnp_DC24_luc_valid_mae 4.674 | in_house_lnp_DC24_luc_valid_mse 29.795 | in_house_lnp_DC24_luc_valid_agg_mae 4.674 | in_house_lnp_DC24_luc_valid_agg_mse 29.795 | in_house_lnp_DC24_luc_valid_contrastive_L 0.237 | in_house_lnp_DC24_luc_valid_agg_rmse 5.4584 | bsz 312 | num_updates 13252
validate stats:  OrderedDict([('loss', 0.056), ('loss_in_house_lnp_B16F10_luc', 0.032), ('loss_in_house_lnp_DC24_luc', 0.024), ('in_house_lnp_B16F10_luc_valid_spearmanr_coeff', 0.877), ('in_house_lnp_B16F10_luc_valid_spearmanr_p_val', 0.0), ('in_house_lnp_B16F10_luc_valid_pearsonr_coeff', 0.841), ('in_house_lnp_B16F10_luc_valid_pearsonr_p_val', 0.0), ('in_house_lnp_B16F10_luc_valid_mae', 2.751), ('in_house_lnp_B16F10_luc_valid_mse', 10.81), ('in_house_lnp_B16F10_luc_valid_agg_mae', 2.751), ('in_house_lnp_B16F10_luc_valid_agg_mse', 10.81), ('in_house_lnp_B16F10_luc_valid_contrastive_L', 0.364), ('in_house_lnp_B16F10_luc_valid_agg_rmse', 3.2878), ('in_house_lnp_DC24_luc_valid_spearmanr_coeff', 0.949), ('in_house_lnp_DC24_luc_valid_spearmanr_p_val', 0.0), ('in_house_lnp_DC24_luc_valid_pearsonr_coeff', 0.941), ('in_house_lnp_DC24_luc_valid_pearsonr_p_val', 0.0), ('in_house_lnp_DC24_luc_valid_mae', 4.674), ('in_house_lnp_DC24_luc_valid_mse', 29.795), ('in_house_lnp_DC24_luc_valid_agg_mae', 4.674), ('in_house_lnp_DC24_luc_valid_agg_mse', 29.795), ('in_house_lnp_DC24_luc_valid_contrastive_L', 0.237), ('in_house_lnp_DC24_luc_valid_agg_rmse', 5.4584), ('bsz', 312.0), ('num_updates', 13252)])
2026-04-17 00:14:55 | INFO | unicore_cli.train | averaging ['in_house_lnp_B16F10_luc_valid_spearmanr_coeff', 'in_house_lnp_DC24_luc_valid_spearmanr_coeff'] for valid_spearmanr_coeff
2026-04-17 00:14:55 | INFO | unimol.core.checkpoint_utils | Preparing to save checkpoint for epoch 97 @ 13252 updates
2026-04-17 00:14:55 | INFO | unimol.core.trainer | Saving checkpoint to ./tmp_save_demo/save_InfoMax_Run/checkpoint97.pt
2026-04-17 00:14:56 | INFO | unimol.core.trainer | Finished saving checkpoint to ./tmp_save_demo/save_InfoMax_Run/checkpoint97.pt
2026-04-17 00:14:56 | INFO | unimol.core.checkpoint_utils | Saved checkpoint ./tmp_save_demo/save_InfoMax_Run/checkpoint97.pt (epoch 97 @ 13252 updates, score 0.913) (writing took 0.9034122709417716 seconds)
2026-04-17 00:14:56 | INFO | unicore_cli.train | end of epoch 97 (average epoch stats below)
2026-04-17 00:14:56 | INFO | unimol.core.checkpoint_utils | copy ./tmp_save_demo/save_InfoMax_Run/checkpoint97.pt to ./save_demo/save_InfoMax_Run/checkpoint97.pt
2026-04-17 00:14:56 | INFO | train | epoch 097 | loss 0.047 | loss_in_house_lnp_B16F10_luc 0.026 | loss_in_house_lnp_DC24_luc 0.016 | ups 7.02 | bsz 15.9 | num_updates 13252 | lr 5.53037e-05 | gnorm 10.924 | clip 100 | loss_scale 32 | train_wall 15.49 | epoch_itr_sz 137 | gb_free 76 | wall 1901
2026-04-17 00:14:56 | INFO | unimol.core.tasks.unicore_task | get EpochBatchIterator for epoch 98
2026-04-17 00:14:56 | INFO | unimol.core.trainer | begin training epoch 98
2026-04-17 00:14:56 | INFO | unicore_cli.train | Start iterating over samples
2026-04-17 00:14:58 | INFO | unimol.core.checkpoint_utils | copy ./tmp_save_demo/save_InfoMax_Run/checkpoint97.pt to ./save_demo/save_InfoMax_Run/checkpoint_best.pt
2026-04-17 00:14:58 | INFO | unimol.core.checkpoint_utils | copy ./tmp_save_demo/save_InfoMax_Run/checkpoint97.pt to ./save_demo/save_InfoMax_Run/checkpoint_last.pt
2026-04-17 00:14:59 | INFO | unimol.core.checkpoint_utils | removing temp file ./tmp_save_demo/save_InfoMax_Run/checkpoint97.pt ...
2026-04-17 00:14:59 | INFO | unimol.core.checkpoint_utils | removed ./save_demo/save_InfoMax_Run/checkpoint87.pt
2026-04-17 00:14:59 | INFO | unimol.core.checkpoint_utils | finished async ckp saving.
2026-04-17 00:14:59 | INFO | unimol.core.trainer | NOTE: gradient overflow detected, ignoring gradient, setting loss scale to: 16.0
2026-04-17 00:15:03 | INFO | train_inner | epoch 098:     49 / 137 loss=0.047, loss_in_house_lnp_B16F10_luc=0.026, loss_in_house_lnp_DC24_luc=0.016, ups=6.38, bsz=15.9, num_updates=13300, lr=5.51187e-05, gnorm=12.102, clip=100, loss_scale=16, train_wall=11.41, gb_free=76, wall=1908
2026-04-17 00:15:13 | INFO | unicore_cli.train | begin validation on "valid" subset
2026-04-17 00:15:13 | INFO | unimol.core.tasks.unicore_task | get EpochBatchIterator for epoch 1
reduce_metrics, task_name:  in_house_lnp_B16F10_luc
reduce_metrics, task_name:  in_house_lnp_DC24_luc
get_valid_stats stats:  OrderedDict([('loss', 0.058), ('loss_in_house_lnp_B16F10_luc', 0.033), ('loss_in_house_lnp_DC24_luc', 0.025), ('in_house_lnp_B16F10_luc_valid_spearmanr_coeff', 0.867), ('in_house_lnp_B16F10_luc_valid_spearmanr_p_val', 0.0), ('in_house_lnp_B16F10_luc_valid_pearsonr_coeff', 0.834), ('in_house_lnp_B16F10_luc_valid_pearsonr_p_val', 0.0), ('in_house_lnp_B16F10_luc_valid_mae', 2.78), ('in_house_lnp_B16F10_luc_valid_mse', 11.209), ('in_house_lnp_B16F10_luc_valid_agg_mae', 2.78), ('in_house_lnp_B16F10_luc_valid_agg_mse', 11.209), ('in_house_lnp_B16F10_luc_valid_contrastive_L', 0.382), ('in_house_lnp_B16F10_luc_valid_agg_rmse', 3.3479), ('in_house_lnp_DC24_luc_valid_spearmanr_coeff', 0.945), ('in_house_lnp_DC24_luc_valid_spearmanr_p_val', 0.0), ('in_house_lnp_DC24_luc_valid_pearsonr_coeff', 0.935), ('in_house_lnp_DC24_luc_valid_pearsonr_p_val', 0.0), ('in_house_lnp_DC24_luc_valid_mae', 4.656), ('in_house_lnp_DC24_luc_valid_mse', 29.158), ('in_house_lnp_DC24_luc_valid_agg_mae', 4.656), ('in_house_lnp_DC24_luc_valid_agg_mse', 29.158), ('in_house_lnp_DC24_luc_valid_contrastive_L', 0.249), ('in_house_lnp_DC24_luc_valid_agg_rmse', 5.3998), ('bsz', 312.0), ('num_updates', 13388)])
2026-04-17 00:15:15 | INFO | valid | epoch 098 | valid on 'valid' subset | loss 0.058 | loss_in_house_lnp_B16F10_luc 0.033 | loss_in_house_lnp_DC24_luc 0.025 | in_house_lnp_B16F10_luc_valid_spearmanr_coeff 0.867 | in_house_lnp_B16F10_luc_valid_spearmanr_p_val 0 | in_house_lnp_B16F10_luc_valid_pearsonr_coeff 0.834 | in_house_lnp_B16F10_luc_valid_pearsonr_p_val 0 | in_house_lnp_B16F10_luc_valid_mae 2.78 | in_house_lnp_B16F10_luc_valid_mse 11.209 | in_house_lnp_B16F10_luc_valid_agg_mae 2.78 | in_house_lnp_B16F10_luc_valid_agg_mse 11.209 | in_house_lnp_B16F10_luc_valid_contrastive_L 0.382 | in_house_lnp_B16F10_luc_valid_agg_rmse 3.3479 | in_house_lnp_DC24_luc_valid_spearmanr_coeff 0.945 | in_house_lnp_DC24_luc_valid_spearmanr_p_val 0 | in_house_lnp_DC24_luc_valid_pearsonr_coeff 0.935 | in_house_lnp_DC24_luc_valid_pearsonr_p_val 0 | in_house_lnp_DC24_luc_valid_mae 4.656 | in_house_lnp_DC24_luc_valid_mse 29.158 | in_house_lnp_DC24_luc_valid_agg_mae 4.656 | in_house_lnp_DC24_luc_valid_agg_mse 29.158 | in_house_lnp_DC24_luc_valid_contrastive_L 0.249 | in_house_lnp_DC24_luc_valid_agg_rmse 5.3998 | bsz 312 | num_updates 13388
validate stats:  OrderedDict([('loss', 0.058), ('loss_in_house_lnp_B16F10_luc', 0.033), ('loss_in_house_lnp_DC24_luc', 0.025), ('in_house_lnp_B16F10_luc_valid_spearmanr_coeff', 0.867), ('in_house_lnp_B16F10_luc_valid_spearmanr_p_val', 0.0), ('in_house_lnp_B16F10_luc_valid_pearsonr_coeff', 0.834), ('in_house_lnp_B16F10_luc_valid_pearsonr_p_val', 0.0), ('in_house_lnp_B16F10_luc_valid_mae', 2.78), ('in_house_lnp_B16F10_luc_valid_mse', 11.209), ('in_house_lnp_B16F10_luc_valid_agg_mae', 2.78), ('in_house_lnp_B16F10_luc_valid_agg_mse', 11.209), ('in_house_lnp_B16F10_luc_valid_contrastive_L', 0.382), ('in_house_lnp_B16F10_luc_valid_agg_rmse', 3.3479), ('in_house_lnp_DC24_luc_valid_spearmanr_coeff', 0.945), ('in_house_lnp_DC24_luc_valid_spearmanr_p_val', 0.0), ('in_house_lnp_DC24_luc_valid_pearsonr_coeff', 0.935), ('in_house_lnp_DC24_luc_valid_pearsonr_p_val', 0.0), ('in_house_lnp_DC24_luc_valid_mae', 4.656), ('in_house_lnp_DC24_luc_valid_mse', 29.158), ('in_house_lnp_DC24_luc_valid_agg_mae', 4.656), ('in_house_lnp_DC24_luc_valid_agg_mse', 29.158), ('in_house_lnp_DC24_luc_valid_contrastive_L', 0.249), ('in_house_lnp_DC24_luc_valid_agg_rmse', 5.3998), ('bsz', 312.0), ('num_updates', 13388)])
2026-04-17 00:15:15 | INFO | unicore_cli.train | averaging ['in_house_lnp_B16F10_luc_valid_spearmanr_coeff', 'in_house_lnp_DC24_luc_valid_spearmanr_coeff'] for valid_spearmanr_coeff
2026-04-17 00:15:15 | INFO | unimol.core.checkpoint_utils | Preparing to save checkpoint for epoch 98 @ 13388 updates
2026-04-17 00:15:15 | INFO | unimol.core.trainer | Saving checkpoint to ./tmp_save_demo/save_InfoMax_Run/checkpoint98.pt
2026-04-17 00:15:16 | INFO | unimol.core.trainer | Finished saving checkpoint to ./tmp_save_demo/save_InfoMax_Run/checkpoint98.pt
2026-04-17 00:15:16 | INFO | unimol.core.checkpoint_utils | Saved checkpoint ./tmp_save_demo/save_InfoMax_Run/checkpoint98.pt (epoch 98 @ 13388 updates, score 0.9059999999999999) (writing took 0.9401241979794577 seconds)
2026-04-17 00:15:16 | INFO | unimol.core.checkpoint_utils | copy ./tmp_save_demo/save_InfoMax_Run/checkpoint98.pt to ./save_demo/save_InfoMax_Run/checkpoint98.pt
2026-04-17 00:15:16 | INFO | unicore_cli.train | end of epoch 98 (average epoch stats below)
2026-04-17 00:15:16 | INFO | train | epoch 098 | loss 0.045 | loss_in_house_lnp_B16F10_luc 0.025 | loss_in_house_lnp_DC24_luc 0.016 | ups 6.97 | bsz 15.9 | num_updates 13388 | lr 5.47795e-05 | gnorm 11.884 | clip 99.3 | loss_scale 16 | train_wall 15.4 | epoch_itr_sz 137 | gb_free 76 | wall 1921
2026-04-17 00:15:16 | INFO | unimol.core.tasks.unicore_task | get EpochBatchIterator for epoch 99
2026-04-17 00:15:16 | INFO | unimol.core.trainer | begin training epoch 99
2026-04-17 00:15:16 | INFO | unicore_cli.train | Start iterating over samples
2026-04-17 00:15:17 | INFO | unimol.core.checkpoint_utils | copy ./tmp_save_demo/save_InfoMax_Run/checkpoint98.pt to ./save_demo/save_InfoMax_Run/checkpoint_last.pt
2026-04-17 00:15:18 | INFO | unimol.core.checkpoint_utils | removing temp file ./tmp_save_demo/save_InfoMax_Run/checkpoint98.pt ...
2026-04-17 00:15:18 | INFO | unimol.core.checkpoint_utils | removed ./save_demo/save_InfoMax_Run/checkpoint88.pt
2026-04-17 00:15:18 | INFO | unimol.core.checkpoint_utils | finished async ckp saving.
2026-04-17 00:15:18 | INFO | train_inner | epoch 099:     12 / 137 loss=0.045, loss_in_house_lnp_B16F10_luc=0.024, loss_in_house_lnp_DC24_luc=0.016, ups=6.71, bsz=15.8, num_updates=13400, lr=5.47333e-05, gnorm=12.304, clip=99, loss_scale=16, train_wall=11.15, gb_free=76, wall=1923
2026-04-17 00:15:30 | INFO | train_inner | epoch 099:    112 / 137 loss=0.046, loss_in_house_lnp_B16F10_luc=0.025, loss_in_house_lnp_DC24_luc=0.016, ups=8.85, bsz=16, num_updates=13500, lr=5.43478e-05, gnorm=12.531, clip=100, loss_scale=16, train_wall=11.06, gb_free=76, wall=1934
2026-04-17 00:15:32 | INFO | unicore_cli.train | begin validation on "valid" subset
2026-04-17 00:15:32 | INFO | unimol.core.tasks.unicore_task | get EpochBatchIterator for epoch 1
reduce_metrics, task_name:  in_house_lnp_B16F10_luc
reduce_metrics, task_name:  in_house_lnp_DC24_luc
get_valid_stats stats:  OrderedDict([('loss', 0.059), ('loss_in_house_lnp_B16F10_luc', 0.033), ('loss_in_house_lnp_DC24_luc', 0.026), ('in_house_lnp_B16F10_luc_valid_spearmanr_coeff', 0.873), ('in_house_lnp_B16F10_luc_valid_spearmanr_p_val', 0.0), ('in_house_lnp_B16F10_luc_valid_pearsonr_coeff', 0.842), ('in_house_lnp_B16F10_luc_valid_pearsonr_p_val', 0.0), ('in_house_lnp_B16F10_luc_valid_mae', 2.728), ('in_house_lnp_B16F10_luc_valid_mse', 10.878), ('in_house_lnp_B16F10_luc_valid_agg_mae', 2.728), ('in_house_lnp_B16F10_luc_valid_agg_mse', 10.878), ('in_house_lnp_B16F10_luc_valid_contrastive_L', 0.374), ('in_house_lnp_B16F10_luc_valid_agg_rmse', 3.2982), ('in_house_lnp_DC24_luc_valid_spearmanr_coeff', 0.943), ('in_house_lnp_DC24_luc_valid_spearmanr_p_val', 0.0), ('in_house_lnp_DC24_luc_valid_pearsonr_coeff', 0.932), ('in_house_lnp_DC24_luc_valid_pearsonr_p_val', 0.0), ('in_house_lnp_DC24_luc_valid_mae', 4.737), ('in_house_lnp_DC24_luc_valid_mse', 29.999), ('in_house_lnp_DC24_luc_valid_agg_mae', 4.737), ('in_house_lnp_DC24_luc_valid_agg_mse', 29.999), ('in_house_lnp_DC24_luc_valid_contrastive_L', 0.261), ('in_house_lnp_DC24_luc_valid_agg_rmse', 5.4772), ('bsz', 312.0), ('num_updates', 13525)])
2026-04-17 00:15:34 | INFO | valid | epoch 099 | valid on 'valid' subset | loss 0.059 | loss_in_house_lnp_B16F10_luc 0.033 | loss_in_house_lnp_DC24_luc 0.026 | in_house_lnp_B16F10_luc_valid_spearmanr_coeff 0.873 | in_house_lnp_B16F10_luc_valid_spearmanr_p_val 0 | in_house_lnp_B16F10_luc_valid_pearsonr_coeff 0.842 | in_house_lnp_B16F10_luc_valid_pearsonr_p_val 0 | in_house_lnp_B16F10_luc_valid_mae 2.728 | in_house_lnp_B16F10_luc_valid_mse 10.878 | in_house_lnp_B16F10_luc_valid_agg_mae 2.728 | in_house_lnp_B16F10_luc_valid_agg_mse 10.878 | in_house_lnp_B16F10_luc_valid_contrastive_L 0.374 | in_house_lnp_B16F10_luc_valid_agg_rmse 3.2982 | in_house_lnp_DC24_luc_valid_spearmanr_coeff 0.943 | in_house_lnp_DC24_luc_valid_spearmanr_p_val 0 | in_house_lnp_DC24_luc_valid_pearsonr_coeff 0.932 | in_house_lnp_DC24_luc_valid_pearsonr_p_val 0 | in_house_lnp_DC24_luc_valid_mae 4.737 | in_house_lnp_DC24_luc_valid_mse 29.999 | in_house_lnp_DC24_luc_valid_agg_mae 4.737 | in_house_lnp_DC24_luc_valid_agg_mse 29.999 | in_house_lnp_DC24_luc_valid_contrastive_L 0.261 | in_house_lnp_DC24_luc_valid_agg_rmse 5.4772 | bsz 312 | num_updates 13525
validate stats:  OrderedDict([('loss', 0.059), ('loss_in_house_lnp_B16F10_luc', 0.033), ('loss_in_house_lnp_DC24_luc', 0.026), ('in_house_lnp_B16F10_luc_valid_spearmanr_coeff', 0.873), ('in_house_lnp_B16F10_luc_valid_spearmanr_p_val', 0.0), ('in_house_lnp_B16F10_luc_valid_pearsonr_coeff', 0.842), ('in_house_lnp_B16F10_luc_valid_pearsonr_p_val', 0.0), ('in_house_lnp_B16F10_luc_valid_mae', 2.728), ('in_house_lnp_B16F10_luc_valid_mse', 10.878), ('in_house_lnp_B16F10_luc_valid_agg_mae', 2.728), ('in_house_lnp_B16F10_luc_valid_agg_mse', 10.878), ('in_house_lnp_B16F10_luc_valid_contrastive_L', 0.374), ('in_house_lnp_B16F10_luc_valid_agg_rmse', 3.2982), ('in_house_lnp_DC24_luc_valid_spearmanr_coeff', 0.943), ('in_house_lnp_DC24_luc_valid_spearmanr_p_val', 0.0), ('in_house_lnp_DC24_luc_valid_pearsonr_coeff', 0.932), ('in_house_lnp_DC24_luc_valid_pearsonr_p_val', 0.0), ('in_house_lnp_DC24_luc_valid_mae', 4.737), ('in_house_lnp_DC24_luc_valid_mse', 29.999), ('in_house_lnp_DC24_luc_valid_agg_mae', 4.737), ('in_house_lnp_DC24_luc_valid_agg_mse', 29.999), ('in_house_lnp_DC24_luc_valid_contrastive_L', 0.261), ('in_house_lnp_DC24_luc_valid_agg_rmse', 5.4772), ('bsz', 312.0), ('num_updates', 13525)])
2026-04-17 00:15:34 | INFO | unicore_cli.train | averaging ['in_house_lnp_B16F10_luc_valid_spearmanr_coeff', 'in_house_lnp_DC24_luc_valid_spearmanr_coeff'] for valid_spearmanr_coeff
2026-04-17 00:15:34 | INFO | unimol.core.checkpoint_utils | Preparing to save checkpoint for epoch 99 @ 13525 updates
2026-04-17 00:15:34 | INFO | unimol.core.trainer | Saving checkpoint to ./tmp_save_demo/save_InfoMax_Run/checkpoint99.pt
2026-04-17 00:15:35 | INFO | unimol.core.trainer | Finished saving checkpoint to ./tmp_save_demo/save_InfoMax_Run/checkpoint99.pt
2026-04-17 00:15:35 | INFO | unimol.core.checkpoint_utils | Saved checkpoint ./tmp_save_demo/save_InfoMax_Run/checkpoint99.pt (epoch 99 @ 13525 updates, score 0.9079999999999999) (writing took 0.848153774975799 seconds)
2026-04-17 00:15:35 | INFO | unicore_cli.train | end of epoch 99 (average epoch stats below)
2026-04-17 00:15:35 | INFO | unimol.core.checkpoint_utils | copy ./tmp_save_demo/save_InfoMax_Run/checkpoint99.pt to ./save_demo/save_InfoMax_Run/checkpoint99.pt
2026-04-17 00:15:35 | INFO | train | epoch 099 | loss 0.047 | loss_in_house_lnp_B16F10_luc 0.025 | loss_in_house_lnp_DC24_luc 0.016 | ups 7.18 | bsz 15.9 | num_updates 13525 | lr 5.42515e-05 | gnorm 12.247 | clip 100 | loss_scale 32 | train_wall 15.3 | epoch_itr_sz 137 | gb_free 76 | wall 1940
2026-04-17 00:15:35 | INFO | unimol.core.tasks.unicore_task | get EpochBatchIterator for epoch 100
2026-04-17 00:15:35 | INFO | unimol.core.trainer | begin training epoch 100
2026-04-17 00:15:35 | INFO | unicore_cli.train | Start iterating over samples
2026-04-17 00:15:36 | INFO | unimol.core.checkpoint_utils | copy ./tmp_save_demo/save_InfoMax_Run/checkpoint99.pt to ./save_demo/save_InfoMax_Run/checkpoint_last.pt
2026-04-17 00:15:37 | INFO | unimol.core.checkpoint_utils | removing temp file ./tmp_save_demo/save_InfoMax_Run/checkpoint99.pt ...
2026-04-17 00:15:37 | INFO | unimol.core.checkpoint_utils | removed ./save_demo/save_InfoMax_Run/checkpoint89.pt
2026-04-17 00:15:37 | INFO | unimol.core.checkpoint_utils | finished async ckp saving.
2026-04-17 00:15:45 | INFO | train_inner | epoch 100:     75 / 137 loss=0.047, loss_in_house_lnp_B16F10_luc=0.025, loss_in_house_lnp_DC24_luc=0.016, ups=6.61, bsz=16, num_updates=13600, lr=5.39624e-05, gnorm=11.247, clip=100, loss_scale=32, train_wall=11.27, gb_free=76, wall=1950
2026-04-17 00:15:51 | INFO | unicore_cli.train | begin validation on "valid" subset
2026-04-17 00:15:51 | INFO | unimol.core.tasks.unicore_task | get EpochBatchIterator for epoch 1
reduce_metrics, task_name:  in_house_lnp_B16F10_luc
reduce_metrics, task_name:  in_house_lnp_DC24_luc
get_valid_stats stats:  OrderedDict([('loss', 0.061), ('loss_in_house_lnp_B16F10_luc', 0.034), ('loss_in_house_lnp_DC24_luc', 0.027), ('in_house_lnp_B16F10_luc_valid_spearmanr_coeff', 0.87), ('in_house_lnp_B16F10_luc_valid_spearmanr_p_val', 0.0), ('in_house_lnp_B16F10_luc_valid_pearsonr_coeff', 0.837), ('in_house_lnp_B16F10_luc_valid_pearsonr_p_val', 0.0), ('in_house_lnp_B16F10_luc_valid_mae', 2.951), ('in_house_lnp_B16F10_luc_valid_mse', 12.421), ('in_house_lnp_B16F10_luc_valid_agg_mae', 2.951), ('in_house_lnp_B16F10_luc_valid_agg_mse', 12.421), ('in_house_lnp_B16F10_luc_valid_contrastive_L', 0.385), ('in_house_lnp_B16F10_luc_valid_agg_rmse', 3.5243), ('in_house_lnp_DC24_luc_valid_spearmanr_coeff', 0.941), ('in_house_lnp_DC24_luc_valid_spearmanr_p_val', 0.0), ('in_house_lnp_DC24_luc_valid_pearsonr_coeff', 0.929), ('in_house_lnp_DC24_luc_valid_pearsonr_p_val', 0.0), ('in_house_lnp_DC24_luc_valid_mae', 4.774), ('in_house_lnp_DC24_luc_valid_mse', 30.219), ('in_house_lnp_DC24_luc_valid_agg_mae', 4.774), ('in_house_lnp_DC24_luc_valid_agg_mse', 30.219), ('in_house_lnp_DC24_luc_valid_contrastive_L', 0.266), ('in_house_lnp_DC24_luc_valid_agg_rmse', 5.4971), ('bsz', 312.0), ('num_updates', 13662)])
2026-04-17 00:15:53 | INFO | valid | epoch 100 | valid on 'valid' subset | loss 0.061 | loss_in_house_lnp_B16F10_luc 0.034 | loss_in_house_lnp_DC24_luc 0.027 | in_house_lnp_B16F10_luc_valid_spearmanr_coeff 0.87 | in_house_lnp_B16F10_luc_valid_spearmanr_p_val 0 | in_house_lnp_B16F10_luc_valid_pearsonr_coeff 0.837 | in_house_lnp_B16F10_luc_valid_pearsonr_p_val 0 | in_house_lnp_B16F10_luc_valid_mae 2.951 | in_house_lnp_B16F10_luc_valid_mse 12.421 | in_house_lnp_B16F10_luc_valid_agg_mae 2.951 | in_house_lnp_B16F10_luc_valid_agg_mse 12.421 | in_house_lnp_B16F10_luc_valid_contrastive_L 0.385 | in_house_lnp_B16F10_luc_valid_agg_rmse 3.5243 | in_house_lnp_DC24_luc_valid_spearmanr_coeff 0.941 | in_house_lnp_DC24_luc_valid_spearmanr_p_val 0 | in_house_lnp_DC24_luc_valid_pearsonr_coeff 0.929 | in_house_lnp_DC24_luc_valid_pearsonr_p_val 0 | in_house_lnp_DC24_luc_valid_mae 4.774 | in_house_lnp_DC24_luc_valid_mse 30.219 | in_house_lnp_DC24_luc_valid_agg_mae 4.774 | in_house_lnp_DC24_luc_valid_agg_mse 30.219 | in_house_lnp_DC24_luc_valid_contrastive_L 0.266 | in_house_lnp_DC24_luc_valid_agg_rmse 5.4971 | bsz 312 | num_updates 13662
validate stats:  OrderedDict([('loss', 0.061), ('loss_in_house_lnp_B16F10_luc', 0.034), ('loss_in_house_lnp_DC24_luc', 0.027), ('in_house_lnp_B16F10_luc_valid_spearmanr_coeff', 0.87), ('in_house_lnp_B16F10_luc_valid_spearmanr_p_val', 0.0), ('in_house_lnp_B16F10_luc_valid_pearsonr_coeff', 0.837), ('in_house_lnp_B16F10_luc_valid_pearsonr_p_val', 0.0), ('in_house_lnp_B16F10_luc_valid_mae', 2.951), ('in_house_lnp_B16F10_luc_valid_mse', 12.421), ('in_house_lnp_B16F10_luc_valid_agg_mae', 2.951), ('in_house_lnp_B16F10_luc_valid_agg_mse', 12.421), ('in_house_lnp_B16F10_luc_valid_contrastive_L', 0.385), ('in_house_lnp_B16F10_luc_valid_agg_rmse', 3.5243), ('in_house_lnp_DC24_luc_valid_spearmanr_coeff', 0.941), ('in_house_lnp_DC24_luc_valid_spearmanr_p_val', 0.0), ('in_house_lnp_DC24_luc_valid_pearsonr_coeff', 0.929), ('in_house_lnp_DC24_luc_valid_pearsonr_p_val', 0.0), ('in_house_lnp_DC24_luc_valid_mae', 4.774), ('in_house_lnp_DC24_luc_valid_mse', 30.219), ('in_house_lnp_DC24_luc_valid_agg_mae', 4.774), ('in_house_lnp_DC24_luc_valid_agg_mse', 30.219), ('in_house_lnp_DC24_luc_valid_contrastive_L', 0.266), ('in_house_lnp_DC24_luc_valid_agg_rmse', 5.4971), ('bsz', 312.0), ('num_updates', 13662)])
2026-04-17 00:15:53 | INFO | unicore_cli.train | averaging ['in_house_lnp_B16F10_luc_valid_spearmanr_coeff', 'in_house_lnp_DC24_luc_valid_spearmanr_coeff'] for valid_spearmanr_coeff
2026-04-17 00:15:53 | INFO | unimol.core.checkpoint_utils | Preparing to save checkpoint for epoch 100 @ 13662 updates
2026-04-17 00:15:53 | INFO | unimol.core.trainer | Saving checkpoint to ./tmp_save_demo/save_InfoMax_Run/checkpoint100.pt
2026-04-17 00:15:54 | INFO | unimol.core.trainer | Finished saving checkpoint to ./tmp_save_demo/save_InfoMax_Run/checkpoint100.pt
2026-04-17 00:15:54 | INFO | unimol.core.checkpoint_utils | Saved checkpoint ./tmp_save_demo/save_InfoMax_Run/checkpoint100.pt (epoch 100 @ 13662 updates, score 0.9055) (writing took 0.8078663690248504 seconds)
2026-04-17 00:15:54 | INFO | unimol.core.checkpoint_utils | copy ./tmp_save_demo/save_InfoMax_Run/checkpoint100.pt to ./save_demo/save_InfoMax_Run/checkpoint100.pt
2026-04-17 00:15:54 | INFO | unicore_cli.train | end of epoch 100 (average epoch stats below)
2026-04-17 00:15:54 | INFO | train | epoch 100 | loss 0.046 | loss_in_house_lnp_B16F10_luc 0.025 | loss_in_house_lnp_DC24_luc 0.016 | ups 7.05 | bsz 15.9 | num_updates 13662 | lr 5.37234e-05 | gnorm 13.303 | clip 100 | loss_scale 32 | train_wall 15.3 | epoch_itr_sz 137 | gb_free 76 | wall 1959
2026-04-17 00:15:54 | INFO | unimol.core.tasks.unicore_task | get EpochBatchIterator for epoch 101
2026-04-17 00:15:54 | INFO | unimol.core.trainer | begin training epoch 101
2026-04-17 00:15:54 | INFO | unicore_cli.train | Start iterating over samples
2026-04-17 00:15:56 | INFO | unimol.core.checkpoint_utils | copy ./tmp_save_demo/save_InfoMax_Run/checkpoint100.pt to ./save_demo/save_InfoMax_Run/checkpoint_last.pt
2026-04-17 00:15:56 | INFO | unimol.core.checkpoint_utils | removing temp file ./tmp_save_demo/save_InfoMax_Run/checkpoint100.pt ...
2026-04-17 00:15:56 | INFO | unimol.core.checkpoint_utils | removed ./save_demo/save_InfoMax_Run/checkpoint90.pt
2026-04-17 00:15:56 | INFO | unimol.core.checkpoint_utils | finished async ckp saving.
2026-04-17 00:16:00 | INFO | train_inner | epoch 101:     38 / 137 loss=0.046, loss_in_house_lnp_B16F10_luc=0.025, loss_in_house_lnp_DC24_luc=0.016, ups=6.64, bsz=15.9, num_updates=13700, lr=5.35769e-05, gnorm=14.089, clip=100, loss_scale=32, train_wall=11.12, gb_free=76, wall=1965
2026-04-17 00:16:09 | INFO | unimol.core.trainer | NOTE: gradient overflow detected, ignoring gradient, setting loss scale to: 32.0
2026-04-17 00:16:11 | INFO | unicore_cli.train | begin validation on "valid" subset
2026-04-17 00:16:11 | INFO | unimol.core.tasks.unicore_task | get EpochBatchIterator for epoch 1
reduce_metrics, task_name:  in_house_lnp_B16F10_luc
reduce_metrics, task_name:  in_house_lnp_DC24_luc
get_valid_stats stats:  OrderedDict([('loss', 0.059), ('loss_in_house_lnp_B16F10_luc', 0.034), ('loss_in_house_lnp_DC24_luc', 0.025), ('in_house_lnp_B16F10_luc_valid_spearmanr_coeff', 0.868), ('in_house_lnp_B16F10_luc_valid_spearmanr_p_val', 0.0), ('in_house_lnp_B16F10_luc_valid_pearsonr_coeff', 0.836), ('in_house_lnp_B16F10_luc_valid_pearsonr_p_val', 0.0), ('in_house_lnp_B16F10_luc_valid_mae', 3.01), ('in_house_lnp_B16F10_luc_valid_mse', 13.32), ('in_house_lnp_B16F10_luc_valid_agg_mae', 3.01), ('in_house_lnp_B16F10_luc_valid_agg_mse', 13.32), ('in_house_lnp_B16F10_luc_valid_contrastive_L', 0.392), ('in_house_lnp_B16F10_luc_valid_agg_rmse', 3.6496), ('in_house_lnp_DC24_luc_valid_spearmanr_coeff', 0.946), ('in_house_lnp_DC24_luc_valid_spearmanr_p_val', 0.0), ('in_house_lnp_DC24_luc_valid_pearsonr_coeff', 0.937), ('in_house_lnp_DC24_luc_valid_pearsonr_p_val', 0.0), ('in_house_lnp_DC24_luc_valid_mae', 5.091), ('in_house_lnp_DC24_luc_valid_mse', 34.045), ('in_house_lnp_DC24_luc_valid_agg_mae', 5.091), ('in_house_lnp_DC24_luc_valid_agg_mse', 34.045), ('in_house_lnp_DC24_luc_valid_contrastive_L', 0.253), ('in_house_lnp_DC24_luc_valid_agg_rmse', 5.8348), ('bsz', 312.0), ('num_updates', 13798)])
2026-04-17 00:16:12 | INFO | valid | epoch 101 | valid on 'valid' subset | loss 0.059 | loss_in_house_lnp_B16F10_luc 0.034 | loss_in_house_lnp_DC24_luc 0.025 | in_house_lnp_B16F10_luc_valid_spearmanr_coeff 0.868 | in_house_lnp_B16F10_luc_valid_spearmanr_p_val 0 | in_house_lnp_B16F10_luc_valid_pearsonr_coeff 0.836 | in_house_lnp_B16F10_luc_valid_pearsonr_p_val 0 | in_house_lnp_B16F10_luc_valid_mae 3.01 | in_house_lnp_B16F10_luc_valid_mse 13.32 | in_house_lnp_B16F10_luc_valid_agg_mae 3.01 | in_house_lnp_B16F10_luc_valid_agg_mse 13.32 | in_house_lnp_B16F10_luc_valid_contrastive_L 0.392 | in_house_lnp_B16F10_luc_valid_agg_rmse 3.6496 | in_house_lnp_DC24_luc_valid_spearmanr_coeff 0.946 | in_house_lnp_DC24_luc_valid_spearmanr_p_val 0 | in_house_lnp_DC24_luc_valid_pearsonr_coeff 0.937 | in_house_lnp_DC24_luc_valid_pearsonr_p_val 0 | in_house_lnp_DC24_luc_valid_mae 5.091 | in_house_lnp_DC24_luc_valid_mse 34.045 | in_house_lnp_DC24_luc_valid_agg_mae 5.091 | in_house_lnp_DC24_luc_valid_agg_mse 34.045 | in_house_lnp_DC24_luc_valid_contrastive_L 0.253 | in_house_lnp_DC24_luc_valid_agg_rmse 5.8348 | bsz 312 | num_updates 13798
validate stats:  OrderedDict([('loss', 0.059), ('loss_in_house_lnp_B16F10_luc', 0.034), ('loss_in_house_lnp_DC24_luc', 0.025), ('in_house_lnp_B16F10_luc_valid_spearmanr_coeff', 0.868), ('in_house_lnp_B16F10_luc_valid_spearmanr_p_val', 0.0), ('in_house_lnp_B16F10_luc_valid_pearsonr_coeff', 0.836), ('in_house_lnp_B16F10_luc_valid_pearsonr_p_val', 0.0), ('in_house_lnp_B16F10_luc_valid_mae', 3.01), ('in_house_lnp_B16F10_luc_valid_mse', 13.32), ('in_house_lnp_B16F10_luc_valid_agg_mae', 3.01), ('in_house_lnp_B16F10_luc_valid_agg_mse', 13.32), ('in_house_lnp_B16F10_luc_valid_contrastive_L', 0.392), ('in_house_lnp_B16F10_luc_valid_agg_rmse', 3.6496), ('in_house_lnp_DC24_luc_valid_spearmanr_coeff', 0.946), ('in_house_lnp_DC24_luc_valid_spearmanr_p_val', 0.0), ('in_house_lnp_DC24_luc_valid_pearsonr_coeff', 0.937), ('in_house_lnp_DC24_luc_valid_pearsonr_p_val', 0.0), ('in_house_lnp_DC24_luc_valid_mae', 5.091), ('in_house_lnp_DC24_luc_valid_mse', 34.045), ('in_house_lnp_DC24_luc_valid_agg_mae', 5.091), ('in_house_lnp_DC24_luc_valid_agg_mse', 34.045), ('in_house_lnp_DC24_luc_valid_contrastive_L', 0.253), ('in_house_lnp_DC24_luc_valid_agg_rmse', 5.8348), ('bsz', 312.0), ('num_updates', 13798)])
2026-04-17 00:16:12 | INFO | unicore_cli.train | averaging ['in_house_lnp_B16F10_luc_valid_spearmanr_coeff', 'in_house_lnp_DC24_luc_valid_spearmanr_coeff'] for valid_spearmanr_coeff
2026-04-17 00:16:12 | INFO | unimol.core.checkpoint_utils | Preparing to save checkpoint for epoch 101 @ 13798 updates
2026-04-17 00:16:12 | INFO | unimol.core.trainer | Saving checkpoint to ./tmp_save_demo/save_InfoMax_Run/checkpoint101.pt
2026-04-17 00:16:13 | INFO | unimol.core.trainer | Finished saving checkpoint to ./tmp_save_demo/save_InfoMax_Run/checkpoint101.pt
2026-04-17 00:16:13 | INFO | unimol.core.checkpoint_utils | Saved checkpoint ./tmp_save_demo/save_InfoMax_Run/checkpoint101.pt (epoch 101 @ 13798 updates, score 0.907) (writing took 0.8529999350430444 seconds)
2026-04-17 00:16:13 | INFO | unimol.core.checkpoint_utils | copy ./tmp_save_demo/save_InfoMax_Run/checkpoint101.pt to ./save_demo/save_InfoMax_Run/checkpoint101.pt
2026-04-17 00:16:13 | INFO | unicore_cli.train | end of epoch 101 (average epoch stats below)
2026-04-17 00:16:13 | INFO | train | epoch 101 | loss 0.046 | loss_in_house_lnp_B16F10_luc 0.025 | loss_in_house_lnp_DC24_luc 0.016 | ups 7.13 | bsz 15.9 | num_updates 13798 | lr 5.31992e-05 | gnorm 12.393 | clip 99.3 | loss_scale 32 | train_wall 15.32 | epoch_itr_sz 137 | gb_free 76 | wall 1978
2026-04-17 00:16:13 | INFO | unimol.core.tasks.unicore_task | get EpochBatchIterator for epoch 102
2026-04-17 00:16:13 | INFO | unimol.core.trainer | begin training epoch 102
2026-04-17 00:16:13 | INFO | unicore_cli.train | Start iterating over samples
2026-04-17 00:16:15 | INFO | train_inner | epoch 102:      2 / 137 loss=0.045, loss_in_house_lnp_B16F10_luc=0.024, loss_in_house_lnp_DC24_luc=0.015, ups=6.66, bsz=15.9, num_updates=13800, lr=5.31915e-05, gnorm=11.932, clip=99, loss_scale=32, train_wall=11.3, gb_free=76, wall=1980
2026-04-17 00:16:15 | INFO | unimol.core.checkpoint_utils | copy ./tmp_save_demo/save_InfoMax_Run/checkpoint101.pt to ./save_demo/save_InfoMax_Run/checkpoint_last.pt
2026-04-17 00:16:15 | INFO | unimol.core.checkpoint_utils | removing temp file ./tmp_save_demo/save_InfoMax_Run/checkpoint101.pt ...
2026-04-17 00:16:15 | INFO | unimol.core.checkpoint_utils | removed ./save_demo/save_InfoMax_Run/checkpoint91.pt
2026-04-17 00:16:15 | INFO | unimol.core.checkpoint_utils | finished async ckp saving.
2026-04-17 00:16:26 | INFO | train_inner | epoch 102:    102 / 137 loss=0.045, loss_in_house_lnp_B16F10_luc=0.025, loss_in_house_lnp_DC24_luc=0.015, ups=8.66, bsz=15.9, num_updates=13900, lr=5.2806e-05, gnorm=10.079, clip=100, loss_scale=32, train_wall=11.3, gb_free=76, wall=1991
2026-04-17 00:16:30 | INFO | unicore_cli.train | begin validation on "valid" subset
2026-04-17 00:16:30 | INFO | unimol.core.tasks.unicore_task | get EpochBatchIterator for epoch 1
reduce_metrics, task_name:  in_house_lnp_B16F10_luc
reduce_metrics, task_name:  in_house_lnp_DC24_luc
get_valid_stats stats:  OrderedDict([('loss', 0.059), ('loss_in_house_lnp_B16F10_luc', 0.034), ('loss_in_house_lnp_DC24_luc', 0.025), ('in_house_lnp_B16F10_luc_valid_spearmanr_coeff', 0.865), ('in_house_lnp_B16F10_luc_valid_spearmanr_p_val', 0.0), ('in_house_lnp_B16F10_luc_valid_pearsonr_coeff', 0.839), ('in_house_lnp_B16F10_luc_valid_pearsonr_p_val', 0.0), ('in_house_lnp_B16F10_luc_valid_mae', 2.785), ('in_house_lnp_B16F10_luc_valid_mse', 11.305), ('in_house_lnp_B16F10_luc_valid_agg_mae', 2.785), ('in_house_lnp_B16F10_luc_valid_agg_mse', 11.305), ('in_house_lnp_B16F10_luc_valid_contrastive_L', 0.387), ('in_house_lnp_B16F10_luc_valid_agg_rmse', 3.3624), ('in_house_lnp_DC24_luc_valid_spearmanr_coeff', 0.947), ('in_house_lnp_DC24_luc_valid_spearmanr_p_val', 0.0), ('in_house_lnp_DC24_luc_valid_pearsonr_coeff', 0.941), ('in_house_lnp_DC24_luc_valid_pearsonr_p_val', 0.0), ('in_house_lnp_DC24_luc_valid_mae', 4.773), ('in_house_lnp_DC24_luc_valid_mse', 30.7), ('in_house_lnp_DC24_luc_valid_agg_mae', 4.773), ('in_house_lnp_DC24_luc_valid_agg_mse', 30.7), ('in_house_lnp_DC24_luc_valid_contrastive_L', 0.246), ('in_house_lnp_DC24_luc_valid_agg_rmse', 5.5408), ('bsz', 312.0), ('num_updates', 13935)])
2026-04-17 00:16:32 | INFO | valid | epoch 102 | valid on 'valid' subset | loss 0.059 | loss_in_house_lnp_B16F10_luc 0.034 | loss_in_house_lnp_DC24_luc 0.025 | in_house_lnp_B16F10_luc_valid_spearmanr_coeff 0.865 | in_house_lnp_B16F10_luc_valid_spearmanr_p_val 0 | in_house_lnp_B16F10_luc_valid_pearsonr_coeff 0.839 | in_house_lnp_B16F10_luc_valid_pearsonr_p_val 0 | in_house_lnp_B16F10_luc_valid_mae 2.785 | in_house_lnp_B16F10_luc_valid_mse 11.305 | in_house_lnp_B16F10_luc_valid_agg_mae 2.785 | in_house_lnp_B16F10_luc_valid_agg_mse 11.305 | in_house_lnp_B16F10_luc_valid_contrastive_L 0.387 | in_house_lnp_B16F10_luc_valid_agg_rmse 3.3624 | in_house_lnp_DC24_luc_valid_spearmanr_coeff 0.947 | in_house_lnp_DC24_luc_valid_spearmanr_p_val 0 | in_house_lnp_DC24_luc_valid_pearsonr_coeff 0.941 | in_house_lnp_DC24_luc_valid_pearsonr_p_val 0 | in_house_lnp_DC24_luc_valid_mae 4.773 | in_house_lnp_DC24_luc_valid_mse 30.7 | in_house_lnp_DC24_luc_valid_agg_mae 4.773 | in_house_lnp_DC24_luc_valid_agg_mse 30.7 | in_house_lnp_DC24_luc_valid_contrastive_L 0.246 | in_house_lnp_DC24_luc_valid_agg_rmse 5.5408 | bsz 312 | num_updates 13935
validate stats:  OrderedDict([('loss', 0.059), ('loss_in_house_lnp_B16F10_luc', 0.034), ('loss_in_house_lnp_DC24_luc', 0.025), ('in_house_lnp_B16F10_luc_valid_spearmanr_coeff', 0.865), ('in_house_lnp_B16F10_luc_valid_spearmanr_p_val', 0.0), ('in_house_lnp_B16F10_luc_valid_pearsonr_coeff', 0.839), ('in_house_lnp_B16F10_luc_valid_pearsonr_p_val', 0.0), ('in_house_lnp_B16F10_luc_valid_mae', 2.785), ('in_house_lnp_B16F10_luc_valid_mse', 11.305), ('in_house_lnp_B16F10_luc_valid_agg_mae', 2.785), ('in_house_lnp_B16F10_luc_valid_agg_mse', 11.305), ('in_house_lnp_B16F10_luc_valid_contrastive_L', 0.387), ('in_house_lnp_B16F10_luc_valid_agg_rmse', 3.3624), ('in_house_lnp_DC24_luc_valid_spearmanr_coeff', 0.947), ('in_house_lnp_DC24_luc_valid_spearmanr_p_val', 0.0), ('in_house_lnp_DC24_luc_valid_pearsonr_coeff', 0.941), ('in_house_lnp_DC24_luc_valid_pearsonr_p_val', 0.0), ('in_house_lnp_DC24_luc_valid_mae', 4.773), ('in_house_lnp_DC24_luc_valid_mse', 30.7), ('in_house_lnp_DC24_luc_valid_agg_mae', 4.773), ('in_house_lnp_DC24_luc_valid_agg_mse', 30.7), ('in_house_lnp_DC24_luc_valid_contrastive_L', 0.246), ('in_house_lnp_DC24_luc_valid_agg_rmse', 5.5408), ('bsz', 312.0), ('num_updates', 13935)])
2026-04-17 00:16:32 | INFO | unicore_cli.train | averaging ['in_house_lnp_B16F10_luc_valid_spearmanr_coeff', 'in_house_lnp_DC24_luc_valid_spearmanr_coeff'] for valid_spearmanr_coeff
2026-04-17 00:16:32 | INFO | unimol.core.checkpoint_utils | Preparing to save checkpoint for epoch 102 @ 13935 updates
2026-04-17 00:16:32 | INFO | unimol.core.trainer | Saving checkpoint to ./tmp_save_demo/save_InfoMax_Run/checkpoint102.pt
2026-04-17 00:16:33 | INFO | unimol.core.trainer | Finished saving checkpoint to ./tmp_save_demo/save_InfoMax_Run/checkpoint102.pt
2026-04-17 00:16:33 | INFO | unimol.core.checkpoint_utils | Saved checkpoint ./tmp_save_demo/save_InfoMax_Run/checkpoint102.pt (epoch 102 @ 13935 updates, score 0.9059999999999999) (writing took 0.9104631920345128 seconds)
2026-04-17 00:16:33 | INFO | unimol.core.checkpoint_utils | copy ./tmp_save_demo/save_InfoMax_Run/checkpoint102.pt to ./save_demo/save_InfoMax_Run/checkpoint102.pt
2026-04-17 00:16:33 | INFO | unicore_cli.train | end of epoch 102 (average epoch stats below)
2026-04-17 00:16:33 | INFO | train | epoch 102 | loss 0.045 | loss_in_house_lnp_B16F10_luc 0.025 | loss_in_house_lnp_DC24_luc 0.016 | ups 7.1 | bsz 15.9 | num_updates 13935 | lr 5.26711e-05 | gnorm 10.095 | clip 100 | loss_scale 32 | train_wall 15.4 | epoch_itr_sz 137 | gb_free 76 | wall 1997
2026-04-17 00:16:33 | INFO | unimol.core.tasks.unicore_task | get EpochBatchIterator for epoch 103
2026-04-17 00:16:33 | INFO | unimol.core.trainer | begin training epoch 103
2026-04-17 00:16:33 | INFO | unicore_cli.train | Start iterating over samples
2026-04-17 00:16:34 | INFO | unimol.core.checkpoint_utils | copy ./tmp_save_demo/save_InfoMax_Run/checkpoint102.pt to ./save_demo/save_InfoMax_Run/checkpoint_last.pt
2026-04-17 00:16:35 | INFO | unimol.core.checkpoint_utils | removing temp file ./tmp_save_demo/save_InfoMax_Run/checkpoint102.pt ...
2026-04-17 00:16:35 | INFO | unimol.core.checkpoint_utils | removed ./save_demo/save_InfoMax_Run/checkpoint92.pt
2026-04-17 00:16:35 | INFO | unimol.core.checkpoint_utils | finished async ckp saving.
2026-04-17 00:16:41 | INFO | train_inner | epoch 103:     65 / 137 loss=0.045, loss_in_house_lnp_B16F10_luc=0.024, loss_in_house_lnp_DC24_luc=0.016, ups=6.59, bsz=16, num_updates=14000, lr=5.24206e-05, gnorm=11.148, clip=100, loss_scale=32, train_wall=11.39, gb_free=76, wall=2006
2026-04-17 00:16:50 | INFO | unicore_cli.train | begin validation on "valid" subset
2026-04-17 00:16:50 | INFO | unimol.core.tasks.unicore_task | get EpochBatchIterator for epoch 1
reduce_metrics, task_name:  in_house_lnp_B16F10_luc
reduce_metrics, task_name:  in_house_lnp_DC24_luc
get_valid_stats stats:  OrderedDict([('loss', 0.06), ('loss_in_house_lnp_B16F10_luc', 0.034), ('loss_in_house_lnp_DC24_luc', 0.027), ('in_house_lnp_B16F10_luc_valid_spearmanr_coeff', 0.872), ('in_house_lnp_B16F10_luc_valid_spearmanr_p_val', 0.0), ('in_house_lnp_B16F10_luc_valid_pearsonr_coeff', 0.842), ('in_house_lnp_B16F10_luc_valid_pearsonr_p_val', 0.0), ('in_house_lnp_B16F10_luc_valid_mae', 2.945), ('in_house_lnp_B16F10_luc_valid_mse', 12.898), ('in_house_lnp_B16F10_luc_valid_agg_mae', 2.945), ('in_house_lnp_B16F10_luc_valid_agg_mse', 12.898), ('in_house_lnp_B16F10_luc_valid_contrastive_L', 0.384), ('in_house_lnp_B16F10_luc_valid_agg_rmse', 3.5914), ('in_house_lnp_DC24_luc_valid_spearmanr_coeff', 0.944), ('in_house_lnp_DC24_luc_valid_spearmanr_p_val', 0.0), ('in_house_lnp_DC24_luc_valid_pearsonr_coeff', 0.934), ('in_house_lnp_DC24_luc_valid_pearsonr_p_val', 0.0), ('in_house_lnp_DC24_luc_valid_mae', 4.921), ('in_house_lnp_DC24_luc_valid_mse', 32.332), ('in_house_lnp_DC24_luc_valid_agg_mae', 4.921), ('in_house_lnp_DC24_luc_valid_agg_mse', 32.332), ('in_house_lnp_DC24_luc_valid_contrastive_L', 0.263), ('in_house_lnp_DC24_luc_valid_agg_rmse', 5.6861), ('bsz', 312.0), ('num_updates', 14072)])
2026-04-17 00:16:51 | INFO | valid | epoch 103 | valid on 'valid' subset | loss 0.06 | loss_in_house_lnp_B16F10_luc 0.034 | loss_in_house_lnp_DC24_luc 0.027 | in_house_lnp_B16F10_luc_valid_spearmanr_coeff 0.872 | in_house_lnp_B16F10_luc_valid_spearmanr_p_val 0 | in_house_lnp_B16F10_luc_valid_pearsonr_coeff 0.842 | in_house_lnp_B16F10_luc_valid_pearsonr_p_val 0 | in_house_lnp_B16F10_luc_valid_mae 2.945 | in_house_lnp_B16F10_luc_valid_mse 12.898 | in_house_lnp_B16F10_luc_valid_agg_mae 2.945 | in_house_lnp_B16F10_luc_valid_agg_mse 12.898 | in_house_lnp_B16F10_luc_valid_contrastive_L 0.384 | in_house_lnp_B16F10_luc_valid_agg_rmse 3.5914 | in_house_lnp_DC24_luc_valid_spearmanr_coeff 0.944 | in_house_lnp_DC24_luc_valid_spearmanr_p_val 0 | in_house_lnp_DC24_luc_valid_pearsonr_coeff 0.934 | in_house_lnp_DC24_luc_valid_pearsonr_p_val 0 | in_house_lnp_DC24_luc_valid_mae 4.921 | in_house_lnp_DC24_luc_valid_mse 32.332 | in_house_lnp_DC24_luc_valid_agg_mae 4.921 | in_house_lnp_DC24_luc_valid_agg_mse 32.332 | in_house_lnp_DC24_luc_valid_contrastive_L 0.263 | in_house_lnp_DC24_luc_valid_agg_rmse 5.6861 | bsz 312 | num_updates 14072
validate stats:  OrderedDict([('loss', 0.06), ('loss_in_house_lnp_B16F10_luc', 0.034), ('loss_in_house_lnp_DC24_luc', 0.027), ('in_house_lnp_B16F10_luc_valid_spearmanr_coeff', 0.872), ('in_house_lnp_B16F10_luc_valid_spearmanr_p_val', 0.0), ('in_house_lnp_B16F10_luc_valid_pearsonr_coeff', 0.842), ('in_house_lnp_B16F10_luc_valid_pearsonr_p_val', 0.0), ('in_house_lnp_B16F10_luc_valid_mae', 2.945), ('in_house_lnp_B16F10_luc_valid_mse', 12.898), ('in_house_lnp_B16F10_luc_valid_agg_mae', 2.945), ('in_house_lnp_B16F10_luc_valid_agg_mse', 12.898), ('in_house_lnp_B16F10_luc_valid_contrastive_L', 0.384), ('in_house_lnp_B16F10_luc_valid_agg_rmse', 3.5914), ('in_house_lnp_DC24_luc_valid_spearmanr_coeff', 0.944), ('in_house_lnp_DC24_luc_valid_spearmanr_p_val', 0.0), ('in_house_lnp_DC24_luc_valid_pearsonr_coeff', 0.934), ('in_house_lnp_DC24_luc_valid_pearsonr_p_val', 0.0), ('in_house_lnp_DC24_luc_valid_mae', 4.921), ('in_house_lnp_DC24_luc_valid_mse', 32.332), ('in_house_lnp_DC24_luc_valid_agg_mae', 4.921), ('in_house_lnp_DC24_luc_valid_agg_mse', 32.332), ('in_house_lnp_DC24_luc_valid_contrastive_L', 0.263), ('in_house_lnp_DC24_luc_valid_agg_rmse', 5.6861), ('bsz', 312.0), ('num_updates', 14072)])
2026-04-17 00:16:51 | INFO | unicore_cli.train | averaging ['in_house_lnp_B16F10_luc_valid_spearmanr_coeff', 'in_house_lnp_DC24_luc_valid_spearmanr_coeff'] for valid_spearmanr_coeff
2026-04-17 00:16:51 | INFO | unimol.core.checkpoint_utils | Preparing to save checkpoint for epoch 103 @ 14072 updates
2026-04-17 00:16:51 | INFO | unimol.core.trainer | Saving checkpoint to ./tmp_save_demo/save_InfoMax_Run/checkpoint103.pt
2026-04-17 00:16:52 | INFO | unimol.core.trainer | Finished saving checkpoint to ./tmp_save_demo/save_InfoMax_Run/checkpoint103.pt
2026-04-17 00:16:52 | INFO | unimol.core.checkpoint_utils | Saved checkpoint ./tmp_save_demo/save_InfoMax_Run/checkpoint103.pt (epoch 103 @ 14072 updates, score 0.9079999999999999) (writing took 0.8212060279911384 seconds)
2026-04-17 00:16:52 | INFO | unimol.core.checkpoint_utils | copy ./tmp_save_demo/save_InfoMax_Run/checkpoint103.pt to ./save_demo/save_InfoMax_Run/checkpoint103.pt
2026-04-17 00:16:52 | INFO | unicore_cli.train | end of epoch 103 (average epoch stats below)
2026-04-17 00:16:52 | INFO | train | epoch 103 | loss 0.045 | loss_in_house_lnp_B16F10_luc 0.025 | loss_in_house_lnp_DC24_luc 0.016 | ups 7.03 | bsz 15.9 | num_updates 14072 | lr 5.21431e-05 | gnorm 13.275 | clip 100 | loss_scale 64 | train_wall 15.58 | epoch_itr_sz 137 | gb_free 76 | wall 2017
2026-04-17 00:16:52 | INFO | unimol.core.tasks.unicore_task | get EpochBatchIterator for epoch 104
2026-04-17 00:16:52 | INFO | unimol.core.trainer | begin training epoch 104
2026-04-17 00:16:52 | INFO | unicore_cli.train | Start iterating over samples
2026-04-17 00:16:53 | INFO | unimol.core.checkpoint_utils | copy ./tmp_save_demo/save_InfoMax_Run/checkpoint103.pt to ./save_demo/save_InfoMax_Run/checkpoint_last.pt
2026-04-17 00:16:54 | INFO | unimol.core.checkpoint_utils | removing temp file ./tmp_save_demo/save_InfoMax_Run/checkpoint103.pt ...
2026-04-17 00:16:54 | INFO | unimol.core.checkpoint_utils | removed ./save_demo/save_InfoMax_Run/checkpoint93.pt
2026-04-17 00:16:54 | INFO | unimol.core.checkpoint_utils | finished async ckp saving.
2026-04-17 00:16:57 | INFO | train_inner | epoch 104:     28 / 137 loss=0.044, loss_in_house_lnp_B16F10_luc=0.024, loss_in_house_lnp_DC24_luc=0.015, ups=6.64, bsz=15.9, num_updates=14100, lr=5.20352e-05, gnorm=13.899, clip=100, loss_scale=64, train_wall=11.24, gb_free=76, wall=2021
2026-04-17 00:16:58 | INFO | unimol.core.trainer | NOTE: gradient overflow detected, ignoring gradient, setting loss scale to: 32.0
2026-04-17 00:17:08 | INFO | train_inner | epoch 104:    129 / 137 loss=0.046, loss_in_house_lnp_B16F10_luc=0.025, loss_in_house_lnp_DC24_luc=0.016, ups=8.75, bsz=15.9, num_updates=14200, lr=5.16497e-05, gnorm=14.993, clip=100, loss_scale=32, train_wall=11.19, gb_free=76, wall=2033
2026-04-17 00:17:09 | INFO | unicore_cli.train | begin validation on "valid" subset
2026-04-17 00:17:09 | INFO | unimol.core.tasks.unicore_task | get EpochBatchIterator for epoch 1
reduce_metrics, task_name:  in_house_lnp_B16F10_luc
reduce_metrics, task_name:  in_house_lnp_DC24_luc
get_valid_stats stats:  OrderedDict([('loss', 0.058), ('loss_in_house_lnp_B16F10_luc', 0.033), ('loss_in_house_lnp_DC24_luc', 0.025), ('in_house_lnp_B16F10_luc_valid_spearmanr_coeff', 0.873), ('in_house_lnp_B16F10_luc_valid_spearmanr_p_val', 0.0), ('in_house_lnp_B16F10_luc_valid_pearsonr_coeff', 0.844), ('in_house_lnp_B16F10_luc_valid_pearsonr_p_val', 0.0), ('in_house_lnp_B16F10_luc_valid_mae', 2.81), ('in_house_lnp_B16F10_luc_valid_mse', 11.407), ('in_house_lnp_B16F10_luc_valid_agg_mae', 2.81), ('in_house_lnp_B16F10_luc_valid_agg_mse', 11.407), ('in_house_lnp_B16F10_luc_valid_contrastive_L', 0.375), ('in_house_lnp_B16F10_luc_valid_agg_rmse', 3.3775), ('in_house_lnp_DC24_luc_valid_spearmanr_coeff', 0.946), ('in_house_lnp_DC24_luc_valid_spearmanr_p_val', 0.0), ('in_house_lnp_DC24_luc_valid_pearsonr_coeff', 0.936), ('in_house_lnp_DC24_luc_valid_pearsonr_p_val', 0.0), ('in_house_lnp_DC24_luc_valid_mae', 4.929), ('in_house_lnp_DC24_luc_valid_mse', 32.421), ('in_house_lnp_DC24_luc_valid_agg_mae', 4.929), ('in_house_lnp_DC24_luc_valid_agg_mse', 32.421), ('in_house_lnp_DC24_luc_valid_contrastive_L', 0.253), ('in_house_lnp_DC24_luc_valid_agg_rmse', 5.694), ('bsz', 312.0), ('num_updates', 14208)])
2026-04-17 00:17:10 | INFO | valid | epoch 104 | valid on 'valid' subset | loss 0.058 | loss_in_house_lnp_B16F10_luc 0.033 | loss_in_house_lnp_DC24_luc 0.025 | in_house_lnp_B16F10_luc_valid_spearmanr_coeff 0.873 | in_house_lnp_B16F10_luc_valid_spearmanr_p_val 0 | in_house_lnp_B16F10_luc_valid_pearsonr_coeff 0.844 | in_house_lnp_B16F10_luc_valid_pearsonr_p_val 0 | in_house_lnp_B16F10_luc_valid_mae 2.81 | in_house_lnp_B16F10_luc_valid_mse 11.407 | in_house_lnp_B16F10_luc_valid_agg_mae 2.81 | in_house_lnp_B16F10_luc_valid_agg_mse 11.407 | in_house_lnp_B16F10_luc_valid_contrastive_L 0.375 | in_house_lnp_B16F10_luc_valid_agg_rmse 3.3775 | in_house_lnp_DC24_luc_valid_spearmanr_coeff 0.946 | in_house_lnp_DC24_luc_valid_spearmanr_p_val 0 | in_house_lnp_DC24_luc_valid_pearsonr_coeff 0.936 | in_house_lnp_DC24_luc_valid_pearsonr_p_val 0 | in_house_lnp_DC24_luc_valid_mae 4.929 | in_house_lnp_DC24_luc_valid_mse 32.421 | in_house_lnp_DC24_luc_valid_agg_mae 4.929 | in_house_lnp_DC24_luc_valid_agg_mse 32.421 | in_house_lnp_DC24_luc_valid_contrastive_L 0.253 | in_house_lnp_DC24_luc_valid_agg_rmse 5.694 | bsz 312 | num_updates 14208
validate stats:  OrderedDict([('loss', 0.058), ('loss_in_house_lnp_B16F10_luc', 0.033), ('loss_in_house_lnp_DC24_luc', 0.025), ('in_house_lnp_B16F10_luc_valid_spearmanr_coeff', 0.873), ('in_house_lnp_B16F10_luc_valid_spearmanr_p_val', 0.0), ('in_house_lnp_B16F10_luc_valid_pearsonr_coeff', 0.844), ('in_house_lnp_B16F10_luc_valid_pearsonr_p_val', 0.0), ('in_house_lnp_B16F10_luc_valid_mae', 2.81), ('in_house_lnp_B16F10_luc_valid_mse', 11.407), ('in_house_lnp_B16F10_luc_valid_agg_mae', 2.81), ('in_house_lnp_B16F10_luc_valid_agg_mse', 11.407), ('in_house_lnp_B16F10_luc_valid_contrastive_L', 0.375), ('in_house_lnp_B16F10_luc_valid_agg_rmse', 3.3775), ('in_house_lnp_DC24_luc_valid_spearmanr_coeff', 0.946), ('in_house_lnp_DC24_luc_valid_spearmanr_p_val', 0.0), ('in_house_lnp_DC24_luc_valid_pearsonr_coeff', 0.936), ('in_house_lnp_DC24_luc_valid_pearsonr_p_val', 0.0), ('in_house_lnp_DC24_luc_valid_mae', 4.929), ('in_house_lnp_DC24_luc_valid_mse', 32.421), ('in_house_lnp_DC24_luc_valid_agg_mae', 4.929), ('in_house_lnp_DC24_luc_valid_agg_mse', 32.421), ('in_house_lnp_DC24_luc_valid_contrastive_L', 0.253), ('in_house_lnp_DC24_luc_valid_agg_rmse', 5.694), ('bsz', 312.0), ('num_updates', 14208)])
2026-04-17 00:17:10 | INFO | unicore_cli.train | averaging ['in_house_lnp_B16F10_luc_valid_spearmanr_coeff', 'in_house_lnp_DC24_luc_valid_spearmanr_coeff'] for valid_spearmanr_coeff
2026-04-17 00:17:10 | INFO | unimol.core.checkpoint_utils | Preparing to save checkpoint for epoch 104 @ 14208 updates
2026-04-17 00:17:10 | INFO | unimol.core.trainer | Saving checkpoint to ./tmp_save_demo/save_InfoMax_Run/checkpoint104.pt
2026-04-17 00:17:11 | INFO | unimol.core.trainer | Finished saving checkpoint to ./tmp_save_demo/save_InfoMax_Run/checkpoint104.pt
2026-04-17 00:17:11 | INFO | unimol.core.checkpoint_utils | Saved checkpoint ./tmp_save_demo/save_InfoMax_Run/checkpoint104.pt (epoch 104 @ 14208 updates, score 0.9095) (writing took 0.8540370829869062 seconds)
2026-04-17 00:17:11 | INFO | unimol.core.checkpoint_utils | copy ./tmp_save_demo/save_InfoMax_Run/checkpoint104.pt to ./save_demo/save_InfoMax_Run/checkpoint104.pt
2026-04-17 00:17:11 | INFO | unicore_cli.train | end of epoch 104 (average epoch stats below)
2026-04-17 00:17:11 | INFO | train | epoch 104 | loss 0.045 | loss_in_house_lnp_B16F10_luc 0.024 | loss_in_house_lnp_DC24_luc 0.015 | ups 7.06 | bsz 15.9 | num_updates 14208 | lr 5.16189e-05 | gnorm 13.726 | clip 99.3 | loss_scale 32 | train_wall 15.3 | epoch_itr_sz 137 | gb_free 76 | wall 2036
2026-04-17 00:17:11 | INFO | unimol.core.tasks.unicore_task | get EpochBatchIterator for epoch 105
2026-04-17 00:17:11 | INFO | unimol.core.trainer | begin training epoch 105
2026-04-17 00:17:11 | INFO | unicore_cli.train | Start iterating over samples
2026-04-17 00:17:13 | INFO | unimol.core.checkpoint_utils | copy ./tmp_save_demo/save_InfoMax_Run/checkpoint104.pt to ./save_demo/save_InfoMax_Run/checkpoint_last.pt
2026-04-17 00:17:13 | INFO | unimol.core.checkpoint_utils | removing temp file ./tmp_save_demo/save_InfoMax_Run/checkpoint104.pt ...
2026-04-17 00:17:13 | INFO | unimol.core.checkpoint_utils | removed ./save_demo/save_InfoMax_Run/checkpoint94.pt
2026-04-17 00:17:13 | INFO | unimol.core.checkpoint_utils | finished async ckp saving.
2026-04-17 00:17:23 | INFO | train_inner | epoch 105:     92 / 137 loss=0.045, loss_in_house_lnp_B16F10_luc=0.025, loss_in_house_lnp_DC24_luc=0.015, ups=6.53, bsz=15.9, num_updates=14300, lr=5.12643e-05, gnorm=13.286, clip=99, loss_scale=32, train_wall=11.26, gb_free=76, wall=2048
2026-04-17 00:17:28 | INFO | unicore_cli.train | begin validation on "valid" subset
2026-04-17 00:17:28 | INFO | unimol.core.tasks.unicore_task | get EpochBatchIterator for epoch 1
reduce_metrics, task_name:  in_house_lnp_B16F10_luc
reduce_metrics, task_name:  in_house_lnp_DC24_luc
get_valid_stats stats:  OrderedDict([('loss', 0.059), ('loss_in_house_lnp_B16F10_luc', 0.033), ('loss_in_house_lnp_DC24_luc', 0.026), ('in_house_lnp_B16F10_luc_valid_spearmanr_coeff', 0.877), ('in_house_lnp_B16F10_luc_valid_spearmanr_p_val', 0.0), ('in_house_lnp_B16F10_luc_valid_pearsonr_coeff', 0.844), ('in_house_lnp_B16F10_luc_valid_pearsonr_p_val', 0.0), ('in_house_lnp_B16F10_luc_valid_mae', 2.864), ('in_house_lnp_B16F10_luc_valid_mse', 12.29), ('in_house_lnp_B16F10_luc_valid_agg_mae', 2.864), ('in_house_lnp_B16F10_luc_valid_agg_mse', 12.29), ('in_house_lnp_B16F10_luc_valid_contrastive_L', 0.374), ('in_house_lnp_B16F10_luc_valid_agg_rmse', 3.5057), ('in_house_lnp_DC24_luc_valid_spearmanr_coeff', 0.945), ('in_house_lnp_DC24_luc_valid_spearmanr_p_val', 0.0), ('in_house_lnp_DC24_luc_valid_pearsonr_coeff', 0.936), ('in_house_lnp_DC24_luc_valid_pearsonr_p_val', 0.0), ('in_house_lnp_DC24_luc_valid_mae', 5.098), ('in_house_lnp_DC24_luc_valid_mse', 34.222), ('in_house_lnp_DC24_luc_valid_agg_mae', 5.098), ('in_house_lnp_DC24_luc_valid_agg_mse', 34.222), ('in_house_lnp_DC24_luc_valid_contrastive_L', 0.254), ('in_house_lnp_DC24_luc_valid_agg_rmse', 5.85), ('bsz', 312.0), ('num_updates', 14345)])
2026-04-17 00:17:30 | INFO | valid | epoch 105 | valid on 'valid' subset | loss 0.059 | loss_in_house_lnp_B16F10_luc 0.033 | loss_in_house_lnp_DC24_luc 0.026 | in_house_lnp_B16F10_luc_valid_spearmanr_coeff 0.877 | in_house_lnp_B16F10_luc_valid_spearmanr_p_val 0 | in_house_lnp_B16F10_luc_valid_pearsonr_coeff 0.844 | in_house_lnp_B16F10_luc_valid_pearsonr_p_val 0 | in_house_lnp_B16F10_luc_valid_mae 2.864 | in_house_lnp_B16F10_luc_valid_mse 12.29 | in_house_lnp_B16F10_luc_valid_agg_mae 2.864 | in_house_lnp_B16F10_luc_valid_agg_mse 12.29 | in_house_lnp_B16F10_luc_valid_contrastive_L 0.374 | in_house_lnp_B16F10_luc_valid_agg_rmse 3.5057 | in_house_lnp_DC24_luc_valid_spearmanr_coeff 0.945 | in_house_lnp_DC24_luc_valid_spearmanr_p_val 0 | in_house_lnp_DC24_luc_valid_pearsonr_coeff 0.936 | in_house_lnp_DC24_luc_valid_pearsonr_p_val 0 | in_house_lnp_DC24_luc_valid_mae 5.098 | in_house_lnp_DC24_luc_valid_mse 34.222 | in_house_lnp_DC24_luc_valid_agg_mae 5.098 | in_house_lnp_DC24_luc_valid_agg_mse 34.222 | in_house_lnp_DC24_luc_valid_contrastive_L 0.254 | in_house_lnp_DC24_luc_valid_agg_rmse 5.85 | bsz 312 | num_updates 14345
validate stats:  OrderedDict([('loss', 0.059), ('loss_in_house_lnp_B16F10_luc', 0.033), ('loss_in_house_lnp_DC24_luc', 0.026), ('in_house_lnp_B16F10_luc_valid_spearmanr_coeff', 0.877), ('in_house_lnp_B16F10_luc_valid_spearmanr_p_val', 0.0), ('in_house_lnp_B16F10_luc_valid_pearsonr_coeff', 0.844), ('in_house_lnp_B16F10_luc_valid_pearsonr_p_val', 0.0), ('in_house_lnp_B16F10_luc_valid_mae', 2.864), ('in_house_lnp_B16F10_luc_valid_mse', 12.29), ('in_house_lnp_B16F10_luc_valid_agg_mae', 2.864), ('in_house_lnp_B16F10_luc_valid_agg_mse', 12.29), ('in_house_lnp_B16F10_luc_valid_contrastive_L', 0.374), ('in_house_lnp_B16F10_luc_valid_agg_rmse', 3.5057), ('in_house_lnp_DC24_luc_valid_spearmanr_coeff', 0.945), ('in_house_lnp_DC24_luc_valid_spearmanr_p_val', 0.0), ('in_house_lnp_DC24_luc_valid_pearsonr_coeff', 0.936), ('in_house_lnp_DC24_luc_valid_pearsonr_p_val', 0.0), ('in_house_lnp_DC24_luc_valid_mae', 5.098), ('in_house_lnp_DC24_luc_valid_mse', 34.222), ('in_house_lnp_DC24_luc_valid_agg_mae', 5.098), ('in_house_lnp_DC24_luc_valid_agg_mse', 34.222), ('in_house_lnp_DC24_luc_valid_contrastive_L', 0.254), ('in_house_lnp_DC24_luc_valid_agg_rmse', 5.85), ('bsz', 312.0), ('num_updates', 14345)])
2026-04-17 00:17:30 | INFO | unicore_cli.train | averaging ['in_house_lnp_B16F10_luc_valid_spearmanr_coeff', 'in_house_lnp_DC24_luc_valid_spearmanr_coeff'] for valid_spearmanr_coeff
2026-04-17 00:17:30 | INFO | unimol.core.checkpoint_utils | Preparing to save checkpoint for epoch 105 @ 14345 updates
2026-04-17 00:17:30 | INFO | unimol.core.trainer | Saving checkpoint to ./tmp_save_demo/save_InfoMax_Run/checkpoint105.pt
2026-04-17 00:17:31 | INFO | unimol.core.trainer | Finished saving checkpoint to ./tmp_save_demo/save_InfoMax_Run/checkpoint105.pt
2026-04-17 00:17:31 | INFO | unimol.core.checkpoint_utils | Saved checkpoint ./tmp_save_demo/save_InfoMax_Run/checkpoint105.pt (epoch 105 @ 14345 updates, score 0.911) (writing took 0.8626954419305548 seconds)
2026-04-17 00:17:31 | INFO | unimol.core.checkpoint_utils | copy ./tmp_save_demo/save_InfoMax_Run/checkpoint105.pt to ./save_demo/save_InfoMax_Run/checkpoint105.pt
2026-04-17 00:17:31 | INFO | unicore_cli.train | end of epoch 105 (average epoch stats below)
2026-04-17 00:17:31 | INFO | train | epoch 105 | loss 0.045 | loss_in_house_lnp_B16F10_luc 0.025 | loss_in_house_lnp_DC24_luc 0.015 | ups 7.06 | bsz 15.9 | num_updates 14345 | lr 5.10908e-05 | gnorm 13.402 | clip 100 | loss_scale 32 | train_wall 15.32 | epoch_itr_sz 137 | gb_free 76 | wall 2056
2026-04-17 00:17:31 | INFO | unimol.core.tasks.unicore_task | get EpochBatchIterator for epoch 106
2026-04-17 00:17:31 | INFO | unimol.core.trainer | begin training epoch 106
2026-04-17 00:17:31 | INFO | unicore_cli.train | Start iterating over samples
2026-04-17 00:17:32 | INFO | unimol.core.checkpoint_utils | copy ./tmp_save_demo/save_InfoMax_Run/checkpoint105.pt to ./save_demo/save_InfoMax_Run/checkpoint_last.pt
2026-04-17 00:17:33 | INFO | unimol.core.checkpoint_utils | removing temp file ./tmp_save_demo/save_InfoMax_Run/checkpoint105.pt ...
2026-04-17 00:17:33 | INFO | unimol.core.checkpoint_utils | removed ./save_demo/save_InfoMax_Run/checkpoint95.pt
2026-04-17 00:17:33 | INFO | unimol.core.checkpoint_utils | finished async ckp saving.
2026-04-17 00:17:38 | INFO | train_inner | epoch 106:     55 / 137 loss=0.044, loss_in_house_lnp_B16F10_luc=0.024, loss_in_house_lnp_DC24_luc=0.015, ups=6.63, bsz=16, num_updates=14400, lr=5.08788e-05, gnorm=12.041, clip=100, loss_scale=64, train_wall=11.17, gb_free=76, wall=2063
2026-04-17 00:17:43 | INFO | unimol.core.trainer | NOTE: gradient overflow detected, ignoring gradient, setting loss scale to: 32.0
2026-04-17 00:17:48 | INFO | unicore_cli.train | begin validation on "valid" subset
2026-04-17 00:17:48 | INFO | unimol.core.tasks.unicore_task | get EpochBatchIterator for epoch 1
reduce_metrics, task_name:  in_house_lnp_B16F10_luc
reduce_metrics, task_name:  in_house_lnp_DC24_luc
get_valid_stats stats:  OrderedDict([('loss', 0.059), ('loss_in_house_lnp_B16F10_luc', 0.033), ('loss_in_house_lnp_DC24_luc', 0.026), ('in_house_lnp_B16F10_luc_valid_spearmanr_coeff', 0.872), ('in_house_lnp_B16F10_luc_valid_spearmanr_p_val', 0.0), ('in_house_lnp_B16F10_luc_valid_pearsonr_coeff', 0.839), ('in_house_lnp_B16F10_luc_valid_pearsonr_p_val', 0.0), ('in_house_lnp_B16F10_luc_valid_mae', 2.737), ('in_house_lnp_B16F10_luc_valid_mse', 11.547), ('in_house_lnp_B16F10_luc_valid_agg_mae', 2.737), ('in_house_lnp_B16F10_luc_valid_agg_mse', 11.547), ('in_house_lnp_B16F10_luc_valid_contrastive_L', 0.377), ('in_house_lnp_B16F10_luc_valid_agg_rmse', 3.398), ('in_house_lnp_DC24_luc_valid_spearmanr_coeff', 0.945), ('in_house_lnp_DC24_luc_valid_spearmanr_p_val', 0.0), ('in_house_lnp_DC24_luc_valid_pearsonr_coeff', 0.942), ('in_house_lnp_DC24_luc_valid_pearsonr_p_val', 0.0), ('in_house_lnp_DC24_luc_valid_mae', 4.751), ('in_house_lnp_DC24_luc_valid_mse', 30.204), ('in_house_lnp_DC24_luc_valid_agg_mae', 4.751), ('in_house_lnp_DC24_luc_valid_agg_mse', 30.204), ('in_house_lnp_DC24_luc_valid_contrastive_L', 0.252), ('in_house_lnp_DC24_luc_valid_agg_rmse', 5.4958), ('bsz', 312.0), ('num_updates', 14481)])
2026-04-17 00:17:49 | INFO | valid | epoch 106 | valid on 'valid' subset | loss 0.059 | loss_in_house_lnp_B16F10_luc 0.033 | loss_in_house_lnp_DC24_luc 0.026 | in_house_lnp_B16F10_luc_valid_spearmanr_coeff 0.872 | in_house_lnp_B16F10_luc_valid_spearmanr_p_val 0 | in_house_lnp_B16F10_luc_valid_pearsonr_coeff 0.839 | in_house_lnp_B16F10_luc_valid_pearsonr_p_val 0 | in_house_lnp_B16F10_luc_valid_mae 2.737 | in_house_lnp_B16F10_luc_valid_mse 11.547 | in_house_lnp_B16F10_luc_valid_agg_mae 2.737 | in_house_lnp_B16F10_luc_valid_agg_mse 11.547 | in_house_lnp_B16F10_luc_valid_contrastive_L 0.377 | in_house_lnp_B16F10_luc_valid_agg_rmse 3.398 | in_house_lnp_DC24_luc_valid_spearmanr_coeff 0.945 | in_house_lnp_DC24_luc_valid_spearmanr_p_val 0 | in_house_lnp_DC24_luc_valid_pearsonr_coeff 0.942 | in_house_lnp_DC24_luc_valid_pearsonr_p_val 0 | in_house_lnp_DC24_luc_valid_mae 4.751 | in_house_lnp_DC24_luc_valid_mse 30.204 | in_house_lnp_DC24_luc_valid_agg_mae 4.751 | in_house_lnp_DC24_luc_valid_agg_mse 30.204 | in_house_lnp_DC24_luc_valid_contrastive_L 0.252 | in_house_lnp_DC24_luc_valid_agg_rmse 5.4958 | bsz 312 | num_updates 14481
validate stats:  OrderedDict([('loss', 0.059), ('loss_in_house_lnp_B16F10_luc', 0.033), ('loss_in_house_lnp_DC24_luc', 0.026), ('in_house_lnp_B16F10_luc_valid_spearmanr_coeff', 0.872), ('in_house_lnp_B16F10_luc_valid_spearmanr_p_val', 0.0), ('in_house_lnp_B16F10_luc_valid_pearsonr_coeff', 0.839), ('in_house_lnp_B16F10_luc_valid_pearsonr_p_val', 0.0), ('in_house_lnp_B16F10_luc_valid_mae', 2.737), ('in_house_lnp_B16F10_luc_valid_mse', 11.547), ('in_house_lnp_B16F10_luc_valid_agg_mae', 2.737), ('in_house_lnp_B16F10_luc_valid_agg_mse', 11.547), ('in_house_lnp_B16F10_luc_valid_contrastive_L', 0.377), ('in_house_lnp_B16F10_luc_valid_agg_rmse', 3.398), ('in_house_lnp_DC24_luc_valid_spearmanr_coeff', 0.945), ('in_house_lnp_DC24_luc_valid_spearmanr_p_val', 0.0), ('in_house_lnp_DC24_luc_valid_pearsonr_coeff', 0.942), ('in_house_lnp_DC24_luc_valid_pearsonr_p_val', 0.0), ('in_house_lnp_DC24_luc_valid_mae', 4.751), ('in_house_lnp_DC24_luc_valid_mse', 30.204), ('in_house_lnp_DC24_luc_valid_agg_mae', 4.751), ('in_house_lnp_DC24_luc_valid_agg_mse', 30.204), ('in_house_lnp_DC24_luc_valid_contrastive_L', 0.252), ('in_house_lnp_DC24_luc_valid_agg_rmse', 5.4958), ('bsz', 312.0), ('num_updates', 14481)])
2026-04-17 00:17:49 | INFO | unicore_cli.train | averaging ['in_house_lnp_B16F10_luc_valid_spearmanr_coeff', 'in_house_lnp_DC24_luc_valid_spearmanr_coeff'] for valid_spearmanr_coeff
2026-04-17 00:17:49 | INFO | unimol.core.checkpoint_utils | Preparing to save checkpoint for epoch 106 @ 14481 updates
2026-04-17 00:17:49 | INFO | unimol.core.trainer | Saving checkpoint to ./tmp_save_demo/save_InfoMax_Run/checkpoint106.pt
2026-04-17 00:17:50 | INFO | unimol.core.trainer | Finished saving checkpoint to ./tmp_save_demo/save_InfoMax_Run/checkpoint106.pt
2026-04-17 00:17:50 | INFO | unimol.core.checkpoint_utils | Saved checkpoint ./tmp_save_demo/save_InfoMax_Run/checkpoint106.pt (epoch 106 @ 14481 updates, score 0.9085) (writing took 0.8997987170005217 seconds)
2026-04-17 00:17:50 | INFO | unicore_cli.train | end of epoch 106 (average epoch stats below)
2026-04-17 00:17:50 | INFO | unimol.core.checkpoint_utils | copy ./tmp_save_demo/save_InfoMax_Run/checkpoint106.pt to ./save_demo/save_InfoMax_Run/checkpoint106.pt
2026-04-17 00:17:50 | INFO | train | epoch 106 | loss 0.045 | loss_in_house_lnp_B16F10_luc 0.024 | loss_in_house_lnp_DC24_luc 0.016 | ups 7.03 | bsz 15.9 | num_updates 14481 | lr 5.05666e-05 | gnorm 12.806 | clip 100 | loss_scale 32 | train_wall 15.29 | epoch_itr_sz 137 | gb_free 76 | wall 2075
2026-04-17 00:17:50 | INFO | unimol.core.tasks.unicore_task | get EpochBatchIterator for epoch 107
2026-04-17 00:17:50 | INFO | unimol.core.trainer | begin training epoch 107
2026-04-17 00:17:50 | INFO | unicore_cli.train | Start iterating over samples
2026-04-17 00:17:52 | INFO | unimol.core.checkpoint_utils | copy ./tmp_save_demo/save_InfoMax_Run/checkpoint106.pt to ./save_demo/save_InfoMax_Run/checkpoint_last.pt
2026-04-17 00:17:52 | INFO | unimol.core.checkpoint_utils | removing temp file ./tmp_save_demo/save_InfoMax_Run/checkpoint106.pt ...
2026-04-17 00:17:52 | INFO | unimol.core.checkpoint_utils | removed ./save_demo/save_InfoMax_Run/checkpoint96.pt
2026-04-17 00:17:52 | INFO | unimol.core.checkpoint_utils | finished async ckp saving.
2026-04-17 00:17:54 | INFO | train_inner | epoch 107:     19 / 137 loss=0.046, loss_in_house_lnp_B16F10_luc=0.025, loss_in_house_lnp_DC24_luc=0.016, ups=6.56, bsz=15.9, num_updates=14500, lr=5.04934e-05, gnorm=13.28, clip=100, loss_scale=32, train_wall=11.31, gb_free=76, wall=2079
2026-04-17 00:18:05 | INFO | train_inner | epoch 107:    119 / 137 loss=0.045, loss_in_house_lnp_B16F10_luc=0.025, loss_in_house_lnp_DC24_luc=0.015, ups=8.65, bsz=15.9, num_updates=14600, lr=5.01079e-05, gnorm=14.207, clip=100, loss_scale=32, train_wall=11.31, gb_free=76, wall=2090
2026-04-17 00:18:07 | INFO | unicore_cli.train | begin validation on "valid" subset
2026-04-17 00:18:07 | INFO | unimol.core.tasks.unicore_task | get EpochBatchIterator for epoch 1
reduce_metrics, task_name:  in_house_lnp_B16F10_luc
reduce_metrics, task_name:  in_house_lnp_DC24_luc
get_valid_stats stats:  OrderedDict([('loss', 0.059), ('loss_in_house_lnp_B16F10_luc', 0.033), ('loss_in_house_lnp_DC24_luc', 0.026), ('in_house_lnp_B16F10_luc_valid_spearmanr_coeff', 0.874), ('in_house_lnp_B16F10_luc_valid_spearmanr_p_val', 0.0), ('in_house_lnp_B16F10_luc_valid_pearsonr_coeff', 0.846), ('in_house_lnp_B16F10_luc_valid_pearsonr_p_val', 0.0), ('in_house_lnp_B16F10_luc_valid_mae', 2.919), ('in_house_lnp_B16F10_luc_valid_mse', 12.243), ('in_house_lnp_B16F10_luc_valid_agg_mae', 2.919), ('in_house_lnp_B16F10_luc_valid_agg_mse', 12.243), ('in_house_lnp_B16F10_luc_valid_contrastive_L', 0.377), ('in_house_lnp_B16F10_luc_valid_agg_rmse', 3.499), ('in_house_lnp_DC24_luc_valid_spearmanr_coeff', 0.947), ('in_house_lnp_DC24_luc_valid_spearmanr_p_val', 0.0), ('in_house_lnp_DC24_luc_valid_pearsonr_coeff', 0.936), ('in_house_lnp_DC24_luc_valid_pearsonr_p_val', 0.0), ('in_house_lnp_DC24_luc_valid_mae', 4.847), ('in_house_lnp_DC24_luc_valid_mse', 32.633), ('in_house_lnp_DC24_luc_valid_agg_mae', 4.847), ('in_house_lnp_DC24_luc_valid_agg_mse', 32.633), ('in_house_lnp_DC24_luc_valid_contrastive_L', 0.255), ('in_house_lnp_DC24_luc_valid_agg_rmse', 5.7125), ('bsz', 312.0), ('num_updates', 14618)])
2026-04-17 00:18:09 | INFO | valid | epoch 107 | valid on 'valid' subset | loss 0.059 | loss_in_house_lnp_B16F10_luc 0.033 | loss_in_house_lnp_DC24_luc 0.026 | in_house_lnp_B16F10_luc_valid_spearmanr_coeff 0.874 | in_house_lnp_B16F10_luc_valid_spearmanr_p_val 0 | in_house_lnp_B16F10_luc_valid_pearsonr_coeff 0.846 | in_house_lnp_B16F10_luc_valid_pearsonr_p_val 0 | in_house_lnp_B16F10_luc_valid_mae 2.919 | in_house_lnp_B16F10_luc_valid_mse 12.243 | in_house_lnp_B16F10_luc_valid_agg_mae 2.919 | in_house_lnp_B16F10_luc_valid_agg_mse 12.243 | in_house_lnp_B16F10_luc_valid_contrastive_L 0.377 | in_house_lnp_B16F10_luc_valid_agg_rmse 3.499 | in_house_lnp_DC24_luc_valid_spearmanr_coeff 0.947 | in_house_lnp_DC24_luc_valid_spearmanr_p_val 0 | in_house_lnp_DC24_luc_valid_pearsonr_coeff 0.936 | in_house_lnp_DC24_luc_valid_pearsonr_p_val 0 | in_house_lnp_DC24_luc_valid_mae 4.847 | in_house_lnp_DC24_luc_valid_mse 32.633 | in_house_lnp_DC24_luc_valid_agg_mae 4.847 | in_house_lnp_DC24_luc_valid_agg_mse 32.633 | in_house_lnp_DC24_luc_valid_contrastive_L 0.255 | in_house_lnp_DC24_luc_valid_agg_rmse 5.7125 | bsz 312 | num_updates 14618
validate stats:  OrderedDict([('loss', 0.059), ('loss_in_house_lnp_B16F10_luc', 0.033), ('loss_in_house_lnp_DC24_luc', 0.026), ('in_house_lnp_B16F10_luc_valid_spearmanr_coeff', 0.874), ('in_house_lnp_B16F10_luc_valid_spearmanr_p_val', 0.0), ('in_house_lnp_B16F10_luc_valid_pearsonr_coeff', 0.846), ('in_house_lnp_B16F10_luc_valid_pearsonr_p_val', 0.0), ('in_house_lnp_B16F10_luc_valid_mae', 2.919), ('in_house_lnp_B16F10_luc_valid_mse', 12.243), ('in_house_lnp_B16F10_luc_valid_agg_mae', 2.919), ('in_house_lnp_B16F10_luc_valid_agg_mse', 12.243), ('in_house_lnp_B16F10_luc_valid_contrastive_L', 0.377), ('in_house_lnp_B16F10_luc_valid_agg_rmse', 3.499), ('in_house_lnp_DC24_luc_valid_spearmanr_coeff', 0.947), ('in_house_lnp_DC24_luc_valid_spearmanr_p_val', 0.0), ('in_house_lnp_DC24_luc_valid_pearsonr_coeff', 0.936), ('in_house_lnp_DC24_luc_valid_pearsonr_p_val', 0.0), ('in_house_lnp_DC24_luc_valid_mae', 4.847), ('in_house_lnp_DC24_luc_valid_mse', 32.633), ('in_house_lnp_DC24_luc_valid_agg_mae', 4.847), ('in_house_lnp_DC24_luc_valid_agg_mse', 32.633), ('in_house_lnp_DC24_luc_valid_contrastive_L', 0.255), ('in_house_lnp_DC24_luc_valid_agg_rmse', 5.7125), ('bsz', 312.0), ('num_updates', 14618)])
2026-04-17 00:18:09 | INFO | unicore_cli.train | averaging ['in_house_lnp_B16F10_luc_valid_spearmanr_coeff', 'in_house_lnp_DC24_luc_valid_spearmanr_coeff'] for valid_spearmanr_coeff
2026-04-17 00:18:09 | INFO | unimol.core.checkpoint_utils | Preparing to save checkpoint for epoch 107 @ 14618 updates
2026-04-17 00:18:09 | INFO | unimol.core.trainer | Saving checkpoint to ./tmp_save_demo/save_InfoMax_Run/checkpoint107.pt
2026-04-17 00:18:10 | INFO | unimol.core.trainer | Finished saving checkpoint to ./tmp_save_demo/save_InfoMax_Run/checkpoint107.pt
2026-04-17 00:18:10 | INFO | unimol.core.checkpoint_utils | Saved checkpoint ./tmp_save_demo/save_InfoMax_Run/checkpoint107.pt (epoch 107 @ 14618 updates, score 0.9105) (writing took 0.9145339230308309 seconds)
2026-04-17 00:18:10 | INFO | unimol.core.checkpoint_utils | copy ./tmp_save_demo/save_InfoMax_Run/checkpoint107.pt to ./save_demo/save_InfoMax_Run/checkpoint107.pt
2026-04-17 00:18:10 | INFO | unicore_cli.train | end of epoch 107 (average epoch stats below)
2026-04-17 00:18:10 | INFO | train | epoch 107 | loss 0.044 | loss_in_house_lnp_B16F10_luc 0.024 | loss_in_house_lnp_DC24_luc 0.015 | ups 7.02 | bsz 15.9 | num_updates 14618 | lr 5.00385e-05 | gnorm 13.454 | clip 100 | loss_scale 32 | train_wall 15.51 | epoch_itr_sz 137 | gb_free 76 | wall 2094
2026-04-17 00:18:10 | INFO | unimol.core.tasks.unicore_task | get EpochBatchIterator for epoch 108
2026-04-17 00:18:10 | INFO | unimol.core.trainer | begin training epoch 108
2026-04-17 00:18:10 | INFO | unicore_cli.train | Start iterating over samples
2026-04-17 00:18:11 | INFO | unimol.core.checkpoint_utils | copy ./tmp_save_demo/save_InfoMax_Run/checkpoint107.pt to ./save_demo/save_InfoMax_Run/checkpoint_last.pt
2026-04-17 00:18:12 | INFO | unimol.core.checkpoint_utils | removing temp file ./tmp_save_demo/save_InfoMax_Run/checkpoint107.pt ...
2026-04-17 00:18:12 | INFO | unimol.core.checkpoint_utils | removed ./save_demo/save_InfoMax_Run/checkpoint97.pt
2026-04-17 00:18:12 | INFO | unimol.core.checkpoint_utils | finished async ckp saving.
2026-04-17 00:18:20 | INFO | train_inner | epoch 108:     82 / 137 loss=0.044, loss_in_house_lnp_B16F10_luc=0.024, loss_in_house_lnp_DC24_luc=0.015, ups=6.57, bsz=16, num_updates=14700, lr=4.97225e-05, gnorm=14.395, clip=100, loss_scale=64, train_wall=11.28, gb_free=76, wall=2105
2026-04-17 00:18:27 | INFO | unicore_cli.train | begin validation on "valid" subset
2026-04-17 00:18:27 | INFO | unimol.core.tasks.unicore_task | get EpochBatchIterator for epoch 1
reduce_metrics, task_name:  in_house_lnp_B16F10_luc
reduce_metrics, task_name:  in_house_lnp_DC24_luc
get_valid_stats stats:  OrderedDict([('loss', 0.06), ('loss_in_house_lnp_B16F10_luc', 0.034), ('loss_in_house_lnp_DC24_luc', 0.026), ('in_house_lnp_B16F10_luc_valid_spearmanr_coeff', 0.871), ('in_house_lnp_B16F10_luc_valid_spearmanr_p_val', 0.0), ('in_house_lnp_B16F10_luc_valid_pearsonr_coeff', 0.837), ('in_house_lnp_B16F10_luc_valid_pearsonr_p_val', 0.0), ('in_house_lnp_B16F10_luc_valid_mae', 2.903), ('in_house_lnp_B16F10_luc_valid_mse', 12.273), ('in_house_lnp_B16F10_luc_valid_agg_mae', 2.903), ('in_house_lnp_B16F10_luc_valid_agg_mse', 12.273), ('in_house_lnp_B16F10_luc_valid_contrastive_L', 0.388), ('in_house_lnp_B16F10_luc_valid_agg_rmse', 3.5032), ('in_house_lnp_DC24_luc_valid_spearmanr_coeff', 0.946), ('in_house_lnp_DC24_luc_valid_spearmanr_p_val', 0.0), ('in_house_lnp_DC24_luc_valid_pearsonr_coeff', 0.937), ('in_house_lnp_DC24_luc_valid_pearsonr_p_val', 0.0), ('in_house_lnp_DC24_luc_valid_mae', 4.888), ('in_house_lnp_DC24_luc_valid_mse', 32.311), ('in_house_lnp_DC24_luc_valid_agg_mae', 4.888), ('in_house_lnp_DC24_luc_valid_agg_mse', 32.311), ('in_house_lnp_DC24_luc_valid_contrastive_L', 0.256), ('in_house_lnp_DC24_luc_valid_agg_rmse', 5.6843), ('bsz', 312.0), ('num_updates', 14755)])
2026-04-17 00:18:28 | INFO | valid | epoch 108 | valid on 'valid' subset | loss 0.06 | loss_in_house_lnp_B16F10_luc 0.034 | loss_in_house_lnp_DC24_luc 0.026 | in_house_lnp_B16F10_luc_valid_spearmanr_coeff 0.871 | in_house_lnp_B16F10_luc_valid_spearmanr_p_val 0 | in_house_lnp_B16F10_luc_valid_pearsonr_coeff 0.837 | in_house_lnp_B16F10_luc_valid_pearsonr_p_val 0 | in_house_lnp_B16F10_luc_valid_mae 2.903 | in_house_lnp_B16F10_luc_valid_mse 12.273 | in_house_lnp_B16F10_luc_valid_agg_mae 2.903 | in_house_lnp_B16F10_luc_valid_agg_mse 12.273 | in_house_lnp_B16F10_luc_valid_contrastive_L 0.388 | in_house_lnp_B16F10_luc_valid_agg_rmse 3.5032 | in_house_lnp_DC24_luc_valid_spearmanr_coeff 0.946 | in_house_lnp_DC24_luc_valid_spearmanr_p_val 0 | in_house_lnp_DC24_luc_valid_pearsonr_coeff 0.937 | in_house_lnp_DC24_luc_valid_pearsonr_p_val 0 | in_house_lnp_DC24_luc_valid_mae 4.888 | in_house_lnp_DC24_luc_valid_mse 32.311 | in_house_lnp_DC24_luc_valid_agg_mae 4.888 | in_house_lnp_DC24_luc_valid_agg_mse 32.311 | in_house_lnp_DC24_luc_valid_contrastive_L 0.256 | in_house_lnp_DC24_luc_valid_agg_rmse 5.6843 | bsz 312 | num_updates 14755
validate stats:  OrderedDict([('loss', 0.06), ('loss_in_house_lnp_B16F10_luc', 0.034), ('loss_in_house_lnp_DC24_luc', 0.026), ('in_house_lnp_B16F10_luc_valid_spearmanr_coeff', 0.871), ('in_house_lnp_B16F10_luc_valid_spearmanr_p_val', 0.0), ('in_house_lnp_B16F10_luc_valid_pearsonr_coeff', 0.837), ('in_house_lnp_B16F10_luc_valid_pearsonr_p_val', 0.0), ('in_house_lnp_B16F10_luc_valid_mae', 2.903), ('in_house_lnp_B16F10_luc_valid_mse', 12.273), ('in_house_lnp_B16F10_luc_valid_agg_mae', 2.903), ('in_house_lnp_B16F10_luc_valid_agg_mse', 12.273), ('in_house_lnp_B16F10_luc_valid_contrastive_L', 0.388), ('in_house_lnp_B16F10_luc_valid_agg_rmse', 3.5032), ('in_house_lnp_DC24_luc_valid_spearmanr_coeff', 0.946), ('in_house_lnp_DC24_luc_valid_spearmanr_p_val', 0.0), ('in_house_lnp_DC24_luc_valid_pearsonr_coeff', 0.937), ('in_house_lnp_DC24_luc_valid_pearsonr_p_val', 0.0), ('in_house_lnp_DC24_luc_valid_mae', 4.888), ('in_house_lnp_DC24_luc_valid_mse', 32.311), ('in_house_lnp_DC24_luc_valid_agg_mae', 4.888), ('in_house_lnp_DC24_luc_valid_agg_mse', 32.311), ('in_house_lnp_DC24_luc_valid_contrastive_L', 0.256), ('in_house_lnp_DC24_luc_valid_agg_rmse', 5.6843), ('bsz', 312.0), ('num_updates', 14755)])
2026-04-17 00:18:28 | INFO | unicore_cli.train | averaging ['in_house_lnp_B16F10_luc_valid_spearmanr_coeff', 'in_house_lnp_DC24_luc_valid_spearmanr_coeff'] for valid_spearmanr_coeff
2026-04-17 00:18:28 | INFO | unimol.core.checkpoint_utils | Preparing to save checkpoint for epoch 108 @ 14755 updates
2026-04-17 00:18:28 | INFO | unimol.core.trainer | Saving checkpoint to ./tmp_save_demo/save_InfoMax_Run/checkpoint108.pt
2026-04-17 00:18:29 | INFO | unimol.core.trainer | Finished saving checkpoint to ./tmp_save_demo/save_InfoMax_Run/checkpoint108.pt
2026-04-17 00:18:29 | INFO | unimol.core.checkpoint_utils | Saved checkpoint ./tmp_save_demo/save_InfoMax_Run/checkpoint108.pt (epoch 108 @ 14755 updates, score 0.9085) (writing took 0.8708815940190107 seconds)
2026-04-17 00:18:29 | INFO | unicore_cli.train | end of epoch 108 (average epoch stats below)
2026-04-17 00:18:29 | INFO | unimol.core.checkpoint_utils | copy ./tmp_save_demo/save_InfoMax_Run/checkpoint108.pt to ./save_demo/save_InfoMax_Run/checkpoint108.pt
2026-04-17 00:18:29 | INFO | train | epoch 108 | loss 0.044 | loss_in_house_lnp_B16F10_luc 0.024 | loss_in_house_lnp_DC24_luc 0.015 | ups 7.07 | bsz 15.9 | num_updates 14755 | lr 4.95105e-05 | gnorm 13.053 | clip 100 | loss_scale 64 | train_wall 15.42 | epoch_itr_sz 137 | gb_free 76 | wall 2114
2026-04-17 00:18:29 | INFO | unimol.core.tasks.unicore_task | get EpochBatchIterator for epoch 109
2026-04-17 00:18:29 | INFO | unimol.core.trainer | begin training epoch 109
2026-04-17 00:18:29 | INFO | unicore_cli.train | Start iterating over samples
2026-04-17 00:18:31 | INFO | unimol.core.checkpoint_utils | copy ./tmp_save_demo/save_InfoMax_Run/checkpoint108.pt to ./save_demo/save_InfoMax_Run/checkpoint_last.pt
2026-04-17 00:18:31 | INFO | unimol.core.checkpoint_utils | removing temp file ./tmp_save_demo/save_InfoMax_Run/checkpoint108.pt ...
2026-04-17 00:18:31 | INFO | unimol.core.checkpoint_utils | removed ./save_demo/save_InfoMax_Run/checkpoint98.pt
2026-04-17 00:18:31 | INFO | unimol.core.checkpoint_utils | finished async ckp saving.
2026-04-17 00:18:32 | INFO | unimol.core.trainer | NOTE: gradient overflow detected, ignoring gradient, setting loss scale to: 32.0
2026-04-17 00:18:36 | INFO | train_inner | epoch 109:     46 / 137 loss=0.045, loss_in_house_lnp_B16F10_luc=0.025, loss_in_house_lnp_DC24_luc=0.015, ups=6.49, bsz=15.9, num_updates=14800, lr=4.9337e-05, gnorm=10.695, clip=100, loss_scale=32, train_wall=11.49, gb_free=76, wall=2121
2026-04-17 00:18:45 | INFO | unimol.core.trainer | NOTE: gradient overflow detected, ignoring gradient, setting loss scale to: 16.0
2026-04-17 00:18:46 | INFO | unicore_cli.train | begin validation on "valid" subset
2026-04-17 00:18:46 | INFO | unimol.core.tasks.unicore_task | get EpochBatchIterator for epoch 1
reduce_metrics, task_name:  in_house_lnp_B16F10_luc
reduce_metrics, task_name:  in_house_lnp_DC24_luc
get_valid_stats stats:  OrderedDict([('loss', 0.059), ('loss_in_house_lnp_B16F10_luc', 0.034), ('loss_in_house_lnp_DC24_luc', 0.025), ('in_house_lnp_B16F10_luc_valid_spearmanr_coeff', 0.873), ('in_house_lnp_B16F10_luc_valid_spearmanr_p_val', 0.0), ('in_house_lnp_B16F10_luc_valid_pearsonr_coeff', 0.843), ('in_house_lnp_B16F10_luc_valid_pearsonr_p_val', 0.0), ('in_house_lnp_B16F10_luc_valid_mae', 2.982), ('in_house_lnp_B16F10_luc_valid_mse', 12.778), ('in_house_lnp_B16F10_luc_valid_agg_mae', 2.982), ('in_house_lnp_B16F10_luc_valid_agg_mse', 12.778), ('in_house_lnp_B16F10_luc_valid_contrastive_L', 0.384), ('in_house_lnp_B16F10_luc_valid_agg_rmse', 3.5746), ('in_house_lnp_DC24_luc_valid_spearmanr_coeff', 0.944), ('in_house_lnp_DC24_luc_valid_spearmanr_p_val', 0.0), ('in_house_lnp_DC24_luc_valid_pearsonr_coeff', 0.938), ('in_house_lnp_DC24_luc_valid_pearsonr_p_val', 0.0), ('in_house_lnp_DC24_luc_valid_mae', 5.025), ('in_house_lnp_DC24_luc_valid_mse', 33.58), ('in_house_lnp_DC24_luc_valid_agg_mae', 5.025), ('in_house_lnp_DC24_luc_valid_agg_mse', 33.58), ('in_house_lnp_DC24_luc_valid_contrastive_L', 0.257), ('in_house_lnp_DC24_luc_valid_agg_rmse', 5.7949), ('bsz', 312.0), ('num_updates', 14890)])
2026-04-17 00:18:48 | INFO | valid | epoch 109 | valid on 'valid' subset | loss 0.059 | loss_in_house_lnp_B16F10_luc 0.034 | loss_in_house_lnp_DC24_luc 0.025 | in_house_lnp_B16F10_luc_valid_spearmanr_coeff 0.873 | in_house_lnp_B16F10_luc_valid_spearmanr_p_val 0 | in_house_lnp_B16F10_luc_valid_pearsonr_coeff 0.843 | in_house_lnp_B16F10_luc_valid_pearsonr_p_val 0 | in_house_lnp_B16F10_luc_valid_mae 2.982 | in_house_lnp_B16F10_luc_valid_mse 12.778 | in_house_lnp_B16F10_luc_valid_agg_mae 2.982 | in_house_lnp_B16F10_luc_valid_agg_mse 12.778 | in_house_lnp_B16F10_luc_valid_contrastive_L 0.384 | in_house_lnp_B16F10_luc_valid_agg_rmse 3.5746 | in_house_lnp_DC24_luc_valid_spearmanr_coeff 0.944 | in_house_lnp_DC24_luc_valid_spearmanr_p_val 0 | in_house_lnp_DC24_luc_valid_pearsonr_coeff 0.938 | in_house_lnp_DC24_luc_valid_pearsonr_p_val 0 | in_house_lnp_DC24_luc_valid_mae 5.025 | in_house_lnp_DC24_luc_valid_mse 33.58 | in_house_lnp_DC24_luc_valid_agg_mae 5.025 | in_house_lnp_DC24_luc_valid_agg_mse 33.58 | in_house_lnp_DC24_luc_valid_contrastive_L 0.257 | in_house_lnp_DC24_luc_valid_agg_rmse 5.7949 | bsz 312 | num_updates 14890
validate stats:  OrderedDict([('loss', 0.059), ('loss_in_house_lnp_B16F10_luc', 0.034), ('loss_in_house_lnp_DC24_luc', 0.025), ('in_house_lnp_B16F10_luc_valid_spearmanr_coeff', 0.873), ('in_house_lnp_B16F10_luc_valid_spearmanr_p_val', 0.0), ('in_house_lnp_B16F10_luc_valid_pearsonr_coeff', 0.843), ('in_house_lnp_B16F10_luc_valid_pearsonr_p_val', 0.0), ('in_house_lnp_B16F10_luc_valid_mae', 2.982), ('in_house_lnp_B16F10_luc_valid_mse', 12.778), ('in_house_lnp_B16F10_luc_valid_agg_mae', 2.982), ('in_house_lnp_B16F10_luc_valid_agg_mse', 12.778), ('in_house_lnp_B16F10_luc_valid_contrastive_L', 0.384), ('in_house_lnp_B16F10_luc_valid_agg_rmse', 3.5746), ('in_house_lnp_DC24_luc_valid_spearmanr_coeff', 0.944), ('in_house_lnp_DC24_luc_valid_spearmanr_p_val', 0.0), ('in_house_lnp_DC24_luc_valid_pearsonr_coeff', 0.938), ('in_house_lnp_DC24_luc_valid_pearsonr_p_val', 0.0), ('in_house_lnp_DC24_luc_valid_mae', 5.025), ('in_house_lnp_DC24_luc_valid_mse', 33.58), ('in_house_lnp_DC24_luc_valid_agg_mae', 5.025), ('in_house_lnp_DC24_luc_valid_agg_mse', 33.58), ('in_house_lnp_DC24_luc_valid_contrastive_L', 0.257), ('in_house_lnp_DC24_luc_valid_agg_rmse', 5.7949), ('bsz', 312.0), ('num_updates', 14890)])
2026-04-17 00:18:48 | INFO | unicore_cli.train | averaging ['in_house_lnp_B16F10_luc_valid_spearmanr_coeff', 'in_house_lnp_DC24_luc_valid_spearmanr_coeff'] for valid_spearmanr_coeff
2026-04-17 00:18:48 | INFO | unimol.core.checkpoint_utils | Preparing to save checkpoint for epoch 109 @ 14890 updates
2026-04-17 00:18:48 | INFO | unimol.core.trainer | Saving checkpoint to ./tmp_save_demo/save_InfoMax_Run/checkpoint109.pt
2026-04-17 00:18:49 | INFO | unimol.core.trainer | Finished saving checkpoint to ./tmp_save_demo/save_InfoMax_Run/checkpoint109.pt
2026-04-17 00:18:49 | INFO | unimol.core.checkpoint_utils | Saved checkpoint ./tmp_save_demo/save_InfoMax_Run/checkpoint109.pt (epoch 109 @ 14890 updates, score 0.9085) (writing took 0.8330202409997582 seconds)
2026-04-17 00:18:49 | INFO | unimol.core.checkpoint_utils | copy ./tmp_save_demo/save_InfoMax_Run/checkpoint109.pt to ./save_demo/save_InfoMax_Run/checkpoint109.pt
2026-04-17 00:18:49 | INFO | unicore_cli.train | end of epoch 109 (average epoch stats below)
2026-04-17 00:18:49 | INFO | train | epoch 109 | loss 0.045 | loss_in_house_lnp_B16F10_luc 0.024 | loss_in_house_lnp_DC24_luc 0.015 | ups 6.89 | bsz 15.9 | num_updates 14890 | lr 4.89901e-05 | gnorm 13.187 | clip 99.3 | loss_scale 16 | train_wall 15.41 | epoch_itr_sz 137 | gb_free 76 | wall 2133
2026-04-17 00:18:49 | INFO | unimol.core.tasks.unicore_task | get EpochBatchIterator for epoch 110
2026-04-17 00:18:49 | INFO | unimol.core.trainer | begin training epoch 110
2026-04-17 00:18:49 | INFO | unicore_cli.train | Start iterating over samples
2026-04-17 00:18:50 | INFO | unimol.core.checkpoint_utils | copy ./tmp_save_demo/save_InfoMax_Run/checkpoint109.pt to ./save_demo/save_InfoMax_Run/checkpoint_last.pt
2026-04-17 00:18:51 | INFO | unimol.core.checkpoint_utils | removing temp file ./tmp_save_demo/save_InfoMax_Run/checkpoint109.pt ...
2026-04-17 00:18:51 | INFO | unimol.core.checkpoint_utils | removed ./save_demo/save_InfoMax_Run/checkpoint99.pt
2026-04-17 00:18:51 | INFO | unimol.core.checkpoint_utils | finished async ckp saving.
2026-04-17 00:18:51 | INFO | train_inner | epoch 110:     10 / 137 loss=0.043, loss_in_house_lnp_B16F10_luc=0.024, loss_in_house_lnp_DC24_luc=0.015, ups=6.62, bsz=15.8, num_updates=14900, lr=4.89516e-05, gnorm=13.213, clip=99, loss_scale=16, train_wall=11.29, gb_free=76.1, wall=2136
2026-04-17 00:19:02 | INFO | train_inner | epoch 110:    110 / 137 loss=0.044, loss_in_house_lnp_B16F10_luc=0.024, loss_in_house_lnp_DC24_luc=0.015, ups=8.78, bsz=16, num_updates=15000, lr=4.85661e-05, gnorm=14.191, clip=100, loss_scale=16, train_wall=11.14, gb_free=76, wall=2147
2026-04-17 00:19:05 | INFO | unicore_cli.train | begin validation on "valid" subset
2026-04-17 00:19:05 | INFO | unimol.core.tasks.unicore_task | get EpochBatchIterator for epoch 1
reduce_metrics, task_name:  in_house_lnp_B16F10_luc
reduce_metrics, task_name:  in_house_lnp_DC24_luc
get_valid_stats stats:  OrderedDict([('loss', 0.061), ('loss_in_house_lnp_B16F10_luc', 0.035), ('loss_in_house_lnp_DC24_luc', 0.026), ('in_house_lnp_B16F10_luc_valid_spearmanr_coeff', 0.869), ('in_house_lnp_B16F10_luc_valid_spearmanr_p_val', 0.0), ('in_house_lnp_B16F10_luc_valid_pearsonr_coeff', 0.843), ('in_house_lnp_B16F10_luc_valid_pearsonr_p_val', 0.0), ('in_house_lnp_B16F10_luc_valid_mae', 3.0), ('in_house_lnp_B16F10_luc_valid_mse', 12.889), ('in_house_lnp_B16F10_luc_valid_agg_mae', 3.0), ('in_house_lnp_B16F10_luc_valid_agg_mse', 12.889), ('in_house_lnp_B16F10_luc_valid_contrastive_L', 0.391), ('in_house_lnp_B16F10_luc_valid_agg_rmse', 3.5902), ('in_house_lnp_DC24_luc_valid_spearmanr_coeff', 0.946), ('in_house_lnp_DC24_luc_valid_spearmanr_p_val', 0.0), ('in_house_lnp_DC24_luc_valid_pearsonr_coeff', 0.94), ('in_house_lnp_DC24_luc_valid_pearsonr_p_val', 0.0), ('in_house_lnp_DC24_luc_valid_mae', 5.126), ('in_house_lnp_DC24_luc_valid_mse', 35.305), ('in_house_lnp_DC24_luc_valid_agg_mae', 5.126), ('in_house_lnp_DC24_luc_valid_agg_mse', 35.305), ('in_house_lnp_DC24_luc_valid_contrastive_L', 0.255), ('in_house_lnp_DC24_luc_valid_agg_rmse', 5.9418), ('bsz', 312.0), ('num_updates', 15027)])
2026-04-17 00:19:07 | INFO | valid | epoch 110 | valid on 'valid' subset | loss 0.061 | loss_in_house_lnp_B16F10_luc 0.035 | loss_in_house_lnp_DC24_luc 0.026 | in_house_lnp_B16F10_luc_valid_spearmanr_coeff 0.869 | in_house_lnp_B16F10_luc_valid_spearmanr_p_val 0 | in_house_lnp_B16F10_luc_valid_pearsonr_coeff 0.843 | in_house_lnp_B16F10_luc_valid_pearsonr_p_val 0 | in_house_lnp_B16F10_luc_valid_mae 3 | in_house_lnp_B16F10_luc_valid_mse 12.889 | in_house_lnp_B16F10_luc_valid_agg_mae 3 | in_house_lnp_B16F10_luc_valid_agg_mse 12.889 | in_house_lnp_B16F10_luc_valid_contrastive_L 0.391 | in_house_lnp_B16F10_luc_valid_agg_rmse 3.5902 | in_house_lnp_DC24_luc_valid_spearmanr_coeff 0.946 | in_house_lnp_DC24_luc_valid_spearmanr_p_val 0 | in_house_lnp_DC24_luc_valid_pearsonr_coeff 0.94 | in_house_lnp_DC24_luc_valid_pearsonr_p_val 0 | in_house_lnp_DC24_luc_valid_mae 5.126 | in_house_lnp_DC24_luc_valid_mse 35.305 | in_house_lnp_DC24_luc_valid_agg_mae 5.126 | in_house_lnp_DC24_luc_valid_agg_mse 35.305 | in_house_lnp_DC24_luc_valid_contrastive_L 0.255 | in_house_lnp_DC24_luc_valid_agg_rmse 5.9418 | bsz 312 | num_updates 15027
validate stats:  OrderedDict([('loss', 0.061), ('loss_in_house_lnp_B16F10_luc', 0.035), ('loss_in_house_lnp_DC24_luc', 0.026), ('in_house_lnp_B16F10_luc_valid_spearmanr_coeff', 0.869), ('in_house_lnp_B16F10_luc_valid_spearmanr_p_val', 0.0), ('in_house_lnp_B16F10_luc_valid_pearsonr_coeff', 0.843), ('in_house_lnp_B16F10_luc_valid_pearsonr_p_val', 0.0), ('in_house_lnp_B16F10_luc_valid_mae', 3.0), ('in_house_lnp_B16F10_luc_valid_mse', 12.889), ('in_house_lnp_B16F10_luc_valid_agg_mae', 3.0), ('in_house_lnp_B16F10_luc_valid_agg_mse', 12.889), ('in_house_lnp_B16F10_luc_valid_contrastive_L', 0.391), ('in_house_lnp_B16F10_luc_valid_agg_rmse', 3.5902), ('in_house_lnp_DC24_luc_valid_spearmanr_coeff', 0.946), ('in_house_lnp_DC24_luc_valid_spearmanr_p_val', 0.0), ('in_house_lnp_DC24_luc_valid_pearsonr_coeff', 0.94), ('in_house_lnp_DC24_luc_valid_pearsonr_p_val', 0.0), ('in_house_lnp_DC24_luc_valid_mae', 5.126), ('in_house_lnp_DC24_luc_valid_mse', 35.305), ('in_house_lnp_DC24_luc_valid_agg_mae', 5.126), ('in_house_lnp_DC24_luc_valid_agg_mse', 35.305), ('in_house_lnp_DC24_luc_valid_contrastive_L', 0.255), ('in_house_lnp_DC24_luc_valid_agg_rmse', 5.9418), ('bsz', 312.0), ('num_updates', 15027)])
2026-04-17 00:19:07 | INFO | unicore_cli.train | averaging ['in_house_lnp_B16F10_luc_valid_spearmanr_coeff', 'in_house_lnp_DC24_luc_valid_spearmanr_coeff'] for valid_spearmanr_coeff
2026-04-17 00:19:07 | INFO | unimol.core.checkpoint_utils | Preparing to save checkpoint for epoch 110 @ 15027 updates
2026-04-17 00:19:07 | INFO | unimol.core.trainer | Saving checkpoint to ./tmp_save_demo/save_InfoMax_Run/checkpoint110.pt
2026-04-17 00:19:08 | INFO | unimol.core.trainer | Finished saving checkpoint to ./tmp_save_demo/save_InfoMax_Run/checkpoint110.pt
2026-04-17 00:19:08 | INFO | unimol.core.checkpoint_utils | Saved checkpoint ./tmp_save_demo/save_InfoMax_Run/checkpoint110.pt (epoch 110 @ 15027 updates, score 0.9075) (writing took 0.9480387850198895 seconds)
2026-04-17 00:19:08 | INFO | unicore_cli.train | end of epoch 110 (average epoch stats below)
2026-04-17 00:19:08 | INFO | unimol.core.checkpoint_utils | copy ./tmp_save_demo/save_InfoMax_Run/checkpoint110.pt to ./save_demo/save_InfoMax_Run/checkpoint110.pt
2026-04-17 00:19:08 | INFO | train | epoch 110 | loss 0.043 | loss_in_house_lnp_B16F10_luc 0.024 | loss_in_house_lnp_DC24_luc 0.015 | ups 7.17 | bsz 15.9 | num_updates 15027 | lr 4.84621e-05 | gnorm 14.179 | clip 100 | loss_scale 16 | train_wall 15.3 | epoch_itr_sz 137 | gb_free 76 | wall 2153
2026-04-17 00:19:08 | INFO | unimol.core.tasks.unicore_task | get EpochBatchIterator for epoch 111
2026-04-17 00:19:08 | INFO | unimol.core.trainer | begin training epoch 111
2026-04-17 00:19:08 | INFO | unicore_cli.train | Start iterating over samples
2026-04-17 00:19:09 | INFO | unimol.core.checkpoint_utils | copy ./tmp_save_demo/save_InfoMax_Run/checkpoint110.pt to ./save_demo/save_InfoMax_Run/checkpoint_last.pt
2026-04-17 00:19:10 | INFO | unimol.core.checkpoint_utils | removing temp file ./tmp_save_demo/save_InfoMax_Run/checkpoint110.pt ...
2026-04-17 00:19:10 | INFO | unimol.core.checkpoint_utils | removed ./save_demo/save_InfoMax_Run/checkpoint100.pt
2026-04-17 00:19:10 | INFO | unimol.core.checkpoint_utils | finished async ckp saving.
2026-04-17 00:19:18 | INFO | train_inner | epoch 111:     73 / 137 loss=0.044, loss_in_house_lnp_B16F10_luc=0.025, loss_in_house_lnp_DC24_luc=0.015, ups=6.41, bsz=15.9, num_updates=15100, lr=4.81807e-05, gnorm=15.922, clip=100, loss_scale=16, train_wall=11.73, gb_free=76, wall=2163
2026-04-17 00:19:25 | INFO | unicore_cli.train | begin validation on "valid" subset
2026-04-17 00:19:25 | INFO | unimol.core.tasks.unicore_task | get EpochBatchIterator for epoch 1
reduce_metrics, task_name:  in_house_lnp_B16F10_luc
reduce_metrics, task_name:  in_house_lnp_DC24_luc
get_valid_stats stats:  OrderedDict([('loss', 0.061), ('loss_in_house_lnp_B16F10_luc', 0.034), ('loss_in_house_lnp_DC24_luc', 0.027), ('in_house_lnp_B16F10_luc_valid_spearmanr_coeff', 0.873), ('in_house_lnp_B16F10_luc_valid_spearmanr_p_val', 0.0), ('in_house_lnp_B16F10_luc_valid_pearsonr_coeff', 0.847), ('in_house_lnp_B16F10_luc_valid_pearsonr_p_val', 0.0), ('in_house_lnp_B16F10_luc_valid_mae', 3.15), ('in_house_lnp_B16F10_luc_valid_mse', 14.075), ('in_house_lnp_B16F10_luc_valid_agg_mae', 3.15), ('in_house_lnp_B16F10_luc_valid_agg_mse', 14.075), ('in_house_lnp_B16F10_luc_valid_contrastive_L', 0.391), ('in_house_lnp_B16F10_luc_valid_agg_rmse', 3.7517), ('in_house_lnp_DC24_luc_valid_spearmanr_coeff', 0.944), ('in_house_lnp_DC24_luc_valid_spearmanr_p_val', 0.0), ('in_house_lnp_DC24_luc_valid_pearsonr_coeff', 0.936), ('in_house_lnp_DC24_luc_valid_pearsonr_p_val', 0.0), ('in_house_lnp_DC24_luc_valid_mae', 5.244), ('in_house_lnp_DC24_luc_valid_mse', 36.608), ('in_house_lnp_DC24_luc_valid_agg_mae', 5.244), ('in_house_lnp_DC24_luc_valid_agg_mse', 36.608), ('in_house_lnp_DC24_luc_valid_contrastive_L', 0.262), ('in_house_lnp_DC24_luc_valid_agg_rmse', 6.0504), ('bsz', 312.0), ('num_updates', 15164)])
2026-04-17 00:19:27 | INFO | valid | epoch 111 | valid on 'valid' subset | loss 0.061 | loss_in_house_lnp_B16F10_luc 0.034 | loss_in_house_lnp_DC24_luc 0.027 | in_house_lnp_B16F10_luc_valid_spearmanr_coeff 0.873 | in_house_lnp_B16F10_luc_valid_spearmanr_p_val 0 | in_house_lnp_B16F10_luc_valid_pearsonr_coeff 0.847 | in_house_lnp_B16F10_luc_valid_pearsonr_p_val 0 | in_house_lnp_B16F10_luc_valid_mae 3.15 | in_house_lnp_B16F10_luc_valid_mse 14.075 | in_house_lnp_B16F10_luc_valid_agg_mae 3.15 | in_house_lnp_B16F10_luc_valid_agg_mse 14.075 | in_house_lnp_B16F10_luc_valid_contrastive_L 0.391 | in_house_lnp_B16F10_luc_valid_agg_rmse 3.7517 | in_house_lnp_DC24_luc_valid_spearmanr_coeff 0.944 | in_house_lnp_DC24_luc_valid_spearmanr_p_val 0 | in_house_lnp_DC24_luc_valid_pearsonr_coeff 0.936 | in_house_lnp_DC24_luc_valid_pearsonr_p_val 0 | in_house_lnp_DC24_luc_valid_mae 5.244 | in_house_lnp_DC24_luc_valid_mse 36.608 | in_house_lnp_DC24_luc_valid_agg_mae 5.244 | in_house_lnp_DC24_luc_valid_agg_mse 36.608 | in_house_lnp_DC24_luc_valid_contrastive_L 0.262 | in_house_lnp_DC24_luc_valid_agg_rmse 6.0504 | bsz 312 | num_updates 15164
validate stats:  OrderedDict([('loss', 0.061), ('loss_in_house_lnp_B16F10_luc', 0.034), ('loss_in_house_lnp_DC24_luc', 0.027), ('in_house_lnp_B16F10_luc_valid_spearmanr_coeff', 0.873), ('in_house_lnp_B16F10_luc_valid_spearmanr_p_val', 0.0), ('in_house_lnp_B16F10_luc_valid_pearsonr_coeff', 0.847), ('in_house_lnp_B16F10_luc_valid_pearsonr_p_val', 0.0), ('in_house_lnp_B16F10_luc_valid_mae', 3.15), ('in_house_lnp_B16F10_luc_valid_mse', 14.075), ('in_house_lnp_B16F10_luc_valid_agg_mae', 3.15), ('in_house_lnp_B16F10_luc_valid_agg_mse', 14.075), ('in_house_lnp_B16F10_luc_valid_contrastive_L', 0.391), ('in_house_lnp_B16F10_luc_valid_agg_rmse', 3.7517), ('in_house_lnp_DC24_luc_valid_spearmanr_coeff', 0.944), ('in_house_lnp_DC24_luc_valid_spearmanr_p_val', 0.0), ('in_house_lnp_DC24_luc_valid_pearsonr_coeff', 0.936), ('in_house_lnp_DC24_luc_valid_pearsonr_p_val', 0.0), ('in_house_lnp_DC24_luc_valid_mae', 5.244), ('in_house_lnp_DC24_luc_valid_mse', 36.608), ('in_house_lnp_DC24_luc_valid_agg_mae', 5.244), ('in_house_lnp_DC24_luc_valid_agg_mse', 36.608), ('in_house_lnp_DC24_luc_valid_contrastive_L', 0.262), ('in_house_lnp_DC24_luc_valid_agg_rmse', 6.0504), ('bsz', 312.0), ('num_updates', 15164)])
2026-04-17 00:19:27 | INFO | unicore_cli.train | averaging ['in_house_lnp_B16F10_luc_valid_spearmanr_coeff', 'in_house_lnp_DC24_luc_valid_spearmanr_coeff'] for valid_spearmanr_coeff
2026-04-17 00:19:27 | INFO | unimol.core.checkpoint_utils | Preparing to save checkpoint for epoch 111 @ 15164 updates
2026-04-17 00:19:27 | INFO | unimol.core.trainer | Saving checkpoint to ./tmp_save_demo/save_InfoMax_Run/checkpoint111.pt
2026-04-17 00:19:28 | INFO | unimol.core.trainer | Finished saving checkpoint to ./tmp_save_demo/save_InfoMax_Run/checkpoint111.pt
2026-04-17 00:19:28 | INFO | unimol.core.checkpoint_utils | Saved checkpoint ./tmp_save_demo/save_InfoMax_Run/checkpoint111.pt (epoch 111 @ 15164 updates, score 0.9085) (writing took 0.9269354840507731 seconds)
2026-04-17 00:19:28 | INFO | unimol.core.checkpoint_utils | copy ./tmp_save_demo/save_InfoMax_Run/checkpoint111.pt to ./save_demo/save_InfoMax_Run/checkpoint111.pt
2026-04-17 00:19:28 | INFO | unicore_cli.train | end of epoch 111 (average epoch stats below)
2026-04-17 00:19:28 | INFO | train | epoch 111 | loss 0.044 | loss_in_house_lnp_B16F10_luc 0.024 | loss_in_house_lnp_DC24_luc 0.015 | ups 6.86 | bsz 15.9 | num_updates 15164 | lr 4.7934e-05 | gnorm 15.55 | clip 99.3 | loss_scale 32 | train_wall 15.94 | epoch_itr_sz 137 | gb_free 76 | wall 2173
2026-04-17 00:19:28 | INFO | unimol.core.tasks.unicore_task | get EpochBatchIterator for epoch 112
2026-04-17 00:19:28 | INFO | unimol.core.trainer | begin training epoch 112
2026-04-17 00:19:28 | INFO | unicore_cli.train | Start iterating over samples
2026-04-17 00:19:29 | INFO | unimol.core.checkpoint_utils | copy ./tmp_save_demo/save_InfoMax_Run/checkpoint111.pt to ./save_demo/save_InfoMax_Run/checkpoint_last.pt
2026-04-17 00:19:30 | INFO | unimol.core.checkpoint_utils | removing temp file ./tmp_save_demo/save_InfoMax_Run/checkpoint111.pt ...
2026-04-17 00:19:30 | INFO | unimol.core.checkpoint_utils | removed ./save_demo/save_InfoMax_Run/checkpoint101.pt
2026-04-17 00:19:30 | INFO | unimol.core.checkpoint_utils | finished async ckp saving.
2026-04-17 00:19:33 | INFO | train_inner | epoch 112:     36 / 137 loss=0.042, loss_in_house_lnp_B16F10_luc=0.023, loss_in_house_lnp_DC24_luc=0.015, ups=6.49, bsz=16, num_updates=15200, lr=4.77953e-05, gnorm=14.003, clip=99, loss_scale=32, train_wall=11.36, gb_free=76, wall=2178
2026-04-17 00:19:42 | INFO | unimol.core.trainer | NOTE: gradient overflow detected, ignoring gradient, setting loss scale to: 16.0
2026-04-17 00:19:45 | INFO | train_inner | epoch 112:    137 / 137 loss=0.044, loss_in_house_lnp_B16F10_luc=0.024, loss_in_house_lnp_DC24_luc=0.015, ups=8.62, bsz=15.9, num_updates=15300, lr=4.74098e-05, gnorm=15.246, clip=100, loss_scale=16, train_wall=11.31, gb_free=76, wall=2190
2026-04-17 00:19:45 | INFO | unicore_cli.train | begin validation on "valid" subset
2026-04-17 00:19:45 | INFO | unimol.core.tasks.unicore_task | get EpochBatchIterator for epoch 1
reduce_metrics, task_name:  in_house_lnp_B16F10_luc
reduce_metrics, task_name:  in_house_lnp_DC24_luc
get_valid_stats stats:  OrderedDict([('loss', 0.063), ('loss_in_house_lnp_B16F10_luc', 0.036), ('loss_in_house_lnp_DC24_luc', 0.027), ('in_house_lnp_B16F10_luc_valid_spearmanr_coeff', 0.868), ('in_house_lnp_B16F10_luc_valid_spearmanr_p_val', 0.0), ('in_house_lnp_B16F10_luc_valid_pearsonr_coeff', 0.843), ('in_house_lnp_B16F10_luc_valid_pearsonr_p_val', 0.0), ('in_house_lnp_B16F10_luc_valid_mae', 3.203), ('in_house_lnp_B16F10_luc_valid_mse', 15.003), ('in_house_lnp_B16F10_luc_valid_agg_mae', 3.203), ('in_house_lnp_B16F10_luc_valid_agg_mse', 15.003), ('in_house_lnp_B16F10_luc_valid_contrastive_L', 0.404), ('in_house_lnp_B16F10_luc_valid_agg_rmse', 3.8733), ('in_house_lnp_DC24_luc_valid_spearmanr_coeff', 0.942), ('in_house_lnp_DC24_luc_valid_spearmanr_p_val', 0.0), ('in_house_lnp_DC24_luc_valid_pearsonr_coeff', 0.935), ('in_house_lnp_DC24_luc_valid_pearsonr_p_val', 0.0), ('in_house_lnp_DC24_luc_valid_mae', 5.147), ('in_house_lnp_DC24_luc_valid_mse', 34.946), ('in_house_lnp_DC24_luc_valid_agg_mae', 5.147), ('in_house_lnp_DC24_luc_valid_agg_mse', 34.946), ('in_house_lnp_DC24_luc_valid_contrastive_L', 0.268), ('in_house_lnp_DC24_luc_valid_agg_rmse', 5.9115), ('bsz', 312.0), ('num_updates', 15300)])
2026-04-17 00:19:47 | INFO | valid | epoch 112 | valid on 'valid' subset | loss 0.063 | loss_in_house_lnp_B16F10_luc 0.036 | loss_in_house_lnp_DC24_luc 0.027 | in_house_lnp_B16F10_luc_valid_spearmanr_coeff 0.868 | in_house_lnp_B16F10_luc_valid_spearmanr_p_val 0 | in_house_lnp_B16F10_luc_valid_pearsonr_coeff 0.843 | in_house_lnp_B16F10_luc_valid_pearsonr_p_val 0 | in_house_lnp_B16F10_luc_valid_mae 3.203 | in_house_lnp_B16F10_luc_valid_mse 15.003 | in_house_lnp_B16F10_luc_valid_agg_mae 3.203 | in_house_lnp_B16F10_luc_valid_agg_mse 15.003 | in_house_lnp_B16F10_luc_valid_contrastive_L 0.404 | in_house_lnp_B16F10_luc_valid_agg_rmse 3.8733 | in_house_lnp_DC24_luc_valid_spearmanr_coeff 0.942 | in_house_lnp_DC24_luc_valid_spearmanr_p_val 0 | in_house_lnp_DC24_luc_valid_pearsonr_coeff 0.935 | in_house_lnp_DC24_luc_valid_pearsonr_p_val 0 | in_house_lnp_DC24_luc_valid_mae 5.147 | in_house_lnp_DC24_luc_valid_mse 34.946 | in_house_lnp_DC24_luc_valid_agg_mae 5.147 | in_house_lnp_DC24_luc_valid_agg_mse 34.946 | in_house_lnp_DC24_luc_valid_contrastive_L 0.268 | in_house_lnp_DC24_luc_valid_agg_rmse 5.9115 | bsz 312 | num_updates 15300
validate stats:  OrderedDict([('loss', 0.063), ('loss_in_house_lnp_B16F10_luc', 0.036), ('loss_in_house_lnp_DC24_luc', 0.027), ('in_house_lnp_B16F10_luc_valid_spearmanr_coeff', 0.868), ('in_house_lnp_B16F10_luc_valid_spearmanr_p_val', 0.0), ('in_house_lnp_B16F10_luc_valid_pearsonr_coeff', 0.843), ('in_house_lnp_B16F10_luc_valid_pearsonr_p_val', 0.0), ('in_house_lnp_B16F10_luc_valid_mae', 3.203), ('in_house_lnp_B16F10_luc_valid_mse', 15.003), ('in_house_lnp_B16F10_luc_valid_agg_mae', 3.203), ('in_house_lnp_B16F10_luc_valid_agg_mse', 15.003), ('in_house_lnp_B16F10_luc_valid_contrastive_L', 0.404), ('in_house_lnp_B16F10_luc_valid_agg_rmse', 3.8733), ('in_house_lnp_DC24_luc_valid_spearmanr_coeff', 0.942), ('in_house_lnp_DC24_luc_valid_spearmanr_p_val', 0.0), ('in_house_lnp_DC24_luc_valid_pearsonr_coeff', 0.935), ('in_house_lnp_DC24_luc_valid_pearsonr_p_val', 0.0), ('in_house_lnp_DC24_luc_valid_mae', 5.147), ('in_house_lnp_DC24_luc_valid_mse', 34.946), ('in_house_lnp_DC24_luc_valid_agg_mae', 5.147), ('in_house_lnp_DC24_luc_valid_agg_mse', 34.946), ('in_house_lnp_DC24_luc_valid_contrastive_L', 0.268), ('in_house_lnp_DC24_luc_valid_agg_rmse', 5.9115), ('bsz', 312.0), ('num_updates', 15300)])
2026-04-17 00:19:47 | INFO | unicore_cli.train | averaging ['in_house_lnp_B16F10_luc_valid_spearmanr_coeff', 'in_house_lnp_DC24_luc_valid_spearmanr_coeff'] for valid_spearmanr_coeff
2026-04-17 00:19:47 | INFO | unimol.core.checkpoint_utils | Preparing to save checkpoint for epoch 112 @ 15300 updates
2026-04-17 00:19:47 | INFO | unimol.core.trainer | Saving checkpoint to ./tmp_save_demo/save_InfoMax_Run/checkpoint112.pt
2026-04-17 00:19:47 | INFO | unimol.core.trainer | Finished saving checkpoint to ./tmp_save_demo/save_InfoMax_Run/checkpoint112.pt
2026-04-17 00:19:47 | INFO | unimol.core.checkpoint_utils | Saved checkpoint ./tmp_save_demo/save_InfoMax_Run/checkpoint112.pt (epoch 112 @ 15300 updates, score 0.905) (writing took 0.8620658629806712 seconds)
2026-04-17 00:19:47 | INFO | unicore_cli.train | end of epoch 112 (average epoch stats below)
2026-04-17 00:19:47 | INFO | unimol.core.checkpoint_utils | copy ./tmp_save_demo/save_InfoMax_Run/checkpoint112.pt to ./save_demo/save_InfoMax_Run/checkpoint112.pt
2026-04-17 00:19:47 | INFO | train | epoch 112 | loss 0.044 | loss_in_house_lnp_B16F10_luc 0.024 | loss_in_house_lnp_DC24_luc 0.015 | ups 6.88 | bsz 15.9 | num_updates 15300 | lr 4.74098e-05 | gnorm 14.23 | clip 100 | loss_scale 16 | train_wall 15.68 | epoch_itr_sz 137 | gb_free 76 | wall 2192
2026-04-17 00:19:47 | INFO | unimol.core.tasks.unicore_task | get EpochBatchIterator for epoch 113
2026-04-17 00:19:48 | INFO | unimol.core.trainer | begin training epoch 113
2026-04-17 00:19:48 | INFO | unicore_cli.train | Start iterating over samples
2026-04-17 00:19:49 | INFO | unimol.core.checkpoint_utils | copy ./tmp_save_demo/save_InfoMax_Run/checkpoint112.pt to ./save_demo/save_InfoMax_Run/checkpoint_last.pt
2026-04-17 00:19:49 | INFO | unimol.core.checkpoint_utils | removing temp file ./tmp_save_demo/save_InfoMax_Run/checkpoint112.pt ...
2026-04-17 00:19:49 | INFO | unimol.core.checkpoint_utils | removed ./save_demo/save_InfoMax_Run/checkpoint102.pt
2026-04-17 00:19:49 | INFO | unimol.core.checkpoint_utils | finished async ckp saving.
2026-04-17 00:20:00 | INFO | train_inner | epoch 113:    100 / 137 loss=0.044, loss_in_house_lnp_B16F10_luc=0.024, loss_in_house_lnp_DC24_luc=0.015, ups=6.56, bsz=15.9, num_updates=15400, lr=4.70244e-05, gnorm=17.903, clip=100, loss_scale=16, train_wall=11.42, gb_free=76, wall=2205
2026-04-17 00:20:04 | INFO | unicore_cli.train | begin validation on "valid" subset
2026-04-17 00:20:04 | INFO | unimol.core.tasks.unicore_task | get EpochBatchIterator for epoch 1
reduce_metrics, task_name:  in_house_lnp_B16F10_luc
reduce_metrics, task_name:  in_house_lnp_DC24_luc
get_valid_stats stats:  OrderedDict([('loss', 0.062), ('loss_in_house_lnp_B16F10_luc', 0.035), ('loss_in_house_lnp_DC24_luc', 0.027), ('in_house_lnp_B16F10_luc_valid_spearmanr_coeff', 0.869), ('in_house_lnp_B16F10_luc_valid_spearmanr_p_val', 0.0), ('in_house_lnp_B16F10_luc_valid_pearsonr_coeff', 0.835), ('in_house_lnp_B16F10_luc_valid_pearsonr_p_val', 0.0), ('in_house_lnp_B16F10_luc_valid_mae', 2.974), ('in_house_lnp_B16F10_luc_valid_mse', 13.262), ('in_house_lnp_B16F10_luc_valid_agg_mae', 2.974), ('in_house_lnp_B16F10_luc_valid_agg_mse', 13.262), ('in_house_lnp_B16F10_luc_valid_contrastive_L', 0.395), ('in_house_lnp_B16F10_luc_valid_agg_rmse', 3.6417), ('in_house_lnp_DC24_luc_valid_spearmanr_coeff', 0.943), ('in_house_lnp_DC24_luc_valid_spearmanr_p_val', 0.0), ('in_house_lnp_DC24_luc_valid_pearsonr_coeff', 0.933), ('in_house_lnp_DC24_luc_valid_pearsonr_p_val', 0.0), ('in_house_lnp_DC24_luc_valid_mae', 5.141), ('in_house_lnp_DC24_luc_valid_mse', 35.509), ('in_house_lnp_DC24_luc_valid_agg_mae', 5.141), ('in_house_lnp_DC24_luc_valid_agg_mse', 35.509), ('in_house_lnp_DC24_luc_valid_contrastive_L', 0.271), ('in_house_lnp_DC24_luc_valid_agg_rmse', 5.959), ('bsz', 312.0), ('num_updates', 15437)])
2026-04-17 00:20:06 | INFO | valid | epoch 113 | valid on 'valid' subset | loss 0.062 | loss_in_house_lnp_B16F10_luc 0.035 | loss_in_house_lnp_DC24_luc 0.027 | in_house_lnp_B16F10_luc_valid_spearmanr_coeff 0.869 | in_house_lnp_B16F10_luc_valid_spearmanr_p_val 0 | in_house_lnp_B16F10_luc_valid_pearsonr_coeff 0.835 | in_house_lnp_B16F10_luc_valid_pearsonr_p_val 0 | in_house_lnp_B16F10_luc_valid_mae 2.974 | in_house_lnp_B16F10_luc_valid_mse 13.262 | in_house_lnp_B16F10_luc_valid_agg_mae 2.974 | in_house_lnp_B16F10_luc_valid_agg_mse 13.262 | in_house_lnp_B16F10_luc_valid_contrastive_L 0.395 | in_house_lnp_B16F10_luc_valid_agg_rmse 3.6417 | in_house_lnp_DC24_luc_valid_spearmanr_coeff 0.943 | in_house_lnp_DC24_luc_valid_spearmanr_p_val 0 | in_house_lnp_DC24_luc_valid_pearsonr_coeff 0.933 | in_house_lnp_DC24_luc_valid_pearsonr_p_val 0 | in_house_lnp_DC24_luc_valid_mae 5.141 | in_house_lnp_DC24_luc_valid_mse 35.509 | in_house_lnp_DC24_luc_valid_agg_mae 5.141 | in_house_lnp_DC24_luc_valid_agg_mse 35.509 | in_house_lnp_DC24_luc_valid_contrastive_L 0.271 | in_house_lnp_DC24_luc_valid_agg_rmse 5.959 | bsz 312 | num_updates 15437
validate stats:  OrderedDict([('loss', 0.062), ('loss_in_house_lnp_B16F10_luc', 0.035), ('loss_in_house_lnp_DC24_luc', 0.027), ('in_house_lnp_B16F10_luc_valid_spearmanr_coeff', 0.869), ('in_house_lnp_B16F10_luc_valid_spearmanr_p_val', 0.0), ('in_house_lnp_B16F10_luc_valid_pearsonr_coeff', 0.835), ('in_house_lnp_B16F10_luc_valid_pearsonr_p_val', 0.0), ('in_house_lnp_B16F10_luc_valid_mae', 2.974), ('in_house_lnp_B16F10_luc_valid_mse', 13.262), ('in_house_lnp_B16F10_luc_valid_agg_mae', 2.974), ('in_house_lnp_B16F10_luc_valid_agg_mse', 13.262), ('in_house_lnp_B16F10_luc_valid_contrastive_L', 0.395), ('in_house_lnp_B16F10_luc_valid_agg_rmse', 3.6417), ('in_house_lnp_DC24_luc_valid_spearmanr_coeff', 0.943), ('in_house_lnp_DC24_luc_valid_spearmanr_p_val', 0.0), ('in_house_lnp_DC24_luc_valid_pearsonr_coeff', 0.933), ('in_house_lnp_DC24_luc_valid_pearsonr_p_val', 0.0), ('in_house_lnp_DC24_luc_valid_mae', 5.141), ('in_house_lnp_DC24_luc_valid_mse', 35.509), ('in_house_lnp_DC24_luc_valid_agg_mae', 5.141), ('in_house_lnp_DC24_luc_valid_agg_mse', 35.509), ('in_house_lnp_DC24_luc_valid_contrastive_L', 0.271), ('in_house_lnp_DC24_luc_valid_agg_rmse', 5.959), ('bsz', 312.0), ('num_updates', 15437)])
2026-04-17 00:20:06 | INFO | unicore_cli.train | averaging ['in_house_lnp_B16F10_luc_valid_spearmanr_coeff', 'in_house_lnp_DC24_luc_valid_spearmanr_coeff'] for valid_spearmanr_coeff
2026-04-17 00:20:06 | INFO | unimol.core.checkpoint_utils | Preparing to save checkpoint for epoch 113 @ 15437 updates
2026-04-17 00:20:06 | INFO | unimol.core.trainer | Saving checkpoint to ./tmp_save_demo/save_InfoMax_Run/checkpoint113.pt
2026-04-17 00:20:07 | INFO | unimol.core.trainer | Finished saving checkpoint to ./tmp_save_demo/save_InfoMax_Run/checkpoint113.pt
2026-04-17 00:20:07 | INFO | unimol.core.checkpoint_utils | Saved checkpoint ./tmp_save_demo/save_InfoMax_Run/checkpoint113.pt (epoch 113 @ 15437 updates, score 0.9059999999999999) (writing took 0.8969312111148611 seconds)
2026-04-17 00:20:07 | INFO | unimol.core.checkpoint_utils | copy ./tmp_save_demo/save_InfoMax_Run/checkpoint113.pt to ./save_demo/save_InfoMax_Run/checkpoint113.pt
2026-04-17 00:20:07 | INFO | unicore_cli.train | end of epoch 113 (average epoch stats below)
2026-04-17 00:20:07 | INFO | train | epoch 113 | loss 0.043 | loss_in_house_lnp_B16F10_luc 0.024 | loss_in_house_lnp_DC24_luc 0.015 | ups 7.1 | bsz 15.9 | num_updates 15437 | lr 4.68817e-05 | gnorm 16.161 | clip 99.3 | loss_scale 16 | train_wall 15.3 | epoch_itr_sz 137 | gb_free 76 | wall 2212
2026-04-17 00:20:07 | INFO | unimol.core.tasks.unicore_task | get EpochBatchIterator for epoch 114
2026-04-17 00:20:07 | INFO | unimol.core.trainer | begin training epoch 114
2026-04-17 00:20:07 | INFO | unicore_cli.train | Start iterating over samples
2026-04-17 00:20:08 | INFO | unimol.core.checkpoint_utils | copy ./tmp_save_demo/save_InfoMax_Run/checkpoint113.pt to ./save_demo/save_InfoMax_Run/checkpoint_last.pt
2026-04-17 00:20:09 | INFO | unimol.core.checkpoint_utils | removing temp file ./tmp_save_demo/save_InfoMax_Run/checkpoint113.pt ...
2026-04-17 00:20:09 | INFO | unimol.core.checkpoint_utils | removed ./save_demo/save_InfoMax_Run/checkpoint103.pt
2026-04-17 00:20:09 | INFO | unimol.core.checkpoint_utils | finished async ckp saving.
2026-04-17 00:20:15 | INFO | train_inner | epoch 114:     63 / 137 loss=0.045, loss_in_house_lnp_B16F10_luc=0.024, loss_in_house_lnp_DC24_luc=0.016, ups=6.68, bsz=16, num_updates=15500, lr=4.66389e-05, gnorm=15.328, clip=99, loss_scale=16, train_wall=11.08, gb_free=76, wall=2220
2026-04-17 00:20:23 | INFO | unicore_cli.train | begin validation on "valid" subset
2026-04-17 00:20:23 | INFO | unimol.core.tasks.unicore_task | get EpochBatchIterator for epoch 1
reduce_metrics, task_name:  in_house_lnp_B16F10_luc
reduce_metrics, task_name:  in_house_lnp_DC24_luc
get_valid_stats stats:  OrderedDict([('loss', 0.061), ('loss_in_house_lnp_B16F10_luc', 0.035), ('loss_in_house_lnp_DC24_luc', 0.027), ('in_house_lnp_B16F10_luc_valid_spearmanr_coeff', 0.871), ('in_house_lnp_B16F10_luc_valid_spearmanr_p_val', 0.0), ('in_house_lnp_B16F10_luc_valid_pearsonr_coeff', 0.839), ('in_house_lnp_B16F10_luc_valid_pearsonr_p_val', 0.0), ('in_house_lnp_B16F10_luc_valid_mae', 3.122), ('in_house_lnp_B16F10_luc_valid_mse', 14.239), ('in_house_lnp_B16F10_luc_valid_agg_mae', 3.122), ('in_house_lnp_B16F10_luc_valid_agg_mse', 14.239), ('in_house_lnp_B16F10_luc_valid_contrastive_L', 0.394), ('in_house_lnp_B16F10_luc_valid_agg_rmse', 3.7735), ('in_house_lnp_DC24_luc_valid_spearmanr_coeff', 0.945), ('in_house_lnp_DC24_luc_valid_spearmanr_p_val', 0.0), ('in_house_lnp_DC24_luc_valid_pearsonr_coeff', 0.938), ('in_house_lnp_DC24_luc_valid_pearsonr_p_val', 0.0), ('in_house_lnp_DC24_luc_valid_mae', 5.166), ('in_house_lnp_DC24_luc_valid_mse', 35.962), ('in_house_lnp_DC24_luc_valid_agg_mae', 5.166), ('in_house_lnp_DC24_luc_valid_agg_mse', 35.962), ('in_house_lnp_DC24_luc_valid_contrastive_L', 0.262), ('in_house_lnp_DC24_luc_valid_agg_rmse', 5.9968), ('bsz', 312.0), ('num_updates', 15574)])
2026-04-17 00:20:25 | INFO | valid | epoch 114 | valid on 'valid' subset | loss 0.061 | loss_in_house_lnp_B16F10_luc 0.035 | loss_in_house_lnp_DC24_luc 0.027 | in_house_lnp_B16F10_luc_valid_spearmanr_coeff 0.871 | in_house_lnp_B16F10_luc_valid_spearmanr_p_val 0 | in_house_lnp_B16F10_luc_valid_pearsonr_coeff 0.839 | in_house_lnp_B16F10_luc_valid_pearsonr_p_val 0 | in_house_lnp_B16F10_luc_valid_mae 3.122 | in_house_lnp_B16F10_luc_valid_mse 14.239 | in_house_lnp_B16F10_luc_valid_agg_mae 3.122 | in_house_lnp_B16F10_luc_valid_agg_mse 14.239 | in_house_lnp_B16F10_luc_valid_contrastive_L 0.394 | in_house_lnp_B16F10_luc_valid_agg_rmse 3.7735 | in_house_lnp_DC24_luc_valid_spearmanr_coeff 0.945 | in_house_lnp_DC24_luc_valid_spearmanr_p_val 0 | in_house_lnp_DC24_luc_valid_pearsonr_coeff 0.938 | in_house_lnp_DC24_luc_valid_pearsonr_p_val 0 | in_house_lnp_DC24_luc_valid_mae 5.166 | in_house_lnp_DC24_luc_valid_mse 35.962 | in_house_lnp_DC24_luc_valid_agg_mae 5.166 | in_house_lnp_DC24_luc_valid_agg_mse 35.962 | in_house_lnp_DC24_luc_valid_contrastive_L 0.262 | in_house_lnp_DC24_luc_valid_agg_rmse 5.9968 | bsz 312 | num_updates 15574
validate stats:  OrderedDict([('loss', 0.061), ('loss_in_house_lnp_B16F10_luc', 0.035), ('loss_in_house_lnp_DC24_luc', 0.027), ('in_house_lnp_B16F10_luc_valid_spearmanr_coeff', 0.871), ('in_house_lnp_B16F10_luc_valid_spearmanr_p_val', 0.0), ('in_house_lnp_B16F10_luc_valid_pearsonr_coeff', 0.839), ('in_house_lnp_B16F10_luc_valid_pearsonr_p_val', 0.0), ('in_house_lnp_B16F10_luc_valid_mae', 3.122), ('in_house_lnp_B16F10_luc_valid_mse', 14.239), ('in_house_lnp_B16F10_luc_valid_agg_mae', 3.122), ('in_house_lnp_B16F10_luc_valid_agg_mse', 14.239), ('in_house_lnp_B16F10_luc_valid_contrastive_L', 0.394), ('in_house_lnp_B16F10_luc_valid_agg_rmse', 3.7735), ('in_house_lnp_DC24_luc_valid_spearmanr_coeff', 0.945), ('in_house_lnp_DC24_luc_valid_spearmanr_p_val', 0.0), ('in_house_lnp_DC24_luc_valid_pearsonr_coeff', 0.938), ('in_house_lnp_DC24_luc_valid_pearsonr_p_val', 0.0), ('in_house_lnp_DC24_luc_valid_mae', 5.166), ('in_house_lnp_DC24_luc_valid_mse', 35.962), ('in_house_lnp_DC24_luc_valid_agg_mae', 5.166), ('in_house_lnp_DC24_luc_valid_agg_mse', 35.962), ('in_house_lnp_DC24_luc_valid_contrastive_L', 0.262), ('in_house_lnp_DC24_luc_valid_agg_rmse', 5.9968), ('bsz', 312.0), ('num_updates', 15574)])
2026-04-17 00:20:25 | INFO | unicore_cli.train | averaging ['in_house_lnp_B16F10_luc_valid_spearmanr_coeff', 'in_house_lnp_DC24_luc_valid_spearmanr_coeff'] for valid_spearmanr_coeff
2026-04-17 00:20:25 | INFO | unimol.core.checkpoint_utils | Preparing to save checkpoint for epoch 114 @ 15574 updates
2026-04-17 00:20:25 | INFO | unimol.core.trainer | Saving checkpoint to ./tmp_save_demo/save_InfoMax_Run/checkpoint114.pt
2026-04-17 00:20:26 | INFO | unimol.core.trainer | Finished saving checkpoint to ./tmp_save_demo/save_InfoMax_Run/checkpoint114.pt
2026-04-17 00:20:26 | INFO | unimol.core.checkpoint_utils | Saved checkpoint ./tmp_save_demo/save_InfoMax_Run/checkpoint114.pt (epoch 114 @ 15574 updates, score 0.9079999999999999) (writing took 0.9077381989918649 seconds)
2026-04-17 00:20:26 | INFO | unicore_cli.train | end of epoch 114 (average epoch stats below)
2026-04-17 00:20:26 | INFO | unimol.core.checkpoint_utils | copy ./tmp_save_demo/save_InfoMax_Run/checkpoint114.pt to ./save_demo/save_InfoMax_Run/checkpoint114.pt
2026-04-17 00:20:26 | INFO | train | epoch 114 | loss 0.043 | loss_in_house_lnp_B16F10_luc 0.023 | loss_in_house_lnp_DC24_luc 0.015 | ups 7.12 | bsz 15.9 | num_updates 15574 | lr 4.63537e-05 | gnorm 14.532 | clip 100 | loss_scale 32 | train_wall 15.23 | epoch_itr_sz 137 | gb_free 76 | wall 2231
2026-04-17 00:20:26 | INFO | unimol.core.tasks.unicore_task | get EpochBatchIterator for epoch 115
2026-04-17 00:20:26 | INFO | unimol.core.trainer | begin training epoch 115
2026-04-17 00:20:26 | INFO | unicore_cli.train | Start iterating over samples
2026-04-17 00:20:27 | INFO | unimol.core.checkpoint_utils | copy ./tmp_save_demo/save_InfoMax_Run/checkpoint114.pt to ./save_demo/save_InfoMax_Run/checkpoint_last.pt
2026-04-17 00:20:28 | INFO | unimol.core.checkpoint_utils | removing temp file ./tmp_save_demo/save_InfoMax_Run/checkpoint114.pt ...
2026-04-17 00:20:28 | INFO | unimol.core.checkpoint_utils | removed ./save_demo/save_InfoMax_Run/checkpoint104.pt
2026-04-17 00:20:28 | INFO | unimol.core.checkpoint_utils | finished async ckp saving.
2026-04-17 00:20:30 | INFO | train_inner | epoch 115:     26 / 137 loss=0.041, loss_in_house_lnp_B16F10_luc=0.022, loss_in_house_lnp_DC24_luc=0.014, ups=6.6, bsz=15.9, num_updates=15600, lr=4.62535e-05, gnorm=11.776, clip=100, loss_scale=32, train_wall=11.29, gb_free=76, wall=2235
2026-04-17 00:20:42 | INFO | train_inner | epoch 115:    126 / 137 loss=0.044, loss_in_house_lnp_B16F10_luc=0.024, loss_in_house_lnp_DC24_luc=0.014, ups=8.8, bsz=15.9, num_updates=15700, lr=4.5868e-05, gnorm=15.596, clip=99, loss_scale=32, train_wall=11.12, gb_free=76, wall=2247
2026-04-17 00:20:43 | INFO | unicore_cli.train | begin validation on "valid" subset
2026-04-17 00:20:43 | INFO | unimol.core.tasks.unicore_task | get EpochBatchIterator for epoch 1
reduce_metrics, task_name:  in_house_lnp_B16F10_luc
reduce_metrics, task_name:  in_house_lnp_DC24_luc
get_valid_stats stats:  OrderedDict([('loss', 0.059), ('loss_in_house_lnp_B16F10_luc', 0.033), ('loss_in_house_lnp_DC24_luc', 0.026), ('in_house_lnp_B16F10_luc_valid_spearmanr_coeff', 0.878), ('in_house_lnp_B16F10_luc_valid_spearmanr_p_val', 0.0), ('in_house_lnp_B16F10_luc_valid_pearsonr_coeff', 0.851), ('in_house_lnp_B16F10_luc_valid_pearsonr_p_val', 0.0), ('in_house_lnp_B16F10_luc_valid_mae', 3.007), ('in_house_lnp_B16F10_luc_valid_mse', 13.094), ('in_house_lnp_B16F10_luc_valid_agg_mae', 3.007), ('in_house_lnp_B16F10_luc_valid_agg_mse', 13.094), ('in_house_lnp_B16F10_luc_valid_contrastive_L', 0.374), ('in_house_lnp_B16F10_luc_valid_agg_rmse', 3.6186), ('in_house_lnp_DC24_luc_valid_spearmanr_coeff', 0.944), ('in_house_lnp_DC24_luc_valid_spearmanr_p_val', 0.0), ('in_house_lnp_DC24_luc_valid_pearsonr_coeff', 0.937), ('in_house_lnp_DC24_luc_valid_pearsonr_p_val', 0.0), ('in_house_lnp_DC24_luc_valid_mae', 5.126), ('in_house_lnp_DC24_luc_valid_mse', 35.165), ('in_house_lnp_DC24_luc_valid_agg_mae', 5.126), ('in_house_lnp_DC24_luc_valid_agg_mse', 35.165), ('in_house_lnp_DC24_luc_valid_contrastive_L', 0.261), ('in_house_lnp_DC24_luc_valid_agg_rmse', 5.93), ('bsz', 312.0), ('num_updates', 15711)])
2026-04-17 00:20:45 | INFO | valid | epoch 115 | valid on 'valid' subset | loss 0.059 | loss_in_house_lnp_B16F10_luc 0.033 | loss_in_house_lnp_DC24_luc 0.026 | in_house_lnp_B16F10_luc_valid_spearmanr_coeff 0.878 | in_house_lnp_B16F10_luc_valid_spearmanr_p_val 0 | in_house_lnp_B16F10_luc_valid_pearsonr_coeff 0.851 | in_house_lnp_B16F10_luc_valid_pearsonr_p_val 0 | in_house_lnp_B16F10_luc_valid_mae 3.007 | in_house_lnp_B16F10_luc_valid_mse 13.094 | in_house_lnp_B16F10_luc_valid_agg_mae 3.007 | in_house_lnp_B16F10_luc_valid_agg_mse 13.094 | in_house_lnp_B16F10_luc_valid_contrastive_L 0.374 | in_house_lnp_B16F10_luc_valid_agg_rmse 3.6186 | in_house_lnp_DC24_luc_valid_spearmanr_coeff 0.944 | in_house_lnp_DC24_luc_valid_spearmanr_p_val 0 | in_house_lnp_DC24_luc_valid_pearsonr_coeff 0.937 | in_house_lnp_DC24_luc_valid_pearsonr_p_val 0 | in_house_lnp_DC24_luc_valid_mae 5.126 | in_house_lnp_DC24_luc_valid_mse 35.165 | in_house_lnp_DC24_luc_valid_agg_mae 5.126 | in_house_lnp_DC24_luc_valid_agg_mse 35.165 | in_house_lnp_DC24_luc_valid_contrastive_L 0.261 | in_house_lnp_DC24_luc_valid_agg_rmse 5.93 | bsz 312 | num_updates 15711
validate stats:  OrderedDict([('loss', 0.059), ('loss_in_house_lnp_B16F10_luc', 0.033), ('loss_in_house_lnp_DC24_luc', 0.026), ('in_house_lnp_B16F10_luc_valid_spearmanr_coeff', 0.878), ('in_house_lnp_B16F10_luc_valid_spearmanr_p_val', 0.0), ('in_house_lnp_B16F10_luc_valid_pearsonr_coeff', 0.851), ('in_house_lnp_B16F10_luc_valid_pearsonr_p_val', 0.0), ('in_house_lnp_B16F10_luc_valid_mae', 3.007), ('in_house_lnp_B16F10_luc_valid_mse', 13.094), ('in_house_lnp_B16F10_luc_valid_agg_mae', 3.007), ('in_house_lnp_B16F10_luc_valid_agg_mse', 13.094), ('in_house_lnp_B16F10_luc_valid_contrastive_L', 0.374), ('in_house_lnp_B16F10_luc_valid_agg_rmse', 3.6186), ('in_house_lnp_DC24_luc_valid_spearmanr_coeff', 0.944), ('in_house_lnp_DC24_luc_valid_spearmanr_p_val', 0.0), ('in_house_lnp_DC24_luc_valid_pearsonr_coeff', 0.937), ('in_house_lnp_DC24_luc_valid_pearsonr_p_val', 0.0), ('in_house_lnp_DC24_luc_valid_mae', 5.126), ('in_house_lnp_DC24_luc_valid_mse', 35.165), ('in_house_lnp_DC24_luc_valid_agg_mae', 5.126), ('in_house_lnp_DC24_luc_valid_agg_mse', 35.165), ('in_house_lnp_DC24_luc_valid_contrastive_L', 0.261), ('in_house_lnp_DC24_luc_valid_agg_rmse', 5.93), ('bsz', 312.0), ('num_updates', 15711)])
2026-04-17 00:20:45 | INFO | unicore_cli.train | averaging ['in_house_lnp_B16F10_luc_valid_spearmanr_coeff', 'in_house_lnp_DC24_luc_valid_spearmanr_coeff'] for valid_spearmanr_coeff
2026-04-17 00:20:45 | INFO | unimol.core.checkpoint_utils | Preparing to save checkpoint for epoch 115 @ 15711 updates
2026-04-17 00:20:45 | INFO | unimol.core.trainer | Saving checkpoint to ./tmp_save_demo/save_InfoMax_Run/checkpoint115.pt
2026-04-17 00:20:45 | INFO | unimol.core.trainer | Finished saving checkpoint to ./tmp_save_demo/save_InfoMax_Run/checkpoint115.pt
2026-04-17 00:20:45 | INFO | unimol.core.checkpoint_utils | Saved checkpoint ./tmp_save_demo/save_InfoMax_Run/checkpoint115.pt (epoch 115 @ 15711 updates, score 0.911) (writing took 0.849194499081932 seconds)
2026-04-17 00:20:45 | INFO | unicore_cli.train | end of epoch 115 (average epoch stats below)
2026-04-17 00:20:45 | INFO | unimol.core.checkpoint_utils | copy ./tmp_save_demo/save_InfoMax_Run/checkpoint115.pt to ./save_demo/save_InfoMax_Run/checkpoint115.pt
2026-04-17 00:20:45 | INFO | train | epoch 115 | loss 0.043 | loss_in_house_lnp_B16F10_luc 0.024 | loss_in_house_lnp_DC24_luc 0.014 | ups 7.06 | bsz 15.9 | num_updates 15711 | lr 4.58256e-05 | gnorm 15.146 | clip 99.3 | loss_scale 32 | train_wall 15.5 | epoch_itr_sz 137 | gb_free 76 | wall 2250
2026-04-17 00:20:45 | INFO | unimol.core.tasks.unicore_task | get EpochBatchIterator for epoch 116
2026-04-17 00:20:45 | INFO | unimol.core.trainer | begin training epoch 116
2026-04-17 00:20:45 | INFO | unicore_cli.train | Start iterating over samples
2026-04-17 00:20:47 | INFO | unimol.core.checkpoint_utils | copy ./tmp_save_demo/save_InfoMax_Run/checkpoint115.pt to ./save_demo/save_InfoMax_Run/checkpoint_last.pt
2026-04-17 00:20:48 | INFO | unimol.core.checkpoint_utils | removing temp file ./tmp_save_demo/save_InfoMax_Run/checkpoint115.pt ...
2026-04-17 00:20:48 | INFO | unimol.core.checkpoint_utils | removed ./save_demo/save_InfoMax_Run/checkpoint105.pt
2026-04-17 00:20:48 | INFO | unimol.core.checkpoint_utils | finished async ckp saving.
2026-04-17 00:20:57 | INFO | train_inner | epoch 116:     89 / 137 loss=0.043, loss_in_house_lnp_B16F10_luc=0.024, loss_in_house_lnp_DC24_luc=0.014, ups=6.61, bsz=15.9, num_updates=15800, lr=4.54826e-05, gnorm=15.366, clip=99, loss_scale=64, train_wall=11.39, gb_free=76, wall=2262
2026-04-17 00:21:02 | INFO | unicore_cli.train | begin validation on "valid" subset
2026-04-17 00:21:02 | INFO | unimol.core.tasks.unicore_task | get EpochBatchIterator for epoch 1
reduce_metrics, task_name:  in_house_lnp_B16F10_luc
reduce_metrics, task_name:  in_house_lnp_DC24_luc
get_valid_stats stats:  OrderedDict([('loss', 0.062), ('loss_in_house_lnp_B16F10_luc', 0.035), ('loss_in_house_lnp_DC24_luc', 0.027), ('in_house_lnp_B16F10_luc_valid_spearmanr_coeff', 0.868), ('in_house_lnp_B16F10_luc_valid_spearmanr_p_val', 0.0), ('in_house_lnp_B16F10_luc_valid_pearsonr_coeff', 0.84), ('in_house_lnp_B16F10_luc_valid_pearsonr_p_val', 0.0), ('in_house_lnp_B16F10_luc_valid_mae', 3.12), ('in_house_lnp_B16F10_luc_valid_mse', 14.275), ('in_house_lnp_B16F10_luc_valid_agg_mae', 3.12), ('in_house_lnp_B16F10_luc_valid_agg_mse', 14.275), ('in_house_lnp_B16F10_luc_valid_contrastive_L', 0.401), ('in_house_lnp_B16F10_luc_valid_agg_rmse', 3.7782), ('in_house_lnp_DC24_luc_valid_spearmanr_coeff', 0.944), ('in_house_lnp_DC24_luc_valid_spearmanr_p_val', 0.0), ('in_house_lnp_DC24_luc_valid_pearsonr_coeff', 0.94), ('in_house_lnp_DC24_luc_valid_pearsonr_p_val', 0.0), ('in_house_lnp_DC24_luc_valid_mae', 5.627), ('in_house_lnp_DC24_luc_valid_mse', 41.143), ('in_house_lnp_DC24_luc_valid_agg_mae', 5.627), ('in_house_lnp_DC24_luc_valid_agg_mse', 41.143), ('in_house_lnp_DC24_luc_valid_contrastive_L', 0.27), ('in_house_lnp_DC24_luc_valid_agg_rmse', 6.4143), ('bsz', 312.0), ('num_updates', 15848)])
2026-04-17 00:21:04 | INFO | valid | epoch 116 | valid on 'valid' subset | loss 0.062 | loss_in_house_lnp_B16F10_luc 0.035 | loss_in_house_lnp_DC24_luc 0.027 | in_house_lnp_B16F10_luc_valid_spearmanr_coeff 0.868 | in_house_lnp_B16F10_luc_valid_spearmanr_p_val 0 | in_house_lnp_B16F10_luc_valid_pearsonr_coeff 0.84 | in_house_lnp_B16F10_luc_valid_pearsonr_p_val 0 | in_house_lnp_B16F10_luc_valid_mae 3.12 | in_house_lnp_B16F10_luc_valid_mse 14.275 | in_house_lnp_B16F10_luc_valid_agg_mae 3.12 | in_house_lnp_B16F10_luc_valid_agg_mse 14.275 | in_house_lnp_B16F10_luc_valid_contrastive_L 0.401 | in_house_lnp_B16F10_luc_valid_agg_rmse 3.7782 | in_house_lnp_DC24_luc_valid_spearmanr_coeff 0.944 | in_house_lnp_DC24_luc_valid_spearmanr_p_val 0 | in_house_lnp_DC24_luc_valid_pearsonr_coeff 0.94 | in_house_lnp_DC24_luc_valid_pearsonr_p_val 0 | in_house_lnp_DC24_luc_valid_mae 5.627 | in_house_lnp_DC24_luc_valid_mse 41.143 | in_house_lnp_DC24_luc_valid_agg_mae 5.627 | in_house_lnp_DC24_luc_valid_agg_mse 41.143 | in_house_lnp_DC24_luc_valid_contrastive_L 0.27 | in_house_lnp_DC24_luc_valid_agg_rmse 6.4143 | bsz 312 | num_updates 15848
validate stats:  OrderedDict([('loss', 0.062), ('loss_in_house_lnp_B16F10_luc', 0.035), ('loss_in_house_lnp_DC24_luc', 0.027), ('in_house_lnp_B16F10_luc_valid_spearmanr_coeff', 0.868), ('in_house_lnp_B16F10_luc_valid_spearmanr_p_val', 0.0), ('in_house_lnp_B16F10_luc_valid_pearsonr_coeff', 0.84), ('in_house_lnp_B16F10_luc_valid_pearsonr_p_val', 0.0), ('in_house_lnp_B16F10_luc_valid_mae', 3.12), ('in_house_lnp_B16F10_luc_valid_mse', 14.275), ('in_house_lnp_B16F10_luc_valid_agg_mae', 3.12), ('in_house_lnp_B16F10_luc_valid_agg_mse', 14.275), ('in_house_lnp_B16F10_luc_valid_contrastive_L', 0.401), ('in_house_lnp_B16F10_luc_valid_agg_rmse', 3.7782), ('in_house_lnp_DC24_luc_valid_spearmanr_coeff', 0.944), ('in_house_lnp_DC24_luc_valid_spearmanr_p_val', 0.0), ('in_house_lnp_DC24_luc_valid_pearsonr_coeff', 0.94), ('in_house_lnp_DC24_luc_valid_pearsonr_p_val', 0.0), ('in_house_lnp_DC24_luc_valid_mae', 5.627), ('in_house_lnp_DC24_luc_valid_mse', 41.143), ('in_house_lnp_DC24_luc_valid_agg_mae', 5.627), ('in_house_lnp_DC24_luc_valid_agg_mse', 41.143), ('in_house_lnp_DC24_luc_valid_contrastive_L', 0.27), ('in_house_lnp_DC24_luc_valid_agg_rmse', 6.4143), ('bsz', 312.0), ('num_updates', 15848)])
2026-04-17 00:21:04 | INFO | unicore_cli.train | averaging ['in_house_lnp_B16F10_luc_valid_spearmanr_coeff', 'in_house_lnp_DC24_luc_valid_spearmanr_coeff'] for valid_spearmanr_coeff
2026-04-17 00:21:04 | INFO | unimol.core.checkpoint_utils | Preparing to save checkpoint for epoch 116 @ 15848 updates
2026-04-17 00:21:04 | INFO | unimol.core.trainer | Saving checkpoint to ./tmp_save_demo/save_InfoMax_Run/checkpoint116.pt
2026-04-17 00:21:05 | INFO | unimol.core.trainer | Finished saving checkpoint to ./tmp_save_demo/save_InfoMax_Run/checkpoint116.pt
2026-04-17 00:21:05 | INFO | unimol.core.checkpoint_utils | Saved checkpoint ./tmp_save_demo/save_InfoMax_Run/checkpoint116.pt (epoch 116 @ 15848 updates, score 0.9059999999999999) (writing took 0.880383264971897 seconds)
2026-04-17 00:21:05 | INFO | unicore_cli.train | end of epoch 116 (average epoch stats below)
2026-04-17 00:21:05 | INFO | unimol.core.checkpoint_utils | copy ./tmp_save_demo/save_InfoMax_Run/checkpoint116.pt to ./save_demo/save_InfoMax_Run/checkpoint116.pt
2026-04-17 00:21:05 | INFO | train | epoch 116 | loss 0.043 | loss_in_house_lnp_B16F10_luc 0.023 | loss_in_house_lnp_DC24_luc 0.014 | ups 7.13 | bsz 15.9 | num_updates 15848 | lr 4.52976e-05 | gnorm 14.077 | clip 99.3 | loss_scale 64 | train_wall 15.35 | epoch_itr_sz 137 | gb_free 76 | wall 2270
2026-04-17 00:21:05 | INFO | unimol.core.tasks.unicore_task | get EpochBatchIterator for epoch 117
2026-04-17 00:21:05 | INFO | unimol.core.trainer | begin training epoch 117
2026-04-17 00:21:05 | INFO | unicore_cli.train | Start iterating over samples
2026-04-17 00:21:06 | INFO | unimol.core.checkpoint_utils | copy ./tmp_save_demo/save_InfoMax_Run/checkpoint116.pt to ./save_demo/save_InfoMax_Run/checkpoint_last.pt
2026-04-17 00:21:07 | INFO | unimol.core.checkpoint_utils | removing temp file ./tmp_save_demo/save_InfoMax_Run/checkpoint116.pt ...
2026-04-17 00:21:07 | INFO | unimol.core.checkpoint_utils | removed ./save_demo/save_InfoMax_Run/checkpoint106.pt
2026-04-17 00:21:07 | INFO | unimol.core.checkpoint_utils | finished async ckp saving.
2026-04-17 00:21:08 | INFO | unimol.core.trainer | NOTE: gradient overflow detected, ignoring gradient, setting loss scale to: 32.0
2026-04-17 00:21:12 | INFO | train_inner | epoch 117:     53 / 137 loss=0.041, loss_in_house_lnp_B16F10_luc=0.023, loss_in_house_lnp_DC24_luc=0.014, ups=6.68, bsz=16, num_updates=15900, lr=4.50971e-05, gnorm=12.523, clip=100, loss_scale=32, train_wall=11.32, gb_free=76, wall=2277
2026-04-17 00:21:21 | INFO | unicore_cli.train | begin validation on "valid" subset
2026-04-17 00:21:21 | INFO | unimol.core.tasks.unicore_task | get EpochBatchIterator for epoch 1
reduce_metrics, task_name:  in_house_lnp_B16F10_luc
reduce_metrics, task_name:  in_house_lnp_DC24_luc
get_valid_stats stats:  OrderedDict([('loss', 0.058), ('loss_in_house_lnp_B16F10_luc', 0.033), ('loss_in_house_lnp_DC24_luc', 0.025), ('in_house_lnp_B16F10_luc_valid_spearmanr_coeff', 0.876), ('in_house_lnp_B16F10_luc_valid_spearmanr_p_val', 0.0), ('in_house_lnp_B16F10_luc_valid_pearsonr_coeff', 0.845), ('in_house_lnp_B16F10_luc_valid_pearsonr_p_val', 0.0), ('in_house_lnp_B16F10_luc_valid_mae', 2.988), ('in_house_lnp_B16F10_luc_valid_mse', 12.814), ('in_house_lnp_B16F10_luc_valid_agg_mae', 2.988), ('in_house_lnp_B16F10_luc_valid_agg_mse', 12.814), ('in_house_lnp_B16F10_luc_valid_contrastive_L', 0.378), ('in_house_lnp_B16F10_luc_valid_agg_rmse', 3.5796), ('in_house_lnp_DC24_luc_valid_spearmanr_coeff', 0.948), ('in_house_lnp_DC24_luc_valid_spearmanr_p_val', 0.0), ('in_house_lnp_DC24_luc_valid_pearsonr_coeff', 0.937), ('in_house_lnp_DC24_luc_valid_pearsonr_p_val', 0.0), ('in_house_lnp_DC24_luc_valid_mae', 5.141), ('in_house_lnp_DC24_luc_valid_mse', 35.681), ('in_house_lnp_DC24_luc_valid_agg_mae', 5.141), ('in_house_lnp_DC24_luc_valid_agg_mse', 35.681), ('in_house_lnp_DC24_luc_valid_contrastive_L', 0.252), ('in_house_lnp_DC24_luc_valid_agg_rmse', 5.9734), ('bsz', 312.0), ('num_updates', 15984)])
2026-04-17 00:21:23 | INFO | valid | epoch 117 | valid on 'valid' subset | loss 0.058 | loss_in_house_lnp_B16F10_luc 0.033 | loss_in_house_lnp_DC24_luc 0.025 | in_house_lnp_B16F10_luc_valid_spearmanr_coeff 0.876 | in_house_lnp_B16F10_luc_valid_spearmanr_p_val 0 | in_house_lnp_B16F10_luc_valid_pearsonr_coeff 0.845 | in_house_lnp_B16F10_luc_valid_pearsonr_p_val 0 | in_house_lnp_B16F10_luc_valid_mae 2.988 | in_house_lnp_B16F10_luc_valid_mse 12.814 | in_house_lnp_B16F10_luc_valid_agg_mae 2.988 | in_house_lnp_B16F10_luc_valid_agg_mse 12.814 | in_house_lnp_B16F10_luc_valid_contrastive_L 0.378 | in_house_lnp_B16F10_luc_valid_agg_rmse 3.5796 | in_house_lnp_DC24_luc_valid_spearmanr_coeff 0.948 | in_house_lnp_DC24_luc_valid_spearmanr_p_val 0 | in_house_lnp_DC24_luc_valid_pearsonr_coeff 0.937 | in_house_lnp_DC24_luc_valid_pearsonr_p_val 0 | in_house_lnp_DC24_luc_valid_mae 5.141 | in_house_lnp_DC24_luc_valid_mse 35.681 | in_house_lnp_DC24_luc_valid_agg_mae 5.141 | in_house_lnp_DC24_luc_valid_agg_mse 35.681 | in_house_lnp_DC24_luc_valid_contrastive_L 0.252 | in_house_lnp_DC24_luc_valid_agg_rmse 5.9734 | bsz 312 | num_updates 15984
validate stats:  OrderedDict([('loss', 0.058), ('loss_in_house_lnp_B16F10_luc', 0.033), ('loss_in_house_lnp_DC24_luc', 0.025), ('in_house_lnp_B16F10_luc_valid_spearmanr_coeff', 0.876), ('in_house_lnp_B16F10_luc_valid_spearmanr_p_val', 0.0), ('in_house_lnp_B16F10_luc_valid_pearsonr_coeff', 0.845), ('in_house_lnp_B16F10_luc_valid_pearsonr_p_val', 0.0), ('in_house_lnp_B16F10_luc_valid_mae', 2.988), ('in_house_lnp_B16F10_luc_valid_mse', 12.814), ('in_house_lnp_B16F10_luc_valid_agg_mae', 2.988), ('in_house_lnp_B16F10_luc_valid_agg_mse', 12.814), ('in_house_lnp_B16F10_luc_valid_contrastive_L', 0.378), ('in_house_lnp_B16F10_luc_valid_agg_rmse', 3.5796), ('in_house_lnp_DC24_luc_valid_spearmanr_coeff', 0.948), ('in_house_lnp_DC24_luc_valid_spearmanr_p_val', 0.0), ('in_house_lnp_DC24_luc_valid_pearsonr_coeff', 0.937), ('in_house_lnp_DC24_luc_valid_pearsonr_p_val', 0.0), ('in_house_lnp_DC24_luc_valid_mae', 5.141), ('in_house_lnp_DC24_luc_valid_mse', 35.681), ('in_house_lnp_DC24_luc_valid_agg_mae', 5.141), ('in_house_lnp_DC24_luc_valid_agg_mse', 35.681), ('in_house_lnp_DC24_luc_valid_contrastive_L', 0.252), ('in_house_lnp_DC24_luc_valid_agg_rmse', 5.9734), ('bsz', 312.0), ('num_updates', 15984)])
2026-04-17 00:21:23 | INFO | unicore_cli.train | averaging ['in_house_lnp_B16F10_luc_valid_spearmanr_coeff', 'in_house_lnp_DC24_luc_valid_spearmanr_coeff'] for valid_spearmanr_coeff
2026-04-17 00:21:23 | INFO | unicore_cli.train | early stop since valid performance hasn't improved for last 20 runs
2026-04-17 00:21:23 | INFO | unimol.core.checkpoint_utils | Preparing to save checkpoint for epoch 117 @ 15984 updates
2026-04-17 00:21:23 | INFO | unimol.core.trainer | Saving checkpoint to ./tmp_save_demo/save_InfoMax_Run/checkpoint117.pt
2026-04-17 00:21:24 | INFO | unimol.core.trainer | Finished saving checkpoint to ./tmp_save_demo/save_InfoMax_Run/checkpoint117.pt
2026-04-17 00:21:24 | INFO | unimol.core.checkpoint_utils | Saved checkpoint ./tmp_save_demo/save_InfoMax_Run/checkpoint117.pt (epoch 117 @ 15984 updates, score 0.9119999999999999) (writing took 0.8705671950010583 seconds)
2026-04-17 00:21:24 | INFO | unicore_cli.train | end of epoch 117 (average epoch stats below)
2026-04-17 00:21:24 | INFO | unimol.core.checkpoint_utils | copy ./tmp_save_demo/save_InfoMax_Run/checkpoint117.pt to ./save_demo/save_InfoMax_Run/checkpoint117.pt
2026-04-17 00:21:24 | INFO | train | epoch 117 | loss 0.043 | loss_in_house_lnp_B16F10_luc 0.024 | loss_in_house_lnp_DC24_luc 0.014 | ups 7.06 | bsz 15.9 | num_updates 15984 | lr 4.47734e-05 | gnorm 13.001 | clip 100 | loss_scale 32 | train_wall 15.53 | epoch_itr_sz 137 | gb_free 76 | wall 2289
2026-04-17 00:21:25 | INFO | unimol.core.checkpoint_utils | copy ./tmp_save_demo/save_InfoMax_Run/checkpoint117.pt to ./save_demo/save_InfoMax_Run/checkpoint_last.pt
2026-04-17 00:21:25 | INFO | unimol.core.checkpoint_utils | removing temp file ./tmp_save_demo/save_InfoMax_Run/checkpoint117.pt ...
2026-04-17 00:21:25 | INFO | unimol.core.checkpoint_utils | removed ./save_demo/save_InfoMax_Run/checkpoint107.pt
2026-04-17 00:21:25 | INFO | unimol.core.checkpoint_utils | finished async ckp saving.
2026-04-17 00:21:25 | INFO | unicore_cli.train | done training in 2286.7 seconds
after cli_main
fused_multi_tensor is not installed corrected
fused_rounding is not installed corrected
fused_layer_norm is not installed corrected
fused_softmax is not installed corrected
module_parent:  /weka/home/jmatthi2/deep_learning/COMET_matias
module_name:  unimol
2026-04-17 00:21:29 | WARNING | unimol.core.utils | Failed to import --user-dir=/weka/home/jmatthi2/deep_learning/COMET_matias/unimol because the corresponding module name (unimol) already exists. Please rename the directory to something unique and try again.
2026-04-17 00:21:29 | INFO | unimol.inference | loading model(s) from ./save_demo/save_InfoMax_Run/checkpoint_best.pt
setup_task in __init__.py, args:  Namespace(no_progress_bar=False, log_interval=50, log_format='simple', tensorboard_logdir='', seed=1, cpu=False, fp16=True, bf16=False, bf16_sr=False, allreduce_fp32_grad=False, fp16_no_flatten_grads=False, fp16_init_scale=4, fp16_scale_window=256, fp16_scale_tolerance=0.0, min_loss_scale=0.0001, threshold_loss_scale=None, user_dir='../unimol', empty_cache_freq=0, all_gather_list_size=16384, suppress_crashes=False, profile=False, ema_decay=-1.0, loss='np_finetune_contrastive', optimizer='adam', lr_scheduler='fixed', task='mol_np_finetune', num_workers=8, skip_invalid_size_inputs_valid_test=False, batch_size=32, required_batch_size_multiple=8, data_buffer_size=10, train_subset='train', valid_subset='test', validate_interval=1, validate_interval_updates=0, validate_after_updates=0, fixed_validation_seed=None, disable_validation=False, batch_size_valid=32, max_valid_steps=None, curriculum=0, train_data_ratio=1.0, distributed_world_size=1, distributed_rank=0, distributed_backend='nccl', distributed_init_method=None, distributed_port=-1, device_id=0, distributed_no_spawn=False, ddp_backend='c10d', bucket_cap_mb=25, fix_batches_to_gpus=False, find_unused_parameters=False, fast_stat_sync=False, broadcast_buffers=False, nprocs_per_node=1, path='./save_demo/save_InfoMax_Run/checkpoint_best.pt', quiet=False, model_overrides='{}', results_path='./infer_results/infer_InfoMax_Run', arch='np_unimol', aux_model='none', aux_embed_path=None, load_full_np_model=True, gnn_embed_dim=300, cls_emb_config='multi', cls_head_config='multi', mode='train', full_dataset_task_schema_path='task_schemas/in_house_lnp_master_schema_NPratio_AOvolratio.json', component_types_schema_path='pbae_component_type_schema.json', tasks_schema_path='pbae_task_schema.json', np_prop_schema_path=None, freeze_molecule_encoder=False, epoch_to_freeze_molecule_encoder=None, multitask_reg=False, cagrad_c=0.5, contrast_margin_coeff=0.0, percent_noise=0.01, percent_noise_type='normal_proportionate', noise_augment_percent=False, data='./', task_name='processed_data_dirs/demo_in_house_lnp_data_overall_new_full_without_pbae_NPratios_updated_09222023_npratios_09252023gen_fig3dii/fold_V0', classification_head_name='processed_data_dirs/demo_in_house_lnp_data_overall_new_full_without_pbae_NPratios_updated_09222023_npratios_09252023gen_fig3dii/fold_V0', num_classes=1, reg=False, no_shuffle=False, conf_size=11, remove_hydrogen=False, remove_polar_hydrogen=False, max_atoms=256, dict_name='dict.txt', only_polar=0, gnn_embed_path='../lance_lipid_gin_embeddings.npy', explanation_save_path='explanations/explanations.pt', input_explanation_schema='input_explanation_schema.json', explanation_save_interval=-1, concat_datasets=True, epoch_to_stop=None, output_cls_rep=False, include_excipients=False, adam_betas='(0.9, 0.999)', adam_eps=1e-08, weight_decay=0.0, force_anneal=None, lr_shrink=0.1, warmup_updates=0, lnp_encoder_layers=8, lnp_encoder_embed_dim=256, lnp_encoder_ffn_embed_dim=256, lnp_encoder_attention_heads=8, no_seed_provided=False, encoder_layers=15, encoder_embed_dim=512, encoder_ffn_embed_dim=2048, encoder_attention_heads=64, dropout=0.1, emb_dropout=0.1, attention_dropout=0.1, activation_dropout=0.0, pooler_dropout=0.0, loss_sample_dropout=0.0, max_seq_len=512, activation_fn='gelu', pooler_activation_fn='tanh', post_ln=False, masked_token_loss=-1.0, masked_coord_loss=-1.0, masked_dist_loss=-1.0, x_norm_loss=-1.0, delta_pair_repr_norm_loss=-1.0, percent_embed_dim=128, component_types_embed_dim=128, distributed_num_procs=1)
2026-04-17 00:21:30 | INFO | unimol.tasks.unimol_np_finetune | json dictionaries: 1 types
unimol_np_finetune __init__
unicore models>__init__.py's build_model ARCH_MODEL_REGISTRY:  {'np_unimol': <class 'unimol.models.unimol.NPUniMolModel'>, 'unimol': <class 'unimol.models.unimol.UniMolModel'>, 'unimol_base': <class 'unimol.models.unimol.UniMolModel'>, 'mol_confG': <class 'unimol.models.conf_gen.UnimolConfGModel'>, 'docking_pose': <class 'unimol.models.docking_pose.DockingPoseModel'>}
⚪ Running Baseline COMET (No Aux Embeddings)
full_labels_dict:  {'in_house_lnp_B16F10_luc': 1.0, 'in_house_lnp_DC24_luc': 1.0}
unimol.py self.np_prop_schema with full_dataset_task_schema_path:  {'NP_ratio': {'type': 'continuous'}, 'volumetric_ratio': {'type': 'categorical', 'dictionary': ['[PAD]', '1:1', '3:1', 'Others']}}
before embedding init, prop:  volumetric_ratio  self.np_prop_schema:  {'NP_ratio': {'type': 'continuous'}, 'volumetric_ratio': {'type': 'categorical', 'dictionary': ['[PAD]', '1:1', '3:1', 'Others']}}
2026-04-17 00:21:31 | INFO | unimol.inference | Namespace(no_progress_bar=False, log_interval=50, log_format='simple', tensorboard_logdir='', seed=1, cpu=False, fp16=True, bf16=False, bf16_sr=False, allreduce_fp32_grad=False, fp16_no_flatten_grads=False, fp16_init_scale=4, fp16_scale_window=256, fp16_scale_tolerance=0.0, min_loss_scale=0.0001, threshold_loss_scale=None, user_dir='../unimol', empty_cache_freq=0, all_gather_list_size=16384, suppress_crashes=False, profile=False, ema_decay=-1.0, loss='np_finetune_contrastive', optimizer='adam', lr_scheduler='fixed', task='mol_np_finetune', num_workers=8, skip_invalid_size_inputs_valid_test=False, batch_size=32, required_batch_size_multiple=8, data_buffer_size=10, train_subset='train', valid_subset='test', validate_interval=1, validate_interval_updates=0, validate_after_updates=0, fixed_validation_seed=None, disable_validation=False, batch_size_valid=32, max_valid_steps=None, curriculum=0, train_data_ratio=1.0, distributed_world_size=1, distributed_rank=0, distributed_backend='nccl', distributed_init_method=None, distributed_port=-1, device_id=0, distributed_no_spawn=False, ddp_backend='c10d', bucket_cap_mb=25, fix_batches_to_gpus=False, find_unused_parameters=False, fast_stat_sync=False, broadcast_buffers=False, nprocs_per_node=1, path='./save_demo/save_InfoMax_Run/checkpoint_best.pt', quiet=False, model_overrides='{}', results_path='./infer_results/infer_InfoMax_Run', arch='np_unimol', aux_model='none', aux_embed_path=None, load_full_np_model=True, gnn_embed_dim=300, cls_emb_config='multi', cls_head_config='multi', mode='train', full_dataset_task_schema_path='task_schemas/in_house_lnp_master_schema_NPratio_AOvolratio.json', component_types_schema_path='pbae_component_type_schema.json', tasks_schema_path='pbae_task_schema.json', np_prop_schema_path=None, freeze_molecule_encoder=False, epoch_to_freeze_molecule_encoder=None, multitask_reg=False, cagrad_c=0.5, contrast_margin_coeff=0.0, percent_noise=0.01, percent_noise_type='normal_proportionate', noise_augment_percent=False, data='./', task_name='processed_data_dirs/demo_in_house_lnp_data_overall_new_full_without_pbae_NPratios_updated_09222023_npratios_09252023gen_fig3dii/fold_V0', classification_head_name='processed_data_dirs/demo_in_house_lnp_data_overall_new_full_without_pbae_NPratios_updated_09222023_npratios_09252023gen_fig3dii/fold_V0', num_classes=1, reg=False, no_shuffle=False, conf_size=11, remove_hydrogen=True, remove_polar_hydrogen=False, max_atoms=256, dict_name='dict.txt', only_polar=0, gnn_embed_path='../lance_lipid_gin_embeddings.npy', explanation_save_path='explanations/explanations.pt', input_explanation_schema='input_explanation_schema.json', explanation_save_interval=-1, concat_datasets=True, epoch_to_stop=None, output_cls_rep=False, include_excipients=False, adam_betas='(0.9, 0.999)', adam_eps=1e-08, weight_decay=0.0, force_anneal=None, lr_shrink=0.1, warmup_updates=0, lnp_encoder_layers=8, lnp_encoder_embed_dim=256, lnp_encoder_ffn_embed_dim=256, lnp_encoder_attention_heads=8, no_seed_provided=False, encoder_layers=15, encoder_embed_dim=512, encoder_ffn_embed_dim=2048, encoder_attention_heads=64, dropout=0.1, emb_dropout=0.1, attention_dropout=0.1, activation_dropout=0.0, pooler_dropout=0.0, loss_sample_dropout=0.0, max_seq_len=512, activation_fn='gelu', pooler_activation_fn='tanh', post_ln=False, masked_token_loss=-1.0, masked_coord_loss=-1.0, masked_dist_loss=-1.0, x_norm_loss=-1.0, delta_pair_repr_norm_loss=-1.0, percent_embed_dim=128, component_types_embed_dim=128, distributed_num_procs=1)
loss:  NPFinetuneContrastiveLoss()
dropped_datasets:  None
subdataset_names_to_load:  ['in_house_lnp']
len(components_dataset):  623
len(nest_dataset):  623
dataset len:  623
2026-04-17 00:21:31 | INFO | unimol.core.tasks.unicore_task | get EpochBatchIterator for epoch 1
reduce_metrics, task_name:  in_house_lnp_B16F10_luc
reduce_metrics, task_name:  in_house_lnp_DC24_luc
reduced_metrics_dict keys:  dict_keys(['lnp_ids', 'loss_in_house_lnp_B16F10_luc', 'loss_in_house_lnp_DC24_luc', 'in_house_lnp_B16F10_luctest_predict', 'in_house_lnp_B16F10_luctest_target', 'in_house_lnp_B16F10_luctest_groups', 'in_house_lnp_B16F10_luc_test_spearmanr_coeff', 'in_house_lnp_B16F10_luc_test_spearmanr_p_val', 'in_house_lnp_B16F10_luc_test_pearsonr_coeff', 'in_house_lnp_B16F10_luc_test_pearsonr_p_val', 'in_house_lnp_B16F10_luc_test_top50pct_accuracy', 'in_house_lnp_B16F10_luc_test_mae', 'in_house_lnp_B16F10_luc_test_mse', 'in_house_lnp_B16F10_luc_test_agg_mae', 'in_house_lnp_B16F10_luc_test_agg_mse', 'in_house_lnp_B16F10_luc_test_agg_rmse', 'in_house_lnp_B16F10_luc_test_contrastive_L', 'in_house_lnp_DC24_luctest_predict', 'in_house_lnp_DC24_luctest_target', 'in_house_lnp_DC24_luctest_groups', 'in_house_lnp_DC24_luc_test_spearmanr_coeff', 'in_house_lnp_DC24_luc_test_spearmanr_p_val', 'in_house_lnp_DC24_luc_test_pearsonr_coeff', 'in_house_lnp_DC24_luc_test_pearsonr_p_val', 'in_house_lnp_DC24_luc_test_top50pct_accuracy', 'in_house_lnp_DC24_luc_test_mae', 'in_house_lnp_DC24_luc_test_mse', 'in_house_lnp_DC24_luc_test_agg_mae', 'in_house_lnp_DC24_luc_test_agg_mse', 'in_house_lnp_DC24_luc_test_agg_rmse', 'in_house_lnp_DC24_luc_test_contrastive_L'])
2026-04-17 00:21:33 | INFO | unimol.inference | Done inference! 
task_name:  processed_data_dirs/demo_in_house_lnp_data_overall_new_full_without_pbae_NPratios_updated_09222023_npratios_09252023gen_fig3dii/fold_V0
Running training script for:  ./logs/tmp/log_InfoMax_Run
